patient_id,class_name,label,selected_date,initial_mean_temp,initial_max_temp,initial_min_temp,initial_std_temp,initial_spatial_variance,final_mean_temp,final_max_temp,final_min_temp,final_std_temp,final_spatial_variance,frame_mean_00,frame_mean_01,frame_mean_02,frame_mean_03,frame_mean_04,frame_mean_05,frame_mean_06,frame_mean_07,frame_mean_08,frame_mean_09,frame_mean_10,frame_mean_11,frame_mean_12,frame_mean_13,frame_mean_14,frame_mean_15,frame_mean_16,frame_mean_17,frame_mean_18,frame_mean_19,frame_std_00,frame_std_01,frame_std_02,frame_std_03,frame_std_04,frame_std_05,frame_std_06,frame_std_07,frame_std_08,frame_std_09,frame_std_10,frame_std_11,frame_std_12,frame_std_13,frame_std_14,frame_std_15,frame_std_16,frame_std_17,frame_std_18,frame_std_19,mean_dynamic_frame_std,max_dynamic_frame_std,min_dynamic_frame_std,delta_00_01,delta_01_02,delta_02_03,delta_03_04,delta_04_05,delta_05_06,delta_06_07,delta_07_08,delta_08_09,delta_09_10,delta_10_11,delta_11_12,delta_12_13,delta_13_14,delta_14_15,delta_15_16,delta_16_17,delta_17_18,delta_18_19,recovery_delta,overall_recovery_slope,mean_frame_to_frame_change,max_frame_to_frame_change,min_frame_to_frame_change,std_frame_to_frame_change,mean_abs_frame_to_frame_change,early_recovery_slope,middle_recovery_slope,late_recovery_slope,recovery_auc,normalized_recovery_auc,mean_temporal_variance,max_temporal_variance,std_temporal_variance,std_dynamic_frame_std,dynamic_frame_std_delta,dynamic_frame_std_slope,local_recovery_r00,local_recovery_r01,local_recovery_r02,local_recovery_r03,local_recovery_r04,local_recovery_r05,local_recovery_r06,local_recovery_r07,local_recovery_r08,local_slope_r00,local_slope_r01,local_slope_r02,local_slope_r03,local_slope_r04,local_slope_r05,local_slope_r06,local_slope_r07,local_slope_r08,local_peak_rate_r00,local_peak_rate_r01,local_peak_rate_r02,local_peak_rate_r03,local_peak_rate_r04,local_peak_rate_r05,local_peak_rate_r06,local_peak_rate_r07,local_peak_rate_r08,local_recovery_mean,local_recovery_mean_abs,local_recovery_max,local_recovery_min,local_recovery_max_abs,local_recovery_std,local_recovery_range,local_recovery_concentration_ratio,local_recovery_top3_abs_share,local_slope_mean,local_slope_mean_abs,local_slope_max,local_slope_min,local_slope_max_abs,local_slope_std,local_slope_range,local_slope_concentration_ratio,local_slope_top3_abs_share,local_peak_rate_mean,local_peak_rate_mean_abs,local_peak_rate_max,local_peak_rate_min,local_peak_rate_max_abs,local_peak_rate_std,local_peak_rate_range,local_peak_rate_concentration_ratio,local_peak_rate_top3_abs_share
T0004,healthy,0,2012-10-17,26.0828857421875,33.0,20.040000915527344,3.1072824001312256,9.655203819274902,26.9676456451416,34.060001373291016,20.15999984741211,3.475720167160034,12.080631256103516,26.0828857421875,26.291364669799805,26.41893768310547,26.451398849487305,26.576316833496094,26.632295608520508,26.663480758666992,26.662134170532227,26.762229919433594,26.797348022460938,26.836952209472656,26.78680992126465,26.86617088317871,26.881893157958984,26.899044036865234,26.912229537963867,26.94088363647461,26.95164680480957,26.936174392700195,26.9676456451416,3.1072824001312256,3.1640713214874268,3.1998488903045654,3.2603673934936523,3.2783472537994385,3.3073859214782715,3.3073065280914307,3.352245330810547,3.353428840637207,3.3749783039093018,3.3844313621520996,3.4031929969787598,3.4434497356414795,3.4246535301208496,3.43186616897583,3.4199118614196777,3.445953607559204,3.4494259357452393,3.46810245513916,3.475720167160034,3.3525986671447754,3.475720167160034,3.1072824001312256,0.2084789276123047,0.12757301330566406,0.03246116638183594,0.12491798400878906,0.05597877502441406,0.031185150146484375,-0.001346588134765625,0.10009574890136719,0.03511810302734375,0.03960418701171875,-0.05014228820800781,0.0793609619140625,0.015722274780273438,0.01715087890625,0.013185501098632812,0.028654098510742188,0.010763168334960938,-0.015472412109375,0.03147125244140625,0.8847599029541016,0.03825889673448062,0.04656631126999855,0.2084789276123047,-0.05014228820800781,0.057956334203481674,0.053614865988492966,0.10383905683244829,0.03169541131882287,0.01216016496931011,507.7925720214844,12.217747688293457,0.5153220891952515,14.761072158813477,1.241917371749878,0.10297967493534088,0.3684377670288086,0.01687131788497572,1.375314712524414,1.4749317169189453,1.0528125762939453,0.6773300170898438,1.1898479461669922,0.5003299713134766,0.5510959625244141,0.8572044372558594,0.2877845764160156,0.052571812966712136,0.06780728074840928,0.049772988226178996,0.01737584996044138,0.05127606642873602,0.036809503942503555,0.010535115406925009,0.03556353346745681,0.02264300755092031,0.32712745666503906,0.2770576477050781,0.23622512817382812,0.6236362457275391,0.30504798889160156,0.4306774139404297,0.6504116058349609,0.21598243713378906,0.7170982360839844,0.8851835462782118,0.8851835462782118,1.4749317169189453,0.2877845764160156,1.4749317169189453,0.41375560272268613,1.1871471405029297,1.666243917951156,0.5071257553213211,0.03826168429980928,0.03826168429980928,0.06780728074840928,0.010535115406925009,0.06780728074840928,0.01883453915006866,0.05727216534148427,1.7721975461172212,0.4984828913494775,0.4203626844618056,0.4203626844618056,0.7170982360839844,0.21598243713378906,0.7170982360839844,0.1938445168122902,0.5011157989501953,1.7059036054616887,0.5263037414498732
T0005,healthy,0,2012-10-17,26.534683227539062,33.209999084472656,19.280000686645508,4.11670446395874,16.947254180908203,27.22062110900879,35.31999969482422,19.299999237060547,4.5246076583862305,20.472074508666992,26.534683227539062,26.751094818115234,26.847187042236328,26.86988067626953,26.929094314575195,26.883991241455078,26.906339645385742,27.035594940185547,27.058977127075195,27.1263427734375,27.115707397460938,27.13043785095215,27.07745361328125,27.071550369262695,27.11556625366211,27.100584030151367,27.180192947387695,27.14084243774414,27.12961769104004,27.22062110900879,4.11670446395874,4.241751670837402,4.288632869720459,4.3250532150268555,4.388992786407471,4.446457386016846,4.446385860443115,4.4293928146362305,4.462863922119141,4.479976654052734,4.497958183288574,4.505138874053955,4.519761085510254,4.531520366668701,4.513737678527832,4.513422012329102,4.503210544586182,4.523000717163086,4.49992561340332,4.5246076583862305,4.437924385070801,4.531520366668701,4.11670446395874,0.21641159057617188,0.09609222412109375,0.022693634033203125,0.05921363830566406,-0.04510307312011719,0.022348403930664062,0.1292552947998047,0.023382186889648438,0.06736564636230469,-0.0106353759765625,0.014730453491210938,-0.05298423767089844,-0.0059032440185546875,0.04401588439941406,-0.014982223510742188,0.07960891723632812,-0.03935050964355469,-0.011224746704101562,0.09100341796875,0.6859378814697266,0.025147876882910987,0.036101993173360825,0.21641159057617188,-0.05298423767089844,0.06540503352880478,0.055068667978048325,0.0658066340855183,0.018684705098470533,0.01637213570730971,513.3480834960938,9.189126014709473,0.6817654967308044,17.29166030883789,1.9943795204162598,0.10944883525371552,0.40790319442749023,0.015892867755172808,-0.40882110595703125,0.86083984375,1.5573711395263672,-0.37477874755859375,1.0152511596679688,1.3944473266601562,-0.5527191162109375,1.3515949249267578,1.319894790649414,-0.033174663916566746,0.030402326942385736,0.06359199151060593,-0.01453332112247845,0.039399013662695985,0.058037730625696816,-0.023496847224415467,0.05137624238666657,0.05425789911944099,0.6247978210449219,0.286163330078125,0.6509761810302734,0.348175048828125,0.3726387023925781,0.3948860168457031,0.1900634765625,0.4039478302001953,0.4336395263671875,0.6847866906060113,0.9817464616563585,1.5573711395263672,-0.5527191162109375,1.5573711395263672,0.8734483663451107,2.1100902557373047,1.5863272081832294,0.48704738095937966,0.025095596887114595,0.04091889294566141,0.06359199151060593,-0.033174663916566746,0.06359199151060593,0.038190505938041464,0.09676665542717268,1.5540981534879719,0.4776050154557239,0.4116986592610677,0.4116986592610677,0.6509761810302734,0.1900634765625,0.6509761810302734,0.14744970732354049,0.46091270446777344,1.5811957376463472,0.4613443150917603
T0006,healthy,0,2012-10-17,26.443422317504883,33.2599983215332,19.799999237060547,4.298341274261475,18.475736618041992,27.339677810668945,34.88999938964844,19.84000015258789,4.932168960571289,24.326290130615234,26.443422317504883,26.767690658569336,26.91526985168457,26.900266647338867,27.142047882080078,27.251792907714844,27.238576889038086,27.280179977416992,27.214706420898438,27.19377326965332,27.241653442382812,27.349658966064453,27.38587188720703,27.34187889099121,27.357412338256836,27.306995391845703,27.359880447387695,27.38502311706543,27.36138343811035,27.339677810668945,4.298341274261475,4.441609859466553,4.509548187255859,4.571162700653076,4.5875139236450195,4.629603862762451,4.6704792976379395,4.706896781921387,4.766942977905273,4.7798171043396,4.8046159744262695,4.815436840057373,4.833440780639648,4.861958980560303,4.856074333190918,4.875341892242432,4.877243995666504,4.90959358215332,4.912230014801025,4.932168960571289,4.732001304626465,4.932168960571289,4.298341274261475,0.3242683410644531,0.14757919311523438,-0.015003204345703125,0.24178123474121094,0.10974502563476562,-0.013216018676757812,0.04160308837890625,-0.06547355651855469,-0.020933151245117188,0.04788017272949219,0.10800552368164062,0.036212921142578125,-0.04399299621582031,0.015533447265625,-0.05041694641113281,0.05288505554199219,0.025142669677734375,-0.023639678955078125,-0.02170562744140625,0.8962554931640625,0.033543021696850854,0.04717134311795235,0.3242683410644531,-0.06547355651855469,0.09906304627656937,0.07394830882549286,0.147140611921036,0.020289421081542133,0.0028466905866357394,516.8856201171875,14.460588455200195,1.2306405305862427,29.193729400634766,3.3030636310577393,0.17140083014965057,0.6338276863098145,0.028098275607689824,0.47503089904785156,1.730245590209961,1.4913654327392578,-0.5267543792724609,1.2622432708740234,1.0298957824707031,-0.15848159790039062,1.910379409790039,0.8491878509521484,0.022037078742693308,0.05805950595023872,0.04336448755479324,-0.005289129386271137,0.05139130900676879,0.026549426774332828,0.010806749100075346,0.08225209802613181,0.012799202768425997,0.5823879241943359,0.7126312255859375,0.5622768402099609,0.9325084686279297,0.371490478515625,0.5960102081298828,0.7463645935058594,0.46973609924316406,0.44936561584472656,0.8959013621012369,1.048176023695204,1.910379409790039,-0.5267543792724609,1.910379409790039,0.8326930138153444,2.4371337890625,1.822574976318866,0.5440127857328333,0.03355230317079877,0.0347276652566368,0.08225209802613181,-0.005289129386271137,0.08225209802613181,0.027443421478242705,0.08754122741240294,2.368488458219288,0.613353153051919,0.6025301615397135,0.6025301615397135,0.9325084686279297,0.371490478515625,0.9325084686279297,0.17256802891859876,0.5610179901123047,1.5476543958703102,0.4410114465746929
T0007,healthy,0,2012-10-24,27.375041961669922,34.33000183105469,20.520000457763672,3.99216628074646,15.93739128112793,27.55165672302246,34.47999954223633,20.350000381469727,4.084621906280518,16.68413543701172,27.375041961669922,27.54200553894043,27.56511116027832,27.649505615234375,27.654890060424805,27.63430404663086,27.628297805786133,27.65314483642578,27.697444915771484,27.659318923950195,27.700729370117188,27.527305603027344,27.485139846801758,27.568431854248047,27.527103424072266,27.527132034301758,27.567354202270508,27.54947280883789,27.502025604248047,27.55165672302246,3.99216628074646,4.008307933807373,4.032948017120361,4.0370917320251465,4.0506744384765625,4.064896106719971,4.067044734954834,4.069921016693115,4.074947357177734,4.078525543212891,4.077563762664795,4.098628520965576,4.096340656280518,4.097599506378174,4.095757484436035,4.086913108825684,4.086577415466309,4.087865829467773,4.099699974060059,4.084621906280518,4.069404602050781,4.099699974060059,3.99216628074646,0.1669635772705078,0.023105621337890625,0.08439445495605469,0.0053844451904296875,-0.020586013793945312,-0.0060062408447265625,0.024847030639648438,0.044300079345703125,-0.03812599182128906,0.04141044616699219,-0.17342376708984375,-0.04216575622558594,0.08329200744628906,-0.04132843017578125,2.86102294921875e-05,0.04022216796875,-0.017881393432617188,-0.04744720458984375,0.04963111877441406,0.17661476135253906,-0.002048691771084804,0.009295513853430748,0.1669635772705078,-0.17342376708984375,0.06777670234441757,0.05002865195274353,0.04912452697754071,-0.020572548820859772,0.0008447374616342393,524.10205078125,3.9762697219848633,1.0340075492858887,25.34405517578125,2.643106698989868,0.02982439659535885,0.09245562553405762,0.0044134163318719,0.38356971740722656,0.5469226837158203,0.16573143005371094,0.22270774841308594,0.322540283203125,-0.24564170837402344,0.4587268829345703,0.43273162841796875,-0.6916160583496094,0.00507613017146728,0.014974845083135768,0.0021578222289112266,0.005874428713231314,0.006078913695829523,-0.03493170487253301,0.023983717323244877,0.010578402182213063,-0.05186232516640139,0.19001197814941406,0.24803733825683594,0.2631263732910156,0.5745220184326172,0.16309738159179688,0.52020263671875,0.6186084747314453,0.20993995666503906,0.4958667755126953,0.17729695638020834,0.3855764600965712,0.5469226837158203,-0.6916160583496094,0.6916160583496094,0.400124944895236,1.2385387420654297,1.793719565346889,0.4890990203441575,-0.0020077522934334835,0.017279809937440826,0.023983717323244877,-0.05186232516640139,0.05186232516640139,0.02471562720950183,0.07584604248964627,3.0013232402977397,0.7123132632187649,0.3648236592610677,0.3648236592610677,0.6186084747314453,0.16309738159179688,0.6186084747314453,0.18334326357543168,0.45551109313964844,1.6956368976399097,0.5218146969156238
T0008,healthy,0,2012-10-24,27.016754150390625,32.349998474121094,19.889999389648438,3.884427309036255,15.088775634765625,27.64423179626465,33.040000915527344,20.049999237060547,4.026625156402588,16.21371078491211,27.016754150390625,27.199541091918945,27.2803897857666,27.35545539855957,27.34815788269043,27.390625,27.362756729125977,27.394149780273438,27.403593063354492,27.418806076049805,27.588850021362305,27.626237869262695,27.574125289916992,27.6134090423584,27.613967895507812,27.638187408447266,27.568410873413086,27.600282669067383,27.63094711303711,27.64423179626465,3.884427309036255,3.9317381381988525,3.9528300762176514,3.972689151763916,3.996734142303467,4.007315158843994,4.021010875701904,4.014689922332764,4.033077716827393,4.038027286529541,4.007491111755371,4.024831771850586,4.05931282043457,4.053387641906738,4.0429911613464355,4.036779403686523,4.0590410232543945,4.04202127456665,4.030896186828613,4.026625156402588,4.011795997619629,4.05931282043457,3.884427309036255,0.1827869415283203,0.08084869384765625,0.07506561279296875,-0.007297515869140625,0.04246711730957031,-0.027868270874023438,0.03139305114746094,0.009443283081054688,0.0152130126953125,0.1700439453125,0.037387847900390625,-0.052112579345703125,0.03928375244140625,0.0005588531494140625,0.024219512939453125,-0.06977653503417969,0.031871795654296875,0.030664443969726562,0.013284683227539062,0.6274776458740234,0.026703477443608792,0.03302513808012009,0.1827869415283203,-0.06977653503417969,0.06111222133040428,0.04955723509192467,0.06829343523298013,0.04157645361764046,0.004613440377370086,521.9383544921875,8.620057106018066,0.3438126742839813,14.057275772094727,1.1067004203796387,0.04394511133432388,0.142197847366333,0.006018005994925768,0.734527587890625,0.7153034210205078,0.4298419952392578,0.5818614959716797,0.6763935089111328,0.4797954559326172,0.3208160400390625,1.02825927734375,0.6818485260009766,0.03746861909565111,0.03249984970666351,0.010958978466521514,0.02982902096626422,0.029951062596829524,0.0144916563105759,0.02187730602751916,0.04546300558219169,0.017964778986191966,0.3616313934326172,0.20381927490234375,0.341217041015625,0.3525829315185547,0.20106124877929688,0.2686576843261719,0.21533203125,0.3055400848388672,0.3551750183105469,0.6276274787055122,0.6276274787055122,1.02825927734375,0.3208160400390625,1.02825927734375,0.20680297944415274,0.7074432373046875,1.6383273451972997,0.43870508222469756,0.026722697526489845,0.026722697526489845,0.04546300558219169,0.010958978466521514,0.04546300558219169,0.011282692574302247,0.034504027115670174,1.7012873990079354,0.4799559935915099,0.28944630093044704,0.28944630093044704,0.3616313934326172,0.20106124877929688,0.3616313934326172,0.0684885044918321,0.1605701446533203,1.2493902315428576,0.4105115087050961
T0009,healthy,0,2012-10-24,26.494356155395508,33.06999969482422,19.899999618530273,3.4212706089019775,11.705093383789062,27.318971633911133,34.18000030517578,20.09000015258789,3.634214401245117,13.207514762878418,26.494356155395508,26.82558250427246,26.979368209838867,27.113384246826172,27.088104248046875,27.111156463623047,27.170026779174805,27.168792724609375,27.221302032470703,27.288902282714844,27.282024383544922,27.29852294921875,27.27228546142578,27.20448112487793,27.309099197387695,27.317922592163086,27.318401336669922,27.289302825927734,27.31930923461914,27.318971633911133,3.4212706089019775,3.4416046142578125,3.460566759109497,3.468280553817749,3.5098164081573486,3.524940013885498,3.5209755897521973,3.5434155464172363,3.54785418510437,3.541238307952881,3.5546724796295166,3.5598437786102295,3.584859609603882,3.6097710132598877,3.590402364730835,3.6059556007385254,3.602551221847534,3.6396780014038086,3.6349260807037354,3.634214401245117,3.549842119216919,3.6396780014038086,3.4212706089019775,0.3312263488769531,0.15378570556640625,0.1340160369873047,-0.025279998779296875,0.023052215576171875,0.05887031555175781,-0.0012340545654296875,0.052509307861328125,0.06760025024414062,-0.006877899169921875,0.016498565673828125,-0.02623748779296875,-0.06780433654785156,0.10461807250976562,0.008823394775390625,0.0004787445068359375,-0.0290985107421875,0.03000640869140625,-0.0003376007080078125,0.824615478515625,0.02757007914378226,0.04340081289410591,0.3312263488769531,-0.06780433654785156,0.08762136846780777,0.05991343408823013,0.11444522312709365,0.011707487560452957,0.0006978171212326384,516.484619140625,13.091865539550781,0.6101109385490417,15.270776748657227,1.5705159902572632,0.06363360583782196,0.21294379234313965,0.010743960760589758,0.8644313812255859,0.9795284271240234,0.8301906585693359,0.9831275939941406,0.9691753387451172,0.4649200439453125,0.6872901916503906,0.9941120147705078,0.6512832641601562,0.03516635034317298,0.0324267839130602,0.02080204325510934,0.05841552332827864,0.035365246650867155,-0.013273253476710042,0.04252676856248848,0.04119391907426608,-0.0041188634427870826,0.24907684326171875,0.3916358947753906,0.4107513427734375,0.4020881652832031,0.3236503601074219,0.5324840545654297,0.3251914978027344,0.2953319549560547,0.6176223754882812,0.8248954349093967,0.8248954349093967,0.9941120147705078,0.4649200439453125,0.9941120147705078,0.1866311607655958,0.5291919708251953,1.2051369914882937,0.3982683955075736,0.027611613134193972,0.03147652800519333,0.05841552332827864,-0.013273253476710042,0.05841552332827864,0.022969997386575507,0.07168877680498868,1.8558433369845384,0.501736143495809,0.394203609890408,0.394203609890408,0.6176223754882812,0.24907684326171875,0.6176223754882812,0.1172379142227031,0.3685455322265625,1.5667597767366663,0.43994686143189693
T0010,healthy,0,2012-10-24,28.114912033081055,34.060001373291016,20.09000015258789,4.111813545227051,16.90700912475586,28.172557830810547,34.34000015258789,20.1299991607666,4.165208339691162,17.348960876464844,28.114912033081055,28.258255004882812,28.235889434814453,28.283729553222656,28.26428985595703,28.251663208007812,28.36441993713379,28.246429443359375,28.30315399169922,28.28439712524414,28.225709915161133,28.24041748046875,28.153928756713867,28.172008514404297,28.156389236450195,28.186372756958008,28.228879928588867,28.2466983795166,28.134950637817383,28.172557830810547,4.111813545227051,4.0980401039123535,4.114516735076904,4.138723850250244,4.122193813323975,4.124655723571777,4.0872063636779785,4.138524055480957,4.1294264793396,4.093041896820068,4.1401166915893555,4.129034042358398,4.1532182693481445,4.137157440185547,4.127831935882568,4.147371768951416,4.137855052947998,4.128828525543213,4.122523784637451,4.165208339691162,4.127364158630371,4.165208339691162,4.0872063636779785,0.1433429718017578,-0.022365570068359375,0.047840118408203125,-0.019439697265625,-0.01262664794921875,0.11275672912597656,-0.11799049377441406,0.05672454833984375,-0.018756866455078125,-0.05868721008300781,0.014707565307617188,-0.08648872375488281,0.018079757690429688,-0.015619277954101562,0.0299835205078125,0.042507171630859375,0.017818450927734375,-0.11174774169921875,0.03760719299316406,0.05764579772949219,-0.004001991730884119,0.003033989341929555,0.1433429718017578,-0.11799049377441406,0.06591092050075531,0.05184685438871384,0.02142001560756183,-0.024479525429862828,-0.0015887124197837366,536.38134765625,2.1979894638061523,0.9506379961967468,20.85884666442871,2.8188693523406982,0.019036082550883293,0.05339479446411133,0.001811034338814766,-0.02721405029296875,0.20837783813476562,0.01506805419921875,-0.8557491302490234,0.31842613220214844,0.6172103881835938,-0.601593017578125,0.13315200805664062,0.7056999206542969,-0.028008846770552428,-0.0017165865216947527,0.03514481738097623,-0.08577771150976295,0.012651159530294815,0.04935675025882526,-0.05838547039749108,-0.001925320732863159,0.04199481189699025,0.5796470642089844,0.18619728088378906,0.3868236541748047,0.6152591705322266,0.15332412719726562,0.3469867706298828,0.3108234405517578,0.16356849670410156,0.3922309875488281,0.0570420159233941,0.38694339328342015,0.7056999206542969,-0.8557491302490234,0.8557491302490234,0.5132508259763991,1.5614490509033203,2.2115614919069246,0.6256038338332166,-0.004074044096141979,0.034995719444383434,0.04935675025882526,-0.08577771150976295,0.08577771150976295,0.046102210498682385,0.1351344617685882,2.451090829413463,0.6144241165436994,0.34831788804796004,0.34831788804796004,0.6152591705322266,0.15332412719726562,0.6152591705322266,0.16882960769552582,0.46193504333496094,1.7663725406597144,0.5062863141488355
T0012,healthy,0,2012-10-26,28.416297912597656,33.81999969482422,21.139999389648438,3.3277812004089355,11.074127197265625,29.088909149169922,35.13999938964844,21.729999542236328,3.6416425704956055,13.261560440063477,28.416297912597656,28.600204467773438,28.631074905395508,28.765439987182617,28.884605407714844,28.921934127807617,28.931032180786133,29.00038719177246,29.035560607910156,29.068466186523438,29.05394172668457,29.0573787689209,29.04961585998535,29.101037979125977,29.121891021728516,29.147525787353516,29.109941482543945,29.14520263671875,29.149322509765625,29.088909149169922,3.3277812004089355,3.413839101791382,3.452608346939087,3.481396198272705,3.4812750816345215,3.4895246028900146,3.5248584747314453,3.5345613956451416,3.5407814979553223,3.5489859580993652,3.5855801105499268,3.5876052379608154,3.590980291366577,3.580659866333008,3.5969550609588623,3.5956428050994873,3.604964256286621,3.608534812927246,3.6113717555999756,3.6416425704956055,3.5399773120880127,3.6416425704956055,3.3277812004089355,0.18390655517578125,0.030870437622070312,0.13436508178710938,0.11916542053222656,0.03732872009277344,0.009098052978515625,0.06935501098632812,0.03517341613769531,0.03290557861328125,-0.014524459838867188,0.003437042236328125,-0.007762908935546875,0.051422119140625,0.020853042602539062,0.025634765625,-0.03758430480957031,0.03526115417480469,0.004119873046875,-0.060413360595703125,0.6726112365722656,0.030439026911454867,0.03540059179067612,0.18390655517578125,-0.060413360595703125,0.05720064043998718,0.04806217551231384,0.10044997079031896,0.017703737531387768,-0.003550229753766326,550.5271606445312,10.61750602722168,0.28670355677604675,12.376975059509277,0.8853244781494141,0.07669426500797272,0.3138613700866699,0.012286760573996566,0.7526760101318359,0.7058010101318359,0.4157218933105469,0.6068077087402344,0.8699493408203125,0.29517173767089844,0.6131019592285156,1.4306583404541016,0.3680248260498047,0.03387177546221414,0.03319298880440835,0.021829118943751415,0.03068937000475369,0.03515380486509786,0.013581654541473967,0.03323666421990599,0.055852129943387556,0.016727187938259388,0.24294281005859375,0.20485496520996094,0.1848621368408203,0.13322067260742188,0.27059364318847656,0.284576416015625,0.11375808715820312,0.4361743927001953,0.24583816528320312,0.6731014251708984,0.6731014251708984,1.4306583404541016,0.29517173767089844,1.4306583404541016,0.34098837139530846,1.1354866027832031,2.1254721290125635,0.5040157846099201,0.030459410524805823,0.030459410524805823,0.055852129943387556,0.013581654541473967,0.055852129943387556,0.012458053413317058,0.04227047540191359,1.8336570092626083,0.45553411559754,0.2352023654513889,0.2352023654513889,0.4361743927001953,0.11375808715820312,0.4361743927001953,0.09543139655644635,0.3224163055419922,1.854464232612918,0.468317496778469
T0013,healthy,0,2012-10-26,27.48786735534668,34.209999084472656,20.860000610351562,3.7597808837890625,14.13595199584961,27.958324432373047,34.66999816894531,20.959999084472656,3.9747326374053955,15.79849910736084,27.48786735534668,27.7293758392334,27.85626983642578,27.879446029663086,27.839387893676758,27.915809631347656,27.885448455810547,27.930221557617188,27.910661697387695,27.918203353881836,27.905963897705078,27.935625076293945,27.92156982421875,27.994176864624023,27.96363639831543,27.93928337097168,27.965051651000977,27.978759765625,27.993202209472656,27.958324432373047,3.7597808837890625,3.8248417377471924,3.842442750930786,3.8930773735046387,3.930983304977417,3.928802013397217,3.9540340900421143,3.96266508102417,3.977750301361084,3.982607126235962,3.9800171852111816,3.985403060913086,3.9820942878723145,3.9719388484954834,3.974867105484009,3.972109079360962,3.974672317504883,3.995151996612549,3.971618890762329,3.9747326374053955,3.9419796466827393,3.995151996612549,3.7597808837890625,0.24150848388671875,0.1268939971923828,0.023176193237304688,-0.040058135986328125,0.07642173767089844,-0.030361175537109375,0.044773101806640625,-0.019559860229492188,0.007541656494140625,-0.012239456176757812,0.029661178588867188,-0.014055252075195312,0.07260704040527344,-0.03054046630859375,-0.02435302734375,0.025768280029296875,0.013708114624023438,0.01444244384765625,-0.034877777099609375,0.4704570770263672,0.014047922406877291,0.0247608982026577,0.24150848388671875,-0.040058135986328125,0.06666062772274017,0.04644986242055893,0.07122639247349255,0.009291558038619866,0.0042544228690019345,530.1851806640625,7.915709495544434,0.3204825818538666,14.119329452514648,1.029021978378296,0.061923544853925705,0.214951753616333,0.00830111647010744,0.3213825225830078,1.1629314422607422,0.26133155822753906,0.3295917510986328,0.6101589202880859,0.011949539184570312,0.23954391479492188,1.051849365234375,0.24956130981445312,0.009195317720111935,0.038178879874092735,0.004007059828678788,0.006916877918673042,0.020590757785882194,0.00042580339245230003,0.0009686735339626125,0.03624280198176045,0.010035711302792518,0.24251556396484375,0.4304466247558594,0.20533370971679688,0.19113922119140625,0.28384971618652344,0.43730926513671875,0.3527984619140625,0.42110443115234375,0.5171928405761719,0.47092225816514754,0.47092225816514754,1.1629314422607422,0.011949539184570312,1.1629314422607422,0.39293719805611005,1.1509819030761719,2.4694764314116364,0.6665265567575936,0.014062431482045177,0.014062431482045177,0.038178879874092735,0.00042580339245230003,0.038178879874092735,0.014429430828713832,0.03775307648164043,2.7149538664988757,0.7507191709568303,0.3424099816216363,0.3424099816216363,0.5171928405761719,0.19113922119140625,0.5171928405761719,0.11655849169373983,0.3260536193847656,1.510449032537786,0.4494121083917466
T0015,healthy,0,2012-10-26,27.38074493408203,33.560001373291016,19.760000228881836,3.861140012741089,14.908401489257812,27.907278060913086,34.720001220703125,20.549999237060547,3.951286792755127,15.61266803741455,27.38074493408203,27.594026565551758,27.723997116088867,27.820087432861328,27.841083526611328,27.832122802734375,27.842493057250977,27.845426559448242,27.895111083984375,27.818483352661133,27.848447799682617,27.862876892089844,27.887948989868164,27.82935905456543,27.821025848388672,27.976945877075195,27.981477737426758,27.916088104248047,27.923202514648438,27.907278060913086,3.861140012741089,3.9272513389587402,3.9004342555999756,3.8899550437927246,3.9204306602478027,3.9672584533691406,3.95913028717041,3.95300555229187,3.9595518112182617,3.994633913040161,4.002784252166748,3.9868812561035156,3.9734137058258057,3.9792752265930176,4.001614093780518,3.942167043685913,3.9564061164855957,3.957364082336426,3.9543046951293945,3.951286792755127,3.9519145488739014,4.002784252166748,3.861140012741089,0.21328163146972656,0.12997055053710938,0.09609031677246094,0.02099609375,-0.008960723876953125,0.010370254516601562,0.002933502197265625,0.04968452453613281,-0.07662773132324219,0.029964447021484375,0.014429092407226562,0.025072097778320312,-0.058589935302734375,-0.008333206176757812,0.15592002868652344,0.0045318603515625,-0.06538963317871094,0.007114410400390625,-0.015924453735351562,0.5265331268310547,0.01656248766676796,0.027712270617485046,0.21328163146972656,-0.07662773132324219,0.072601817548275,0.052325498312711716,0.08840430123465376,0.0006420952933164518,0.005846895490373092,528.9042358398438,8.670062065124512,0.6331452131271362,18.59330177307129,1.814713954925537,0.03615449368953705,0.09014678001403809,0.0035879715941005913,0.9871482849121094,0.5717258453369141,0.3843097686767578,0.6915569305419922,0.6593341827392578,0.1500701904296875,0.3658580780029297,0.94891357421875,-0.015150070190429688,0.020642723714498094,0.023761704810578873,0.016860247733898128,0.017439472227167383,0.019233224624977372,0.007249909594542367,0.008054211265162215,0.034328202555949955,0.0016063532434904975,0.7199554443359375,0.31130027770996094,0.46961021423339844,0.4690361022949219,0.3455696105957031,0.2755622863769531,0.470245361328125,0.4309120178222656,0.2757530212402344,0.527085198296441,0.5304518805609809,0.9871482849121094,-0.015150070190429688,0.9871482849121094,0.3388711341592129,1.002298355102539,1.860957237551077,0.5503942080037001,0.016575116641140544,0.016575116641140544,0.034328202555949955,0.0016063532434904975,0.034328202555949955,0.009841796566398345,0.03272184931245946,2.071067286493312,0.5277832864219453,0.4186604817708333,0.4186604817708333,0.7199554443359375,0.2755622863769531,0.7199554443359375,0.13986218996224584,0.4443931579589844,1.7196641634148446,0.44050836942085575
T0016,healthy,0,2012-10-31,27.043214797973633,33.20000076293945,20.459999084472656,3.5713911056518555,12.754834175109863,27.68001937866211,34.15999984741211,20.43000030517578,3.8885326385498047,15.120685577392578,27.043214797973633,27.313730239868164,27.374174118041992,27.478694915771484,27.533506393432617,27.493635177612305,27.54237937927246,27.553909301757812,27.61062240600586,27.641477584838867,27.571474075317383,27.6291446685791,27.6366024017334,27.674196243286133,27.711931228637695,27.637123107910156,27.650814056396484,27.746076583862305,27.710329055786133,27.68001937866211,3.5713911056518555,3.637378692626953,3.689514636993408,3.7264323234558105,3.7520697116851807,3.789107084274292,3.814929485321045,3.8355181217193604,3.828944444656372,3.8338756561279297,3.8669981956481934,3.8712916374206543,3.8686602115631104,3.8654844760894775,3.8707780838012695,3.893559217453003,3.8695037364959717,3.8683600425720215,3.866392135620117,3.8885326385498047,3.810436725616455,3.893559217453003,3.5713911056518555,0.27051544189453125,0.060443878173828125,0.10452079772949219,0.05481147766113281,-0.0398712158203125,0.04874420166015625,0.011529922485351562,0.056713104248046875,0.030855178833007812,-0.07000350952148438,0.05767059326171875,0.007457733154296875,0.037593841552734375,0.0377349853515625,-0.07480812072753906,0.013690948486328125,0.09526252746582031,-0.035747528076171875,-0.030309677124023438,0.6368045806884766,0.023371238995314805,0.03351603075861931,0.27051544189453125,-0.07480812072753906,0.07464276999235153,0.059909719973802567,0.0861700330461762,0.015735081263948753,0.0044377463204501874,523.8714599609375,10.0503568649292,0.44148945808410645,13.33074951171875,1.2398663759231567,0.0877840518951416,0.3171415328979492,0.013107300880259949,0.6424236297607422,1.0259780883789062,0.5127315521240234,-0.0955963134765625,0.7210235595703125,1.043874740600586,-0.0152435302734375,1.1362380981445312,0.7578697204589844,0.026808374447929897,0.041471049660129704,0.024325844040490232,0.0033187106139669436,0.027431054939901268,0.024768017646961404,0.002797283086560304,0.04081195028204573,0.01861804159063977,0.27369117736816406,0.30762672424316406,0.26122093200683594,0.4335918426513672,0.27045631408691406,0.45484352111816406,0.5258445739746094,0.45404624938964844,0.3759422302246094,0.6365888383653429,0.6612199147542318,1.1362380981445312,-0.0955963134765625,1.1362380981445312,0.4423444157297927,1.2318344116210938,1.7183966417328673,0.5387501445261204,0.023372258478736137,0.023372258478736137,0.041471049660129704,0.002797283086560304,0.041471049660129704,0.01374283565962912,0.0386737665735694,1.774369899004868,0.5215777488518233,0.37302928500705296,0.37302928500705296,0.5258445739746094,0.26122093200683594,0.5258445739746094,0.09839589401778218,0.26462364196777344,1.4096602626468442,0.4273523101192003
T0017,healthy,0,2012-10-26,27.463991165161133,32.7400016784668,20.270000457763672,3.8472037315368652,14.800976753234863,28.104097366333008,33.5099983215332,20.239999771118164,4.128538131713867,17.044828414916992,27.463991165161133,27.66758155822754,27.734228134155273,27.807037353515625,27.796594619750977,27.811735153198242,27.90389060974121,27.94558334350586,27.925233840942383,27.91080093383789,27.984447479248047,27.97102928161621,28.032272338867188,28.005325317382812,28.049423217773438,28.114505767822266,28.02552032470703,28.095731735229492,28.090314865112305,28.104097366333008,3.8472037315368652,3.9008266925811768,3.935093879699707,3.9780116081237793,4.0107951164245605,4.026427268981934,4.023676872253418,4.049563884735107,4.051329135894775,4.078716278076172,4.07493782043457,4.088881492614746,4.08695650100708,4.093172073364258,4.094970703125,4.089895248413086,4.120974063873291,4.111408710479736,4.125282287597656,4.128538131713867,4.045832633972168,4.128538131713867,3.8472037315368652,0.20359039306640625,0.06664657592773438,0.07280921936035156,-0.010442733764648438,0.015140533447265625,0.09215545654296875,0.04169273376464844,-0.020349502563476562,-0.014432907104492188,0.07364654541015625,-0.013418197631835938,0.06124305725097656,-0.026947021484375,0.044097900390625,0.06508255004882812,-0.08898544311523438,0.07021141052246094,-0.0054168701171875,0.013782501220703125,0.640106201171875,0.026016580968870315,0.03368980064988136,0.20359039306640625,-0.08898544311523438,0.06076139211654663,0.05263639613986015,0.06281623840332,0.016125247592016882,0.0077431270054406235,530.6553344726562,8.839468002319336,0.4201711118221283,18.65132713317871,1.4184421300888062,0.07571358978748322,0.28133440017700195,0.011980175613460592,0.4981536865234375,0.7964935302734375,0.7370662689208984,0.010051727294921875,0.7528896331787109,1.0122833251953125,-0.118072509765625,1.1922473907470703,0.8765220642089844,0.014257372232307507,0.03455510820661192,0.0320559580523267,-0.009744463468853319,0.02778525961969072,0.05456073302075385,-0.015073077840016474,0.0480135939175015,0.04747454564374119,0.2901458740234375,0.23385047912597656,0.212249755859375,0.3256568908691406,0.2187042236328125,0.22822952270507812,0.27771568298339844,0.30290985107421875,0.21048355102539062,0.6397372351752387,0.6659755706787109,1.1922473907470703,-0.118072509765625,1.1922473907470703,0.43843463140290007,1.3103199005126953,1.7902268871961096,0.5140416740430181,0.025987225487118175,0.031502234666867024,0.05456073302075385,-0.015073077840016474,0.05456073302075385,0.024942618609635422,0.06963381086077032,1.7319633441276312,0.5292353555810132,0.2555495368109809,0.2555495368109809,0.3256568908691406,0.21048355102539062,0.3256568908691406,0.043770578772231616,0.11517333984375,1.2743395358474854,0.3994496737575266
T0026,healthy,0,2012-10-29,26.325918197631836,33.619998931884766,19.479999542236328,4.127049922943115,17.032541275024414,26.897048950195312,34.45000076293945,19.850000381469727,4.21273136138916,17.747106552124023,26.325918197631836,26.5201473236084,26.486093521118164,26.66983413696289,26.706504821777344,26.57832908630371,26.633052825927734,26.677396774291992,26.759111404418945,26.758420944213867,26.723918914794922,26.71466827392578,26.8732967376709,26.75257110595703,26.83465576171875,26.827030181884766,26.805604934692383,26.8278865814209,26.825870513916016,26.897048950195312,4.127049922943115,4.194767475128174,4.2537522315979,4.2239227294921875,4.300382614135742,4.343038082122803,4.32239294052124,4.302963733673096,4.2928972244262695,4.303038120269775,4.300300121307373,4.310975074768066,4.245193004608154,4.268411636352539,4.2449188232421875,4.203763961791992,4.244417190551758,4.172888278961182,4.207462787628174,4.21273136138916,4.253763198852539,4.343038082122803,4.127049922943115,0.1942291259765625,-0.034053802490234375,0.18374061584472656,0.036670684814453125,-0.1281757354736328,0.05472373962402344,0.04434394836425781,0.08171463012695312,-0.000690460205078125,-0.03450202941894531,-0.009250640869140625,0.1586284637451172,-0.12072563171386719,0.08208465576171875,-0.007625579833984375,-0.021425247192382812,0.022281646728515625,-0.0020160675048828125,0.07117843627929688,0.5711307525634766,0.02121933098126123,0.030059512704610825,0.1942291259765625,-0.1281757354736328,0.08544789254665375,0.06779269129037857,0.05728193010602571,0.01962257566906034,0.009450531005860645,507.58587646484375,7.393431663513184,2.1014695167541504,26.107128143310547,3.7484686374664307,0.05496421456336975,0.08568143844604492,-0.0012510296097375782,0.8744640350341797,0.6549930572509766,0.5030384063720703,1.2671985626220703,0.7047557830810547,-0.26413917541503906,0.7155647277832031,0.7376022338867188,-0.046138763427734375,0.05728638010813737,0.01921145503682178,0.022067569072981116,0.10837084978146562,0.028094901178115736,-0.08147959745019973,0.06736298467879823,0.02557013088599148,-0.05467577625934368,0.6741657257080078,0.5833015441894531,0.32633018493652344,1.1569862365722656,0.2275848388671875,0.7782688140869141,0.9258556365966797,0.41889190673828125,0.6563186645507812,0.5719265407986112,0.640877193874783,1.2671985626220703,-0.26413917541503906,1.2671985626220703,0.46547184591701407,1.5313377380371094,1.977287622278511,0.4991881707117491,0.021312099670307547,0.05156884938353942,0.10837084978146562,-0.08147959745019973,0.10837084978146562,0.058527204985415464,0.18985044723166533,2.1014785100338513,0.5541963789795621,0.6386337280273438,0.6386337280273438,1.1569862365722656,0.2275848388671875,1.1569862365722656,0.2937051659133459,0.9294013977050781,1.8116584948143282,0.49778327227053293
T0028,healthy,0,2012-10-29,27.087718963623047,33.75,19.770000457763672,4.0255327224731445,16.204914093017578,27.299560546875,33.77000045776367,19.93000030517578,3.9873223304748535,15.898738861083984,27.087718963623047,27.3607120513916,27.387958526611328,27.34919548034668,27.399686813354492,27.398590087890625,27.36159896850586,27.425790786743164,27.43731689453125,27.49201774597168,27.473636627197266,27.444673538208008,27.461503982543945,27.445104598999023,27.50678062438965,27.450822830200195,27.413724899291992,27.446062088012695,27.31360626220703,27.299560546875,4.0255327224731445,4.037031650543213,4.0644426345825195,4.065282821655273,4.047010898590088,4.052696228027344,4.059569358825684,4.052344799041748,4.042429447174072,4.030782222747803,4.0214314460754395,4.032772541046143,4.031041622161865,4.024316787719727,3.998295783996582,3.978564739227295,3.9828011989593506,3.9722185134887695,3.982090473175049,3.9873223304748535,4.024399757385254,4.065282821655273,3.9722185134887695,0.2729930877685547,0.027246475219726562,-0.03876304626464844,0.0504913330078125,-0.0010967254638671875,-0.036991119384765625,0.06419181823730469,0.011526107788085938,0.05470085144042969,-0.018381118774414062,-0.028963088989257812,0.0168304443359375,-0.016399383544921875,0.061676025390625,-0.055957794189453125,-0.037097930908203125,0.032337188720703125,-0.13245582580566406,-0.01404571533203125,0.21184158325195312,0.005441829136439197,0.011149557307362556,0.2729930877685547,-0.13245582580566406,0.07759567350149155,0.05116553232073784,0.0466433388846259,0.009128502437046195,-0.04044036865234257,520.762451171875,6.095762252807617,0.9840713739395142,22.244260787963867,2.509152889251709,0.029710879549384117,-0.038210391998291016,-0.004323110903116123,0.6693820953369141,0.6386985778808594,-0.43909454345703125,0.8414402008056641,0.08069038391113281,-0.727569580078125,1.100616455078125,0.5066184997558594,-0.7522087097167969,0.034097584028889336,0.032055160694551964,-0.028521172086099618,0.044413228142530244,-0.0019132155224798858,-0.0473409165117085,0.05835775791254213,0.010818114316552054,-0.052312275879365565,0.2867012023925781,0.2843666076660156,0.30420875549316406,0.28550148010253906,0.1958637237548828,0.42980194091796875,0.27872657775878906,0.40386199951171875,0.398681640625,0.21317481994628906,0.6395910051133897,1.100616455078125,-0.7522087097167969,1.100616455078125,0.6997810030829555,1.8528251647949219,1.7208128774026046,0.4680535146471192,0.005517140566156906,0.03442549167719103,0.05835775791254213,-0.052312275879365565,0.05835775791254213,0.04062984983074819,0.1106700337919077,1.6951897596079961,0.5099933460334716,0.31863488091362846,0.31863488091362846,0.42980194091796875,0.1958637237548828,0.42980194091796875,0.07598906181553508,0.23393821716308594,1.3488853643290246,0.4297310009304719
T0030,healthy,0,2012-10-29,28.551633834838867,34.709999084472656,19.709999084472656,3.559422492980957,12.669488906860352,28.934768676757812,35.5099983215332,20.139999389648438,3.7455196380615234,14.02891731262207,28.551633834838867,28.716611862182617,28.75567626953125,28.818134307861328,28.860136032104492,28.797298431396484,28.872509002685547,28.891780853271484,28.92879867553711,28.92800521850586,28.97980499267578,28.961692810058594,28.901702880859375,28.886926651000977,28.891071319580078,28.891071319580078,28.920433044433594,28.9797306060791,28.924827575683594,28.934768676757812,3.559422492980957,3.5991997718811035,3.6680092811584473,3.6173324584960938,3.649059295654297,3.691624402999878,3.744968891143799,3.6945884227752686,3.6874349117279053,3.74676251411438,3.73445987701416,3.699702262878418,3.771256446838379,3.747641086578369,3.7480947971343994,3.7480947971343994,3.7514050006866455,3.7294843196868896,3.743589162826538,3.7455196380615234,3.7038826942443848,3.771256446838379,3.559422492980957,0.16497802734375,0.03906440734863281,0.062458038330078125,0.04200172424316406,-0.06283760070800781,0.0752105712890625,0.0192718505859375,0.037017822265625,-0.00079345703125,0.051799774169921875,-0.0181121826171875,-0.05998992919921875,-0.014776229858398438,0.0041446685791015625,0.0,0.029361724853515625,0.05929756164550781,-0.05490303039550781,0.00994110107421875,0.3831348419189453,0.012778336661202927,0.020164990797638893,0.16497802734375,-0.06283760070800781,0.0524994321167469,0.04241893067955971,0.04918152945382211,0.0035835220700212527,0.010830089024134633,548.6494140625,6.168370246887207,0.6163763999938965,28.73708152770996,2.052795648574829,0.057089656591415405,0.1860971450805664,0.008029851877599711,0.13498306274414062,0.7420234680175781,0.5328197479248047,-0.6953239440917969,0.45405006408691406,0.868072509765625,-0.5665740966796875,1.032064437866211,0.9404697418212891,0.00035120885174907165,0.03141959197539068,0.02120448234386013,-0.038188755064082355,0.016909490312848323,0.038652788606801,-0.03250570799175094,0.037350686152178215,0.039524216042424794,0.2186412811279297,0.211090087890625,0.2556610107421875,0.2134857177734375,0.15702438354492188,0.4371204376220703,0.24553489685058594,0.25144195556640625,0.4601020812988281,0.3825094434950087,0.6629312303331163,1.032064437866211,-0.6953239440917969,1.032064437866211,0.6373507810835923,1.7273883819580078,1.5568197349511073,0.4761021211916535,0.012746444581046547,0.028456325260120614,0.039524216042424794,-0.038188755064082355,0.039524216042424794,0.03005600176925575,0.07771297110650716,1.3889425915576334,0.4543639501585667,0.2722335391574436,0.2722335391574436,0.4601020812988281,0.15702438354492188,0.4601020812988281,0.10442529768139132,0.30307769775390625,1.6901005872451549,0.4705451423663594
T0031,healthy,0,2012-10-19,27.030193328857422,33.40999984741211,19.700000762939453,3.3528406620025635,11.241540908813477,28.266103744506836,34.369998931884766,20.170000076293945,3.694779872894287,13.651397705078125,27.030193328857422,27.34778594970703,27.515993118286133,27.626237869262695,27.714710235595703,27.776960372924805,27.867294311523438,27.888782501220703,27.966142654418945,28.01439094543457,28.055423736572266,28.07733726501465,28.12786102294922,28.125572204589844,28.143329620361328,28.21076202392578,28.192718505859375,28.209915161132812,28.262989044189453,28.266103744506836,3.3528406620025635,3.3859965801239014,3.4250242710113525,3.458716630935669,3.501300811767578,3.511777639389038,3.5180487632751465,3.5610218048095703,3.544398546218872,3.5653040409088135,3.5882558822631836,3.5898396968841553,3.6011850833892822,3.632965087890625,3.644566297531128,3.6346092224121094,3.673793077468872,3.6790106296539307,3.6824347972869873,3.694779872894287,3.562293529510498,3.694779872894287,3.3528406620025635,0.3175926208496094,0.16820716857910156,0.1102447509765625,0.08847236633300781,0.06225013732910156,0.09033393859863281,0.021488189697265625,0.07736015319824219,0.048248291015625,0.04103279113769531,0.021913528442382812,0.05052375793457031,-0.002288818359375,0.017757415771484375,0.06743240356445312,-0.01804351806640625,0.0171966552734375,0.053073883056640625,0.0031147003173828125,1.235910415649414,0.051838854739539586,0.06504791975021362,0.3175926208496094,-0.01804351806640625,0.07348046451807022,0.06718816608190536,0.14128150939941292,0.04021374384561896,0.02250709533691345,530.7723999023438,17.198680877685547,0.3057633340358734,10.010210990905762,0.5708632469177246,0.0977400690317154,0.34193921089172363,0.016517353595647523,1.6982669830322266,1.610830307006836,0.5345458984375,1.6859970092773438,1.2392959594726562,0.44512367248535156,1.5760345458984375,1.6945571899414062,0.6482753753662109,0.0638501934539101,0.07145773952168558,0.0276382862177106,0.07150930677141458,0.05127926589851042,0.01733534963507341,0.06621150253410626,0.07147897849405606,0.026184492182910406,0.4534797668457031,0.34276771545410156,0.2328968048095703,0.4515800476074219,0.331695556640625,0.22899246215820312,0.43688011169433594,0.3468647003173828,0.23228836059570312,1.2369918823242188,1.2369918823242188,1.6982669830322266,0.44512367248535156,1.6982669830322266,0.5414713156252144,1.253143310546875,1.3729006580967198,0.45619819519539745,0.05188279052326416,0.05188279052326416,0.07150930677141458,0.01733534963507341,0.07150930677141458,0.022200812239133155,0.05417395713634117,1.37828540576467,0.45925316153718393,0.33971616956922746,0.33971616956922746,0.4534797668457031,0.22899246215820312,0.4534797668457031,0.0936963905331775,0.2244873046875,1.334878331143168,0.4389088571792157
T0032,healthy,0,2012-10-29,28.29532241821289,34.47999954223633,19.860000610351562,3.416541814804077,11.672758102416992,28.560155868530273,34.119998931884766,20.43000030517578,3.3006224632263184,10.894108772277832,28.29532241821289,28.586139678955078,28.57542610168457,28.632034301757812,28.759267807006836,28.723825454711914,28.71645164489746,28.68855857849121,28.660594940185547,28.61984634399414,28.642005920410156,28.610172271728516,28.531457901000977,28.54778289794922,28.599048614501953,28.60202407836914,28.59909439086914,28.610830307006836,28.55784797668457,28.560155868530273,3.416541814804077,3.3150267601013184,3.3414039611816406,3.3326594829559326,3.2589104175567627,3.2926957607269287,3.2867259979248047,3.3251123428344727,3.3247618675231934,3.353273630142212,3.361309766769409,3.348865509033203,3.348677635192871,3.333230495452881,3.3355088233947754,3.307192087173462,3.3265326023101807,3.3182373046875,3.3517727851867676,3.3006224632263184,3.328953266143799,3.416541814804077,3.2589104175567627,0.2908172607421875,-0.010713577270507812,0.05660820007324219,0.12723350524902344,-0.035442352294921875,-0.007373809814453125,-0.02789306640625,-0.027963638305664062,-0.04074859619140625,0.022159576416015625,-0.031833648681640625,-0.07871437072753906,0.016324996948242188,0.051265716552734375,0.0029754638671875,-0.0029296875,0.011735916137695312,-0.052982330322265625,0.002307891845703125,0.2648334503173828,-0.00022123666634305276,0.01393860299140215,0.2908172607421875,-0.07871437072753906,0.07896853238344193,0.047264400869607925,0.07767165047781707,-0.024943964821953424,-0.009007317679269464,543.6901245117188,6.079022407531738,0.6270625591278076,11.701082229614258,1.616189956665039,0.03199482336640358,-0.11591935157775879,-0.00042467189014416123,-0.030183792114257812,0.37268829345703125,0.0069561004638671875,0.4045372009277344,0.1673736572265625,0.8707695007324219,0.07233619689941406,0.2428760528564453,0.27442359924316406,-0.013010991605602248,0.0007057548465584738,-0.01614608191009843,-0.010662106105260232,0.0014647706110672406,0.04747260244269078,-0.026571764264788723,-0.0031873244091983415,0.017709796590016296,0.2526874542236328,0.27934837341308594,0.3567237854003906,0.6028842926025391,0.1347789764404297,0.3937721252441406,0.4518566131591797,0.28265953063964844,0.4466838836669922,0.2646418677435981,0.27134937710232204,0.8707695007324219,-0.030183792114257812,0.8707695007324219,0.27362647326757245,0.9009532928466797,3.209034337726611,0.6748147212225892,-0.0002472604227350201,0.015214576976142306,0.04747260244269078,-0.026571764264788723,0.04747260244269078,0.021878237887737934,0.0740443667074795,3.120203165365687,0.6700749093789367,0.35571055942111546,0.35571055942111546,0.6028842926025391,0.1347789764404297,0.6028842926025391,0.13723015976326694,0.4681053161621094,1.69487314808687,0.4689907894597809
T0034,healthy,0,2012-11-29,29.42075538635254,35.86000061035156,20.389999389648438,4.049618721008301,16.399410247802734,29.159595489501953,35.58000183105469,20.350000381469727,3.915501356124878,15.331151008605957,29.42075538635254,29.396493911743164,29.368206024169922,29.36908531188965,29.342496871948242,29.193655014038086,29.280963897705078,29.287389755249023,29.26966094970703,29.2297306060791,29.22159194946289,29.209205627441406,29.28923797607422,29.214326858520508,29.19825553894043,29.190811157226562,29.221263885498047,29.19491195678711,29.112640380859375,29.159595489501953,4.049618721008301,4.064950466156006,4.05272102355957,4.029482364654541,4.050987720489502,4.078415393829346,4.031344413757324,4.019917964935303,3.9990110397338867,4.010794639587402,4.004859447479248,3.998109817504883,3.9665684700012207,3.9895386695861816,3.961374044418335,3.9578092098236084,3.9387385845184326,3.9510531425476074,3.9397263526916504,3.915501356124878,4.000525951385498,4.078415393829346,3.915501356124878,-0.024261474609375,-0.028287887573242188,0.0008792877197265625,-0.02658843994140625,-0.14884185791015625,0.08730888366699219,0.0064258575439453125,-0.017728805541992188,-0.03993034362792969,-0.008138656616210938,-0.012386322021484375,0.0800323486328125,-0.07491111755371094,-0.016071319580078125,-0.0074443817138671875,0.030452728271484375,-0.0263519287109375,-0.08227157592773438,0.046955108642578125,-0.26115989685058594,-0.012468044022869105,-0.013745257630944252,0.08730888366699219,-0.14884185791015625,0.05300397798418999,0.040277279913425446,-0.03704610552106698,-0.007699080875943426,-0.012976128714425286,555.8800659179688,-3.1142492294311523,0.2031373530626297,9.218541145324707,0.6917186975479126,0.04583513364195824,-0.13411736488342285,-0.007539916934823786,-0.49888038635253906,-0.014965057373046875,0.2139129638671875,-0.4634246826171875,-0.2795867919921875,0.0013294219970703125,-0.6503047943115234,-0.7157688140869141,0.05234336853027344,-0.016889850358318113,2.6834817756851297e-05,0.004611150124914883,-0.019022753722686678,-0.013020624433245951,-0.0021589451266414276,-0.03061055778560833,-0.03576105017411169,0.0004247980906551696,0.11006736755371094,0.05911827087402344,0.14650535583496094,0.15221214294433594,0.032291412353515625,0.09946250915527344,0.13530540466308594,0.06199073791503906,0.13327598571777344,-0.2617049747043186,0.3211684756808811,0.2139129638671875,-0.7157688140869141,0.7157688140869141,0.33714852659959005,0.9296817779541016,2.2286396268596387,0.6451975380575485,-0.012488999840809476,0.013614062737104343,0.004611150124914883,-0.03576105017411169,0.03576105017411169,0.014382527126253656,0.04037220029902658,2.62677090571487,0.696945637609892,0.10335879855685765,0.10335879855685765,0.15221214294433594,0.032291412353515625,0.15221214294433594,0.04321920648552009,0.11992073059082031,1.4726576773628741,0.46657630703986075
T0035,healthy,0,2012-10-29,26.326810836791992,34.22999954223633,20.350000381469727,3.9939146041870117,15.951354026794434,27.563053131103516,35.13999938964844,20.770000457763672,4.5881524085998535,21.0511417388916,26.326810836791992,26.71837043762207,26.85394287109375,27.025211334228516,27.0032901763916,27.157121658325195,27.16713523864746,27.260297775268555,27.327425003051758,27.294099807739258,27.34649658203125,27.3384952545166,27.439186096191406,27.47414779663086,27.50709342956543,27.549726486206055,27.531543731689453,27.569562911987305,27.588701248168945,27.563053131103516,3.9939146041870117,4.104498863220215,4.157232761383057,4.2132768630981445,4.272043704986572,4.308999538421631,4.352567672729492,4.38496208190918,4.4058427810668945,4.430084705352783,4.455646991729736,4.469845294952393,4.485668659210205,4.48612642288208,4.507730960845947,4.533371448516846,4.550747871398926,4.552039623260498,4.576347827911377,4.5881524085998535,4.391455173492432,4.5881524085998535,3.9939146041870117,0.3915596008300781,0.1355724334716797,0.17126846313476562,-0.021921157836914062,0.15383148193359375,0.010013580322265625,0.09316253662109375,0.06712722778320312,-0.0333251953125,0.05239677429199219,-0.008001327514648438,0.10069084167480469,0.034961700439453125,0.03294563293457031,0.042633056640625,-0.018182754516601562,0.03801918029785156,0.019138336181640625,-0.025648117065429688,1.2362422943115234,0.051045512436027944,0.06506538391113281,0.3915596008300781,-0.0333251953125,0.09706468135118484,0.0763368085026741,0.1479309082031249,0.03725163141886309,0.01242119925362678,518.0968017578125,17.887374877929688,0.660456120967865,20.590614318847656,1.8322381973266602,0.16387543082237244,0.5942378044128418,0.02702284110219839,1.1054058074951172,1.966644287109375,1.2922992706298828,0.6655845642089844,1.4527168273925781,0.9507026672363281,0.49921226501464844,2.399890899658203,0.7968635559082031,0.05220237817979289,0.07927389360011965,0.04639878093748088,0.03508963764161914,0.06421126889106789,0.0277871124726485,0.026533288883983232,0.1067989162932659,0.02138453031841051,0.2986774444580078,0.6335353851318359,0.587860107421875,0.2743682861328125,0.3529338836669922,0.5753707885742188,0.23999977111816406,0.5357456207275391,0.476348876953125,1.2365911271837022,1.2365911271837022,2.399890899658203,0.49921226501464844,2.399890899658203,0.6223077926557261,1.9006786346435547,1.9407311175817417,0.5228757851598911,0.05107553413537651,0.05107553413537651,0.1067989162932659,0.02138453031841051,0.1067989162932659,0.028234971890043044,0.0854143859748554,2.090999089705119,0.5444748048739028,0.4416489071316189,0.4416489071316189,0.6335353851318359,0.23999977111816406,0.6335353851318359,0.15128381079342235,0.3935356140136719,1.4344773881626696,0.45203484980286845
T0036,healthy,0,2012-09-29,28.011747360229492,34.119998931884766,20.68000030517578,3.376953125,11.403812408447266,28.130443572998047,33.81999969482422,20.850000381469727,3.322148323059082,11.036669731140137,28.011747360229492,28.069719314575195,28.086383819580078,28.09060287475586,28.08342170715332,28.106624603271484,28.125253677368164,28.134042739868164,28.112838745117188,28.09676170349121,28.118669509887695,28.08164405822754,28.23080062866211,28.1733341217041,28.01285743713379,28.085634231567383,28.031686782836914,28.11330795288086,28.103635787963867,28.130443572998047,3.376953125,3.364719867706299,3.352205991744995,3.3448901176452637,3.3621068000793457,3.3550281524658203,3.359076976776123,3.3549084663391113,3.3932647705078125,3.374276638031006,3.349738121032715,3.3719213008880615,3.3279778957366943,3.363520622253418,3.3922314643859863,3.367767810821533,3.3585011959075928,3.323004961013794,3.346033811569214,3.322148323059082,3.358013868331909,3.3932647705078125,3.322148323059082,0.057971954345703125,0.016664505004882812,0.00421905517578125,-0.0071811676025390625,0.023202896118164062,0.018629074096679688,0.0087890625,-0.021203994750976562,-0.016077041625976562,0.021907806396484375,-0.03702545166015625,0.1491565704345703,-0.05746650695800781,-0.1604766845703125,0.07277679443359375,-0.05394744873046875,0.08162117004394531,-0.009672164916992188,0.026807785034179688,0.11869621276855469,0.0018036620061191303,0.006247168872505426,0.1491565704345703,-0.1604766845703125,0.06218467652797699,0.044463008642196655,0.014848927089147514,0.008912813095818534,0.020673043387274798,533.9283447265625,1.7051153182983398,0.8087378144264221,18.12546730041504,1.9666967391967773,0.019064713269472122,-0.05480480194091797,-0.0010639405788335624,-0.06062126159667969,0.144561767578125,0.09798240661621094,0.021381378173828125,0.23633956909179688,0.6152114868164062,-0.4011211395263672,0.09416961669921875,0.31720733642578125,-0.006808260867470895,0.0034274610361647436,0.0007342431778287656,-0.007491042918729746,0.015337576902001288,0.029175656540948974,-0.03097431068133667,0.0008387415032629373,0.011824485950899587,0.3235950469970703,0.09061622619628906,0.297882080078125,0.3976325988769531,0.08917808532714844,0.5001354217529297,0.3288421630859375,0.06301116943359375,0.3779449462890625,0.11834568447536892,0.22095510694715711,0.6152114868164062,-0.4011211395263672,0.6152114868164062,0.27688165184610164,1.0163326263427734,2.7843278549803316,0.6705937159651885,0.0017849500715076652,0.011845753286515957,0.029175656540948974,-0.03097431068133667,0.03097431068133667,0.01685404402044555,0.06014996722228565,2.6148007462376657,0.7080600037072123,0.2743153042263455,0.2743153042263455,0.5001354217529297,0.06301116943359375,0.5001354217529297,0.15635241688799456,0.43712425231933594,1.8232136370638554,0.5167261266696129
T0037,healthy,0,2012-10-29,29.308258056640625,34.2400016784668,21.25,2.8279173374176025,7.9971160888671875,29.877395629882812,35.029998779296875,21.6200008392334,2.7964959144592285,7.820389747619629,29.308258056640625,29.441024780273438,29.481536865234375,29.519582748413086,29.569515228271484,29.581192016601562,29.56095314025879,29.625171661376953,29.66609001159668,29.702930450439453,29.679609298706055,29.77497100830078,29.74519920349121,29.736392974853516,29.734596252441406,29.761913299560547,29.714088439941406,29.777629852294922,29.81603240966797,29.877395629882812,2.8279173374176025,2.846627950668335,2.8053927421569824,2.8173022270202637,2.8525052070617676,2.827087163925171,2.890794515609741,2.861952066421509,2.860996723175049,2.8432302474975586,2.8272502422332764,2.8080132007598877,2.8429763317108154,2.8157436847686768,2.824894428253174,2.7947261333465576,2.848438024520874,2.8451337814331055,2.831169605255127,2.7964959144592285,2.83343243598938,2.890794515609741,2.7947261333465576,0.1327667236328125,0.0405120849609375,0.03804588317871094,0.04993247985839844,0.011676788330078125,-0.020238876342773438,0.06421852111816406,0.04091835021972656,0.03684043884277344,-0.023321151733398438,0.09536170959472656,-0.029771804809570312,-0.008806228637695312,-0.001796722412109375,0.027317047119140625,-0.047824859619140625,0.06354141235351562,0.038402557373046875,0.06136322021484375,0.5691375732421875,0.022396441868373293,0.029954608529806137,0.1327667236328125,-0.047824859619140625,0.04399653896689415,0.04382404685020447,0.05109105791364504,0.02537545703706128,0.026854160853797347,563.4812622070312,6.624353408813477,0.9923934936523438,21.27536964416504,2.1924986839294434,0.023457909002900124,-0.03142142295837402,-0.0009845018386841597,0.7316837310791016,0.6787147521972656,0.5017795562744141,0.6118907928466797,0.31938743591308594,0.3280353546142578,0.7421493530273438,0.8343982696533203,0.3765239715576172,0.021947364520309258,0.02675233855283222,0.03731158120291518,-0.00847829230746041,0.012584693449780436,0.04395097718202873,-0.006023252099977136,0.029077987384078387,0.0441700928193286,0.36734771728515625,0.19666290283203125,0.8918304443359375,0.9530811309814453,0.09403228759765625,1.1414852142333984,1.0269737243652344,0.3020954132080078,0.8435478210449219,0.5693959130181206,0.5693959130181206,0.8343982696533203,0.31938743591308594,0.8343982696533203,0.19451686129959997,0.5150108337402344,1.46540963136957,0.4504249926168991,0.02236594341153725,0.025588508835412263,0.0441700928193286,-0.00847829230746041,0.0441700928193286,0.01962829608584613,0.05264838512678901,1.726168407926803,0.5446570071506933,0.6463396284315321,0.6463396284315321,1.1414852142333984,0.09403228759765625,1.1414852142333984,0.4010753903452898,1.0474529266357422,1.7660764501515527,0.5366184737184129
T0038,healthy,0,2012-10-29,28.76262092590332,34.65999984741211,22.15999984741211,2.9573047161102295,8.745651245117188,29.206298828125,34.790000915527344,22.149999618530273,3.1458191871643066,9.896178245544434,28.76262092590332,29.09105110168457,29.156644821166992,29.223779678344727,29.207237243652344,29.23698616027832,29.32036781311035,29.319580078125,29.28333282470703,29.324909210205078,29.278837203979492,29.28268814086914,29.221363067626953,29.251497268676758,29.27943992614746,29.30303382873535,29.293968200683594,29.23233413696289,29.260530471801758,29.206298828125,2.9573047161102295,2.990529775619507,3.0379538536071777,3.026580810546875,3.0554351806640625,3.080052375793457,3.0484261512756348,3.0751938819885254,3.1043050289154053,3.0786099433898926,3.1227524280548096,3.0867836475372314,3.124750852584839,3.113706111907959,3.1151821613311768,3.1277620792388916,3.1219961643218994,3.145441770553589,3.137324094772339,3.1458191871643066,3.0847957134246826,3.1458191871643066,2.9573047161102295,0.32843017578125,0.06559371948242188,0.06713485717773438,-0.016542434692382812,0.029748916625976562,0.08338165283203125,-0.0007877349853515625,-0.03624725341796875,0.041576385498046875,-0.04607200622558594,0.0038509368896484375,-0.0613250732421875,0.030134201049804688,0.027942657470703125,0.023593902587890625,-0.009065628051757812,-0.061634063720703125,0.028196334838867188,-0.05423164367675781,0.4436779022216797,0.010356001029337314,0.02335146814584732,0.32843017578125,-0.061634063720703125,0.08373847603797913,0.05344681814312935,0.07964341299874272,-0.012156963348390648,-0.015852846418107976,555.552001953125,9.062243461608887,0.4222726821899414,16.1041259765625,1.3143022060394287,0.050809819251298904,0.18851447105407715,0.008073747068419408,0.05028724670410156,0.5545768737792969,0.8963718414306641,-0.32418060302734375,0.5178737640380859,0.6875782012939453,0.09702682495117188,0.6749477386474609,0.8335208892822266,-0.010649665316245715,0.014519741660669454,0.036515743571115734,-0.03268485678766063,0.015669383859275427,0.030498087316527117,-0.01741400410358254,0.0195703018876839,0.03683739999183122,0.3626518249511719,0.3842754364013672,0.5850315093994141,0.3685932159423828,0.29593658447265625,0.36301231384277344,0.5293521881103516,0.34754371643066406,0.32630348205566406,0.4431114196777344,0.5151515536838107,0.8963718414306641,-0.32418060302734375,0.8963718414306641,0.41112848223979304,1.2205524444580078,1.7400157635566031,0.5214152589348657,0.010318014675512664,0.02381768716606575,0.03683739999183122,-0.03268485678766063,0.03683739999183122,0.024966692895169892,0.06952225677949185,1.5466398676155513,0.4946743740133009,0.3958555857340495,0.3958555857340495,0.5850315093994141,0.29593658447265625,0.5850315093994141,0.0960616458968449,0.2890949249267578,1.4778912201924763,0.4206525992793807
T0040,healthy,0,2012-11-09,27.859189987182617,35.97999954223633,19.760000228881836,3.6693549156188965,13.464164733886719,28.253013610839844,35.52000045776367,20.489999771118164,3.6085522174835205,13.021648406982422,27.859189987182617,27.962379455566406,28.067764282226562,28.038776397705078,28.18048858642578,28.09975242614746,28.121809005737305,28.144664764404297,28.128381729125977,28.045970916748047,28.109973907470703,28.09895133972168,28.116437911987305,28.125572204589844,28.164522171020508,28.123157501220703,28.068161010742188,28.15643882751465,28.095109939575195,28.253013610839844,3.6693549156188965,3.6568191051483154,3.653331756591797,3.668987274169922,3.655752182006836,3.7154459953308105,3.6852991580963135,3.6789963245391846,3.6687099933624268,3.706984758377075,3.676675796508789,3.6842687129974365,3.656601667404175,3.6869637966156006,3.6712570190429688,3.6659045219421387,3.658752918243408,3.643455982208252,3.6709539890289307,3.6085522174835205,3.6691532135009766,3.7154459953308105,3.6085522174835205,0.10318946838378906,0.10538482666015625,-0.028987884521484375,0.14171218872070312,-0.08073616027832031,0.02205657958984375,0.022855758666992188,-0.016283035278320312,-0.08241081237792969,0.06400299072265625,-0.011022567749023438,0.017486572265625,0.009134292602539062,0.03894996643066406,-0.04136466979980469,-0.054996490478515625,0.08827781677246094,-0.061328887939453125,0.15790367126464844,0.39382362365722656,0.008469466876265605,0.02072755992412567,0.15790367126464844,-0.08241081237792969,0.07124648988246918,0.06042550876736641,0.052232905796595536,-0.0016557148524693097,0.012759780883789111,533.9044189453125,4.579804420471191,0.30745792388916016,14.768335342407227,1.1659588813781738,0.022060338407754898,-0.06080269813537598,-0.0011775339456429697,0.09637069702148438,0.5855560302734375,0.5523948669433594,0.2755775451660156,0.1630382537841797,0.48834228515625,0.6006145477294922,0.27697181701660156,0.5038604736328125,0.0020126471842138484,0.02372333555293204,0.00807146201456285,0.004629572531334049,0.001791539586576905,0.007983779907225784,0.017977393300909028,0.0030459626276685184,0.006999664019820295,0.2690105438232422,0.24853897094726562,0.24072837829589844,0.3126087188720703,0.1029052734375,0.2386474609375,0.34035491943359375,0.12042236328125,0.23613548278808594,0.3936362796359592,0.3936362796359592,0.6006145477294922,0.09637069702148438,0.6006145477294922,0.19205689956762367,0.5042438507080078,1.525810916175817,0.49074220994250456,0.008470595191693702,0.008470595191693702,0.02372333555293204,0.001791539586576905,0.02372333555293204,0.007550498357054238,0.021931795966355132,2.800665951967069,0.6528753386572638,0.2343724568684896,0.2343724568684896,0.34035491943359375,0.1029052734375,0.34035491943359375,0.07832919958249808,0.23744964599609375,1.4521966849654433,0.4370887973578235
T0041,healthy,0,2012-11-14,26.835046768188477,33.290000915527344,20.399999618530273,4.2101874351501465,17.725679397583008,27.862022399902344,35.08000183105469,20.84000015258789,4.504148483276367,20.287355422973633,26.835046768188477,27.089052200317383,27.36086654663086,27.442310333251953,27.543285369873047,27.487642288208008,27.429479598999023,27.557659149169922,27.547224044799805,27.683746337890625,27.575960159301758,27.718652725219727,27.703828811645508,27.803150177001953,27.57883071899414,27.64820671081543,27.637617111206055,27.681257247924805,27.478864669799805,27.862022399902344,4.2101874351501465,4.258237361907959,4.2854485511779785,4.33390998840332,4.3448686599731445,4.396602153778076,4.411888599395752,4.414368152618408,4.42770528793335,4.421117782592773,4.447500228881836,4.442917823791504,4.457215309143066,4.457773685455322,4.520702362060547,4.51338005065918,4.495573043823242,4.516721248626709,4.548774242401123,4.504148483276367,4.42045259475708,4.548774242401123,4.2101874351501465,0.25400543212890625,0.27181434631347656,0.08144378662109375,0.10097503662109375,-0.05564308166503906,-0.058162689208984375,0.12817955017089844,-0.010435104370117188,0.1365222930908203,-0.10778617858886719,0.14269256591796875,-0.01482391357421875,0.09932136535644531,-0.2243194580078125,0.06937599182128906,-0.010589599609375,0.04364013671875,-0.202392578125,0.38315773010253906,1.0269756317138672,0.02948275974818557,0.05405135080218315,0.38315773010253906,-0.2243194580078125,0.15015126764774323,0.1260674148797989,0.1344891684395931,0.04467907406034766,0.02718778337751093,523.316162109375,13.45028018951416,2.2482473850250244,28.981548309326172,4.248083591461182,0.0904805064201355,0.2939610481262207,0.014791786222529527,1.2102775573730469,1.6284770965576172,0.40311241149902344,1.9926528930664062,1.1273460388183594,-0.3017425537109375,1.749868392944336,1.6814765930175781,-0.23363685607910156,0.05715404596543821,0.048644655270683713,-0.050543763583764605,0.11613195032105357,0.04504651951610562,-0.06701382801945106,0.10149776057193101,0.06703937932064633,-0.05140346297644192,0.5302085876464844,0.4682788848876953,2.412263870239258,1.4180488586425781,0.23254013061523438,1.4535102844238281,0.8694610595703125,0.5869483947753906,1.1733875274658203,1.028647952609592,1.1476211547851562,1.9926528930664062,-0.3017425537109375,1.9926528930664062,0.8683872883643629,2.2943954467773438,1.7363333425795147,0.5251440581299472,0.029617028487355652,0.06716392950505734,0.11613195032105357,-0.06701382801945106,0.11613195032105357,0.06868233565166075,0.18314577834050463,1.7290818730534563,0.47093579280500525,1.0160719553629558,1.0160719553629558,2.412263870239258,0.23254013061523438,2.412263870239258,0.6784856428521829,2.1797237396240234,2.374107299946576,0.5778049892845712
T0042,healthy,0,2012-11-14,27.225067138671875,34.439998626708984,20.34000015258789,3.661703586578369,13.408072471618652,27.383277893066406,35.34000015258789,20.299999237060547,3.6003010272979736,12.962167739868164,27.225067138671875,27.261220932006836,27.322845458984375,27.395315170288086,27.369173049926758,27.33971405029297,27.4570255279541,27.466413497924805,27.42822265625,27.39423179626465,27.44146728515625,27.26497459411621,27.464950561523438,27.53542709350586,27.436561584472656,27.395692825317383,27.440898895263672,27.466325759887695,27.394609451293945,27.383277893066406,3.661703586578369,3.6835978031158447,3.698641777038574,3.6953654289245605,3.723632574081421,3.741946220397949,3.7171006202697754,3.6932363510131836,3.682757616043091,3.6963436603546143,3.6976311206817627,3.775460720062256,3.625791311264038,3.6116106510162354,3.6159732341766357,3.6147849559783936,3.5796282291412354,3.5810253620147705,3.603100061416626,3.6003010272979736,3.6649818420410156,3.775460720062256,3.5796282291412354,0.03615379333496094,0.06162452697753906,0.07246971130371094,-0.026142120361328125,-0.029458999633789062,0.11731147766113281,0.009387969970703125,-0.03819084167480469,-0.03399085998535156,0.04723548889160156,-0.17649269104003906,0.19997596740722656,0.07047653198242188,-0.09886550903320312,-0.04086875915527344,0.04520606994628906,0.025426864624023438,-0.07171630859375,-0.011331558227539062,0.15821075439453125,0.00697799625253247,0.008326881565153599,0.19997596740722656,-0.17649269104003906,0.0810454711318016,0.06380663067102432,0.027701732090541283,0.0011784235636396931,-0.006978334699357764,520.5792236328125,3.302967071533203,1.3567838668823242,25.921890258789062,2.903841018676758,0.05545967444777489,-0.06140255928039551,-0.0067152473263274995,0.4163665771484375,0.3254852294921875,-0.4611186981201172,0.8518486022949219,0.38006591796875,-0.44551658630371094,0.7104873657226562,0.16987037658691406,-0.5146923065185547,0.026250746017111578,-0.011363518506961644,-0.01841188875356161,0.07478923080558958,0.011096070942125079,-0.04998081035183795,0.060683505696461366,0.0019767689525621067,-0.031669913557239554,1.4362659454345703,0.519927978515625,0.46887779235839844,0.7740135192871094,0.11377906799316406,0.46968841552734375,0.6759662628173828,0.3279438018798828,0.3092823028564453,0.15919960869683158,0.4750501844618056,0.8518486022949219,-0.5146923065185547,0.8518486022949219,0.5161115625817376,1.3665409088134766,1.7931759890341676,0.48580324016625503,0.007041132360472106,0.031802494842605604,0.07478923080558958,-0.04998081035183795,0.07478923080558958,0.04125385300887877,0.12477004115742753,2.351677365532382,0.6479349822234285,0.5661938985188802,0.5661938985188802,1.4362659454345703,0.11377906799316406,1.4362659454345703,0.3808927764308038,1.3224868774414062,2.5367032810221,0.566403081940898
T0043,healthy,0,2012-11-14,28.204879760742188,35.4900016784668,20.31999969482422,3.5642263889312744,12.703710556030273,27.878501892089844,34.470001220703125,19.899999618530273,3.446152448654175,11.87596607208252,28.204879760742188,28.467464447021484,28.413068771362305,28.383098602294922,28.040191650390625,27.933197021484375,27.97531509399414,27.949268341064453,27.960643768310547,27.970993041992188,27.885820388793945,27.930530548095703,27.83336639404297,27.809473037719727,27.801862716674805,27.713640213012695,27.801185607910156,27.876901626586914,27.306257247924805,27.878501892089844,3.5642263889312744,3.106890916824341,3.098747968673706,3.190267562866211,3.504314661026001,3.5199315547943115,3.5052521228790283,3.5087952613830566,3.515702486038208,3.5040295124053955,3.525418758392334,3.4931228160858154,3.5199179649353027,3.5412492752075195,3.559123992919922,3.5596766471862793,3.555231809616089,3.4505064487457275,3.569655418395996,3.446152448654175,3.4619107246398926,3.569655418395996,3.098747968673706,0.2625846862792969,-0.05439567565917969,-0.029970169067382812,-0.3429069519042969,-0.10699462890625,0.042118072509765625,-0.0260467529296875,0.01137542724609375,0.010349273681640625,-0.08517265319824219,0.04471015930175781,-0.09716415405273438,-0.023893356323242188,-0.007610321044921875,-0.08822250366210938,0.08754539489746094,0.07571601867675781,-0.5706443786621094,0.5722446441650391,-0.32637786865234375,-0.03626997668044079,-0.017177782952785492,0.5722446441650391,-0.5706443786621094,0.21673724055290222,0.13366658985614777,-0.0762914930071157,-0.022808529081800918,-0.021806771414621586,531.093994140625,-4.798746109008789,3.34731125831604,15.275957107543945,3.4822046756744385,0.14325939118862152,-0.11807394027709961,0.012682302016064564,-0.22527694702148438,-0.11435317993164062,-0.472015380859375,0.08497238159179688,-0.017274856567382812,-0.5327014923095703,0.2923240661621094,-1.0679588317871094,-0.8808441162109375,0.09505318806583676,-0.018989704963856584,0.005737417981139612,-0.08307727010626602,-0.0003515415621885948,-0.12326764415081343,-0.07376677147427908,-0.02817123958042795,-0.09908834758557784,3.8070144653320312,0.5636959075927734,4.002052307128906,3.316537857055664,0.11030960083007812,3.8307151794433594,2.105466842651367,0.20177650451660156,2.019134521484375,-0.32590315077039933,0.40974680582682294,0.2923240661621094,-1.0679588317871094,1.0679588317871094,0.45053780204518773,1.3602828979492188,2.606387140878908,0.6729099798244433,-0.0362135459307148,0.05861145838559843,0.09505318806583676,-0.12326764415081343,0.12326764415081343,0.06687336135006199,0.2183208322166502,2.103131819524621,0.6017199869706696,2.2174114651150174,2.2174114651150174,4.002052307128906,0.11030960083007812,4.002052307128906,1.6129124040200482,3.891742706298828,1.804830701041321,0.583251744417224
T0044,healthy,0,2012-11-14,26.94695472717285,33.720001220703125,19.510000228881836,4.265988349914551,18.19865608215332,27.787233352661133,34.189998626708984,20.040000915527344,4.364974021911621,19.05299949645996,26.94695472717285,27.270774841308594,27.223377227783203,27.38126564025879,27.312049865722656,27.591585159301758,27.790931701660156,27.808382034301758,27.857513427734375,27.999530792236328,27.83148193359375,27.974124908447266,27.8101863861084,27.98983383178711,27.9119930267334,27.951066970825195,27.78485679626465,27.853759765625,27.863502502441406,27.787233352661133,4.265988349914551,4.2609734535217285,4.316788673400879,4.3141679763793945,4.347847938537598,4.286864280700684,4.264416694641113,4.296793460845947,4.261086463928223,4.251933574676514,4.3144917488098145,4.272843837738037,4.343258857727051,4.327878952026367,4.291284084320068,4.307529449462891,4.365046501159668,4.35645055770874,4.327245712280273,4.364974021911621,4.306893348693848,4.365046501159668,4.251933574676514,0.3238201141357422,-0.047397613525390625,0.15788841247558594,-0.06921577453613281,0.27953529357910156,0.19934654235839844,0.017450332641601562,0.04913139343261719,0.14201736450195312,-0.16804885864257812,0.14264297485351562,-0.1639385223388672,0.17964744567871094,-0.07784080505371094,0.039073944091796875,-0.16621017456054688,0.06890296936035156,0.00974273681640625,-0.07626914978027344,0.8402786254882812,0.03927824694411147,0.044225189834833145,0.3238201141357422,-0.16804885864257812,0.14400991797447205,0.1251642256975174,0.10013901846749446,0.01884669349307076,-0.02335968017578219,526.5733032226562,14.581171035766602,1.7541327476501465,24.55904769897461,3.861884593963623,0.035976067185401917,0.09898567199707031,0.0034844911188110813,1.6576271057128906,1.4006099700927734,-0.018405914306640625,1.6467971801757812,0.7827682495117188,-0.49095726013183594,1.3128376007080078,1.2855892181396484,-9.5367431640625e-05,0.08664113955390074,0.05349073481738935,0.025251428704512333,0.07693557452438453,0.03434083981621475,-0.022164723389131332,0.06512518574420646,0.04902597441709061,-0.014535688816157263,0.5869388580322266,0.404876708984375,0.9861240386962891,1.0530872344970703,0.2188854217529297,1.0323600769042969,1.087881088256836,0.4510040283203125,1.0648994445800781,0.8418634202745225,0.9550764295789931,1.6576271057128906,-0.49095726013183594,1.6576271057128906,0.8118772113989362,2.1485843658447266,1.735596269596587,0.5473714638944602,0.03934560726360113,0.04750125442033193,0.08664113955390074,-0.022164723389131332,0.08664113955390074,0.037945128528520444,0.10880586294303207,1.8239754375215282,0.5349610640434184,0.765117433336046,0.765117433336046,1.087881088256836,0.2188854217529297,1.087881088256836,0.3456501868952374,0.8689956665039062,1.4218484988572262,0.46555929020380665
T0045,healthy,0,2012-11-14,26.82474708557129,34.33000183105469,19.1200008392334,4.287428379058838,18.382041931152344,27.13434410095215,33.709999084472656,19.719999313354492,4.1962995529174805,17.608930587768555,26.82474708557129,26.940902709960938,27.046785354614258,27.05681610107422,27.20844268798828,27.244596481323242,27.161195755004883,27.107019424438477,27.239208221435547,27.15411949157715,27.143550872802734,27.167037963867188,27.09882354736328,27.243253707885742,27.06890869140625,27.111858367919922,26.98434066772461,27.15248680114746,27.1423397064209,27.13434410095215,4.287428379058838,4.3540730476379395,4.263729095458984,4.337375640869141,4.2122979164123535,4.202621936798096,4.25585412979126,4.26828670501709,4.247457027435303,4.233523845672607,4.229157447814941,4.242354869842529,4.283423900604248,4.219399929046631,4.258549213409424,4.2487077713012695,4.265818119049072,4.204896450042725,4.2147135734558105,4.1962995529174805,4.251297950744629,4.3540730476379395,4.1962995529174805,0.11615562438964844,0.10588264465332031,0.010030746459960938,0.1516265869140625,0.03615379333496094,-0.08340072631835938,-0.05417633056640625,0.1321887969970703,-0.08508872985839844,-0.010568618774414062,0.023487091064453125,-0.06821441650390625,0.14443016052246094,-0.1743450164794922,0.042949676513671875,-0.1275177001953125,0.16814613342285156,-0.0101470947265625,-0.00799560546875,0.3095970153808594,0.005723941774296206,0.016294579952955246,0.16814613342285156,-0.1743450164794922,0.09781287610530853,0.0817108154296875,0.08319707598004941,0.003646986825125348,0.016764777047293324,515.251220703125,5.581037521362305,1.094241738319397,22.156198501586914,2.667149782180786,0.04084644466638565,-0.09112882614135742,-0.003916247088210101,1.3339309692382812,-0.0073833465576171875,-0.3137931823730469,1.0193748474121094,0.3410778045654297,-0.9104175567626953,1.2547016143798828,0.7205886840820312,-0.6386566162109375,0.05159941938586583,-0.003475064442570995,-0.024980008691774195,0.04035590322394091,0.010917306484135846,-0.04780058036173259,0.05073372833710814,0.009248291818717553,-0.03450049923774976,0.7921390533447266,0.17021942138671875,0.8010101318359375,0.7057743072509766,0.11394691467285156,0.6653690338134766,0.57916259765625,0.7303905487060547,0.6181354522705078,0.3110470241970486,0.7266582912868924,1.3339309692382812,-0.9104175567626953,1.3339309692382812,0.8286182766054413,2.2443485260009766,1.8357059526821962,0.55168945122193,0.0057887218351045265,0.030401200220399535,0.05159941938586583,-0.04780058036173259,0.05159941938586583,0.0368771640258751,0.09939999974759842,1.6972817533179014,0.5487127025291229,0.5751274956597222,0.5751274956597222,0.8010101318359375,0.11394691467285156,0.8010101318359375,0.2564029458182448,0.6870632171630859,1.3927522574617741,0.4488936505253551
T0046,healthy,0,2012-11-14,27.146808624267578,33.91999816894531,19.799999237060547,4.322415351867676,18.68327522277832,27.27299690246582,34.11000061035156,19.950000762939453,4.3939642906188965,19.306922912597656,27.146808624267578,27.377946853637695,27.309814453125,27.328323364257812,27.32433319091797,27.325302124023438,27.278884887695312,27.233989715576172,27.31939125061035,27.271432876586914,27.33892250061035,27.27914810180664,27.318321228027344,27.3022518157959,27.373197555541992,27.342243194580078,27.405380249023438,27.284269332885742,27.23558807373047,27.27299690246582,4.322415351867676,4.345193862915039,4.3673553466796875,4.367618560791016,4.386810302734375,4.3857831954956055,4.393653869628906,4.397350311279297,4.367546558380127,4.380125045776367,4.345157146453857,4.402251243591309,4.390347003936768,4.395795822143555,4.381925106048584,4.365238189697266,4.357405662536621,4.379218101501465,4.393435478210449,4.3939642906188965,4.375929832458496,4.402251243591309,4.322415351867676,0.2311382293701172,-0.06813240051269531,0.0185089111328125,-0.00399017333984375,0.00096893310546875,-0.046417236328125,-0.044895172119140625,0.08540153503417969,-0.0479583740234375,0.0674896240234375,-0.05977439880371094,0.039173126220703125,-0.016069412231445312,0.07094573974609375,-0.030954360961914062,0.06313705444335938,-0.12111091613769531,-0.04868125915527344,0.03740882873535156,0.1261882781982422,0.0013203728467895831,0.0066414885222911835,0.2311382293701172,-0.12111091613769531,0.07598037272691727,0.05800819396972656,0.02143244062151309,0.006333169483004015,-0.026916558401924355,518.858642578125,3.069279670715332,1.4899576902389526,23.117488861083984,3.414341449737549,0.020500753074884415,0.0715489387512207,0.0015051264511910297,-0.8177680969238281,0.017841339111328125,0.675048828125,-1.0332450866699219,0.162200927734375,1.4889640808105469,-1.1005191802978516,0.5413246154785156,1.1879005432128906,-0.0396742870933136,-0.009981612872360629,0.028021495503589906,-0.05703986605307265,0.0016874169944810678,0.07286201563096532,-0.05236020195753172,0.006525279167002091,0.06110107593966584,0.340667724609375,0.29082298278808594,0.3857097625732422,0.12061119079589844,0.20722579956054688,0.5194282531738281,0.1520538330078125,0.5275249481201172,0.36472129821777344,0.12463866339789496,0.7805347442626953,1.4889640808105469,-1.1005191802978516,1.4889640808105469,0.9494170459076084,2.5894832611083984,1.907620477728816,0.5377202156327469,0.0012379239177139584,0.036583694579109205,0.07286201563096532,-0.05703986605307265,0.07286201563096532,0.04680794841292719,0.129901881684038,1.991652197863322,0.5801095391450977,0.3231961992051866,0.3231961992051866,0.5275249481201172,0.12061119079589844,0.5275249481201172,0.14621146678936137,0.40691375732421875,1.632212671730964,0.49253293698141803
T0047,healthy,0,2012-11-07,28.16324806213379,34.650001525878906,20.100000381469727,3.8834574222564697,15.081241607666016,27.953968048095703,34.88999938964844,20.010000228881836,3.9565892219543457,15.654598236083984,28.16324806213379,28.212913513183594,28.237995147705078,28.02935218811035,27.7789249420166,28.047216415405273,27.990625381469727,27.97223663330078,28.086380004882812,27.807092666625977,28.09219741821289,27.935029983520508,27.295547485351562,28.043540954589844,28.1143741607666,27.98613929748535,28.137428283691406,28.070781707763672,27.939563751220703,27.953968048095703,3.8834574222564697,3.9295029640197754,3.7862274646759033,3.88236665725708,4.000343322753906,3.8952488899230957,3.8475358486175537,3.8743247985839844,3.7690746784210205,3.9239695072174072,3.9934935569763184,4.005906105041504,4.2261762619018555,3.958660125732422,3.93550181388855,3.9968554973602295,3.906029462814331,3.8905420303344727,3.985837697982788,3.9565892219543457,3.932382106781006,4.2261762619018555,3.7690746784210205,0.04966545104980469,0.025081634521484375,-0.20864295959472656,-0.25042724609375,0.2682914733886719,-0.056591033935546875,-0.018388748168945312,0.11414337158203125,-0.27928733825683594,0.28510475158691406,-0.1571674346923828,-0.6394824981689453,0.7479934692382812,0.07083320617675781,-0.12823486328125,0.1512889862060547,-0.06664657592773438,-0.13121795654296875,0.014404296875,-0.20928001403808594,-0.007537355638087967,-0.01101473718881607,0.7479934692382812,-0.6394824981689453,0.2728237211704254,0.19278386235237122,-0.059736197335380464,-0.03788073857625461,-0.02881153651646104,531.8359375,-3.2657651901245117,3.7975142002105713,31.049413681030273,4.854511737823486,0.09374777227640152,0.07313179969787598,0.00591021462490681,0.20552825927734375,-0.05861473083496094,-0.3520183563232422,-0.4764823913574219,-0.2087554931640625,-0.4857769012451172,-0.69525146484375,-0.05200004577636719,0.23973464965820312,0.024221352885539883,0.006332721566794919,0.001363745667880107,-0.012214564560051593,-0.01731825233402112,-0.04299353836174394,-0.006632584019711863,-0.013111064308568562,-0.007359572102253043,0.84283447265625,0.5663509368896484,3.7434558868408203,4.169597625732422,1.4594078063964844,4.01341438293457,4.235769271850586,1.3350048065185547,4.125102996826172,-0.2092929416232639,0.30824025472005206,0.23973464965820312,-0.69525146484375,0.69525146484375,0.32122956858357327,0.9349861145019531,2.2555504404175966,0.5974815373867113,-0.007523528396237247,0.01461637731184056,0.024221352885539883,-0.04299353836174394,0.04299353836174394,0.018326285958642954,0.06721489124728382,2.941461350501802,0.6426059340585355,2.721215354071723,2.721215354071723,4.235769271850586,0.5663509368896484,4.235769271850586,1.6110102686998753,3.6694183349609375,1.5565725990583317,0.5116369897224052
T0048,healthy,0,2012-11-07,29.307022094726562,35.13999938964844,20.420000076293945,4.372470855712891,19.118501663208008,29.067903518676758,34.689998626708984,20.31999969482422,4.255398273468018,18.108415603637695,29.307022094726562,29.26749038696289,29.21858787536621,29.20526123046875,29.28646469116211,29.0939998626709,29.285207748413086,29.105533599853516,29.038358688354492,29.061939239501953,29.1939640045166,29.156536102294922,29.058082580566406,29.119625091552734,29.076765060424805,29.101158142089844,29.101797103881836,29.065673828125,29.078033447265625,29.067903518676758,4.372470855712891,4.422806262969971,4.421677589416504,4.428215980529785,4.411517143249512,4.421425819396973,4.33463191986084,4.416450023651123,4.402492046356201,4.368249893188477,4.334720134735107,4.337070941925049,4.344683647155762,4.325571537017822,4.32965612411499,4.255160808563232,4.275246620178223,4.266960144042969,4.272392749786377,4.255398273468018,4.34984016418457,4.428215980529785,4.255160808563232,-0.039531707763671875,-0.04890251159667969,-0.013326644897460938,0.08120346069335938,-0.19246482849121094,0.1912078857421875,-0.1796741485595703,-0.06717491149902344,0.023580551147460938,0.13202476501464844,-0.03742790222167969,-0.09845352172851562,0.061542510986328125,-0.04286003112792969,0.024393081665039062,0.0006389617919921875,-0.03612327575683594,0.012359619140625,-0.010129928588867188,-0.2391185760498047,-0.01090678738472247,-0.012585188262164593,0.1912078857421875,-0.19246482849121094,0.09031394869089127,0.06805370002985,-0.029186139787944935,-0.010830674852644382,-0.004280144827706852,553.701904296875,-3.1314783096313477,0.8325877785682678,19.37203025817871,2.408872127532959,0.059823453426361084,-0.11707258224487305,-0.0092395990414728,-0.5345439910888672,-0.05960273742675781,-0.4840202331542969,0.023456573486328125,-0.2527923583984375,-0.05373954772949219,-0.2337493896484375,0.09599876403808594,-0.6508998870849609,0.00940233388341347,-0.008247450061311088,-0.022915977822211282,0.0030449300780327738,-0.014490785813870782,-0.015498990223819972,-0.011799261623756252,0.014867001010061937,-0.05225159637910148,0.8457527160644531,0.11190223693847656,0.7055912017822266,0.7230129241943359,0.05389976501464844,0.4273815155029297,0.5666942596435547,0.7458133697509766,0.6223983764648438,-0.2388769785563151,0.265422609117296,0.09599876403808594,-0.6508998870849609,0.6508998870849609,0.2657237244824443,0.7468986511230469,2.4523150636130007,0.6988704248299145,-0.010876644105840296,0.01694648076617545,0.014867001010061937,-0.05225159637910148,0.05225159637910148,0.019896000415210044,0.06711859738916341,3.0833284070465887,0.5944633692616722,0.5336051517062717,0.5336051517062717,0.8457527160644531,0.05389976501464844,0.8457527160644531,0.28198761686022195,0.7918529510498047,1.5849785136261598,0.48195832480023765
T0049,healthy,0,2012-11-07,27.185951232910156,34.2599983215332,18.729999542236328,4.056680679321289,16.4566593170166,27.492210388183594,34.880001068115234,19.260000228881836,4.050558090209961,16.40702247619629,27.185951232910156,27.289594650268555,27.265979766845703,27.32868766784668,27.30999755859375,27.307479858398438,27.2984676361084,27.348859786987305,27.374967575073242,27.332490921020508,27.402292251586914,27.350801467895508,27.371047973632812,27.346656799316406,27.34229850769043,27.3242130279541,27.28883934020996,27.437408447265625,27.36188507080078,27.492210388183594,4.056680679321289,4.049228191375732,4.044190883636475,4.047871112823486,4.071046352386475,4.060643196105957,4.085056304931641,4.088827610015869,4.064271926879883,4.116608142852783,4.113119602203369,4.148250102996826,4.127028942108154,4.144259929656982,4.145007133483887,4.165624141693115,4.147178649902344,4.114036560058594,4.147404670715332,4.050558090209961,4.099344730377197,4.165624141693115,4.044190883636475,0.10364341735839844,-0.023614883422851562,0.06270790100097656,-0.018690109252929688,-0.0025177001953125,-0.009012222290039062,0.05039215087890625,0.0261077880859375,-0.042476654052734375,0.06980133056640625,-0.05149078369140625,0.020246505737304688,-0.02439117431640625,-0.0043582916259765625,-0.018085479736328125,-0.035373687744140625,0.14856910705566406,-0.07552337646484375,0.1303253173828125,0.3062591552734375,0.007531254990656099,0.01611890271306038,0.14856910705566406,-0.07552337646484375,0.06097646802663803,0.04828041419386864,0.020901707240510707,0.005304381960913522,0.028889846801756523,519.4210815429688,2.8879756927490234,0.5065351724624634,26.467727661132812,1.8397116661071777,0.040744319558143616,-0.006122589111328125,0.004920949792503278,0.49320411682128906,0.4005584716796875,0.2489166259765625,0.5409297943115234,0.24298095703125,0.16699600219726562,0.42913818359375,0.2813701629638672,-0.045196533203125,-0.011272345808216283,0.021350793193156973,0.025681934500098723,-0.014589249460321,0.014261033481224775,0.01773289845402027,-0.01085390363420823,0.013538871134133698,0.0117781445496062,0.4102058410644531,0.17189407348632812,0.5107517242431641,0.6263141632080078,0.08587074279785156,0.3384857177734375,0.5378170013427734,0.15590286254882812,0.16635704040527344,0.30654419793023,0.3165878719753689,0.5409297943115234,-0.045196533203125,0.5409297943115234,0.18194666033306095,0.5861263275146484,1.7086244455610866,0.5135565892586764,0.007514241823277235,0.015673241579442908,0.025681934500098723,-0.014589249460321,0.025681934500098723,0.015430575759363256,0.040271183960419725,1.6385836959181614,0.45913796047882743,0.3337332407633464,0.3337332407633464,0.6263141632080078,0.08587074279785156,0.6263141632080078,0.1973974846166,0.5404434204101562,1.8766909253885928,0.5576252989053111
T0050,healthy,0,2012-11-07,27.295269012451172,35.040000915527344,18.889999389648438,4.401793479919434,19.37578773498535,27.309179306030273,35.20000076293945,19.520000457763672,4.263813018798828,18.180099487304688,27.295269012451172,27.48396110534668,27.42119789123535,27.462900161743164,27.456340789794922,27.585752487182617,27.4809627532959,27.437707901000977,27.427568435668945,27.466569900512695,27.51163101196289,27.464359283447266,27.492197036743164,27.44167709350586,27.422744750976562,27.4801082611084,27.363014221191406,27.329917907714844,27.375761032104492,27.309179306030273,4.401793479919434,4.344686985015869,4.357477188110352,4.331545829772949,4.309079647064209,4.2674031257629395,4.3050642013549805,4.319806098937988,4.297030448913574,4.2770819664001465,4.256235122680664,4.282347679138184,4.26174783706665,4.28077507019043,4.283683776855469,4.25823450088501,4.291686058044434,4.32288122177124,4.285323619842529,4.263813018798828,4.2998857498168945,4.401793479919434,4.256235122680664,0.1886920928955078,-0.06276321411132812,0.0417022705078125,-0.0065593719482421875,0.1294116973876953,-0.10478973388671875,-0.043254852294921875,-0.01013946533203125,0.03900146484375,0.04506111145019531,-0.047271728515625,0.027837753295898438,-0.05051994323730469,-0.018932342529296875,0.05736351013183594,-0.11709403991699219,-0.0330963134765625,0.04584312438964844,-0.06658172607421875,0.013910293579101562,-0.00398163185980174,0.0007321207085624337,0.1886920928955078,-0.11709403991699219,0.07438217848539352,0.059785038232803345,0.04032167707170591,0.0018199966067341583,-0.02611329214913658,521.4066162109375,2.79648494720459,0.43829482793807983,19.06315803527832,1.5774580240249634,0.03670303523540497,-0.13798046112060547,-0.004214965131946133,0.49559974670410156,0.042179107666015625,-0.3892478942871094,0.5083236694335938,-0.0033416748046875,-0.3900127410888672,0.48336029052734375,-0.11595726013183594,-0.499481201171875,0.010797992505524729,6.887966528833804e-05,-0.027023051555893317,0.019126948019614738,-0.0033909087790596486,-0.024184489429445385,0.024784960065568715,-0.004660721112015692,-0.031023807095406107,0.29517364501953125,0.1820392608642578,0.5348854064941406,0.17418670654296875,0.1251506805419922,0.4848346710205078,0.22167015075683594,0.11663627624511719,0.32398223876953125,0.014602449205186632,0.3252781762017144,0.5083236694335938,-0.499481201171875,0.5083236694335938,0.40374370125538095,1.0078048706054688,1.5627351940482341,0.5135449259425454,-0.003944910857313737,0.016117973136424074,0.024784960065568715,-0.031023807095406107,0.031023807095406107,0.020209858090129738,0.055808767160974826,1.9247946118827512,0.5710106786150737,0.2731732262505425,0.2731732262505425,0.5348854064941406,0.11663627624511719,0.5348854064941406,0.15146377245909748,0.41824913024902344,1.958044696602588,0.546540591868655
T0051,healthy,0,2012-11-07,27.331214904785156,34.11000061035156,19.729999542236328,3.695451021194458,13.65635871887207,27.340700149536133,34.31999969482422,19.809999465942383,3.638054847717285,13.235443115234375,27.331214904785156,27.400806427001953,27.27924346923828,27.180683135986328,27.243680953979492,27.143117904663086,27.017696380615234,27.286333084106445,27.110370635986328,27.12611961364746,27.338083267211914,27.219961166381836,27.15695571899414,27.17055320739746,27.285898208618164,27.3580265045166,27.342601776123047,27.273998260498047,27.27532958984375,27.340700149536133,3.695451021194458,3.6583304405212402,3.715308427810669,3.7887301445007324,3.758693218231201,3.7666237354278564,3.7686188220977783,3.6893460750579834,3.683145523071289,3.6496899127960205,3.6151556968688965,3.6915361881256104,3.7376585006713867,3.716414213180542,3.6562297344207764,3.618370532989502,3.652470111846924,3.677891492843628,3.6678943634033203,3.638054847717285,3.6922805309295654,3.7887301445007324,3.6151556968688965,0.06959152221679688,-0.12156295776367188,-0.09856033325195312,0.06299781799316406,-0.10056304931640625,-0.12542152404785156,0.26863670349121094,-0.1759624481201172,0.015748977661132812,0.21196365356445312,-0.11812210083007812,-0.06300544738769531,0.013597488403320312,0.11534500122070312,0.0721282958984375,-0.015424728393554688,-0.068603515625,0.001331329345703125,0.06537055969238281,0.009485244750976562,0.0026917651183620216,0.0004992234171368182,0.26863670349121094,-0.1759624481201172,0.11545813828706741,0.093891441822052,-0.043154907226562164,0.01147435960315363,-0.001219558715821299,517.54541015625,-1.747666358947754,1.8178941011428833,30.069149017333984,3.8818273544311523,0.049672096967697144,-0.05739617347717285,-0.004459325532267984,-0.5987415313720703,0.11673355102539062,0.8524513244628906,-1.1851387023925781,-0.15723228454589844,1.2911148071289062,-1.2612533569335938,-0.0078067779541015625,1.020547866821289,-0.030447219905996855,0.0035957551540284254,0.04881597389852193,-0.0677377815533409,-0.01077560195349296,0.08672048095473628,-0.07841501307666822,-0.00393335442794117,0.07544937850837388,0.5227470397949219,0.5640659332275391,0.8937301635742188,0.7107162475585938,0.13566970825195312,1.3817462921142578,0.5807609558105469,0.418731689453125,1.2976818084716797,0.007852766248914931,0.7212244669596354,1.2911148071289062,-1.2612533569335938,1.2911148071289062,0.9237713810445087,2.5523681640625,1.7901705341056606,0.5757965225834453,0.0025858463998022683,0.04509895104812229,0.08672048095473628,-0.07841501307666822,0.08672048095473628,0.058464454246556344,0.16513549403140448,1.922893098628198,0.5927333391258598,0.7228722042507596,0.7228722042507596,1.3817462921142578,0.13566970825195312,1.3817462921142578,0.4056837898006983,1.2460765838623047,1.9114668746071612,0.5492223687144487
T0052,healthy,0,2012-11-07,26.98208236694336,34.25,18.8799991607666,4.117515563964844,16.953935623168945,27.282032012939453,34.619998931884766,19.219999313354492,4.2800703048706055,18.319002151489258,26.98208236694336,27.117530822753906,27.066362380981445,27.198503494262695,27.234956741333008,27.29700469970703,27.34263038635254,27.247346878051758,27.302871704101562,27.171764373779297,27.276796340942383,27.288860321044922,27.294172286987305,27.2993221282959,27.376604080200195,27.303316116333008,27.299476623535156,27.35735321044922,27.300840377807617,27.282032012939453,4.117515563964844,4.118958473205566,4.180193901062012,4.165777683258057,4.188549995422363,4.187098979949951,4.184232711791992,4.271022319793701,4.250824451446533,4.266435623168945,4.245042324066162,4.261994361877441,4.259346961975098,4.258884429931641,4.235195636749268,4.267909526824951,4.246260643005371,4.244976043701172,4.275946140289307,4.2800703048706055,4.225312232971191,4.2800703048706055,4.117515563964844,0.13544845581054688,-0.05116844177246094,0.13214111328125,0.0364532470703125,0.06204795837402344,0.04562568664550781,-0.09528350830078125,0.05552482604980469,-0.13110733032226562,0.10503196716308594,0.012063980102539062,0.0053119659423828125,0.00514984130859375,0.07728195190429688,-0.0732879638671875,-0.0038394927978515625,0.0578765869140625,-0.05651283264160156,-0.018808364868164062,0.29994964599609375,0.011996340930909753,0.015786822885274887,0.13544845581054688,-0.13110733032226562,0.0724712684750557,0.061050817370414734,0.05882944379534041,-7.182075864089036e-05,-0.012068884713311407,517.9077758789062,5.248205184936523,0.834103524684906,30.45499610900879,2.5787250995635986,0.04988095164299011,0.16255474090576172,0.0071860657598738185,0.5268325805664062,0.4467506408691406,0.4930610656738281,-0.028085708618164062,0.4367256164550781,0.2941322326660156,-0.22501564025878906,0.33563804626464844,0.4181041717529297,0.021923522662398803,0.016715144394035004,0.020169811679007645,0.024696453352619357,0.024441779287236794,-0.019341209239530064,0.00525004451436157,0.013448032579923995,0.0008257026959172684,0.2301025390625,0.22044754028320312,0.33661651611328125,0.2427997589111328,0.1129150390625,0.40898895263671875,0.2250843048095703,0.123138427734375,0.29166603088378906,0.29979366726345485,0.3560384114583333,0.5268325805664062,-0.22501564025878906,0.5268325805664062,0.2567804527834995,0.7518482208251953,1.479707101296821,0.4577047604763743,0.012014364658441154,0.016312411156114502,0.024696453352619357,-0.019341209239530064,0.024696453352619357,0.014397246560895305,0.04403766259214942,1.5139661437298169,0.4840332907109841,0.24352878994411892,0.24352878994411892,0.40898895263671875,0.1129150390625,0.40898895263671875,0.09418539842779552,0.29607391357421875,1.6794274547017314,0.4732598077984982
T0055,healthy,0,2012-11-19,26.553314208984375,34.040000915527344,20.18000030517578,3.8887128829956055,15.122088432312012,26.457523345947266,34.34000015258789,20.229999542236328,3.780032157897949,14.288642883300781,26.553314208984375,26.52356719970703,26.55670166015625,26.59479522705078,26.57244873046875,26.544004440307617,26.552478790283203,26.56740951538086,26.550310134887695,26.50493049621582,26.55548095703125,26.480207443237305,26.524858474731445,26.474079132080078,26.4174747467041,26.492252349853516,26.490312576293945,26.50461769104004,26.45569610595703,26.457523345947266,3.8887128829956055,3.8894569873809814,3.8737423419952393,3.865685224533081,3.85465931892395,3.8499650955200195,3.828415632247925,3.8271970748901367,3.8362624645233154,3.8246922492980957,3.8219776153564453,3.8246076107025146,3.825209140777588,3.802495241165161,3.8285489082336426,3.8163034915924072,3.801576852798462,3.8026864528656006,3.7999210357666016,3.780032157897949,3.8321070671081543,3.8894569873809814,3.780032157897949,-0.02974700927734375,0.03313446044921875,0.03809356689453125,-0.02234649658203125,-0.028444290161132812,0.008474349975585938,0.01493072509765625,-0.017099380493164062,-0.045379638671875,0.05055046081542969,-0.07527351379394531,0.044651031494140625,-0.05077934265136719,-0.05660438537597656,0.07477760314941406,-0.0019397735595703125,0.01430511474609375,-0.04892158508300781,0.001827239990234375,-0.09579086303710938,-0.0060568472496557195,-0.005041624419391155,0.07477760314941406,-0.07527351379394531,0.040458135306835175,0.03459368273615837,0.003948266165596088,-0.010967981247677026,0.0029965536934981906,503.8670349121094,-0.6459255218505859,0.4665268361568451,13.7606840133667,1.2607316970825195,0.029311107471585274,-0.10868072509765625,-0.0047594086568159295,0.05088615417480469,-0.03350639343261719,-0.2252826690673828,0.29337310791015625,-0.06708145141601562,-0.4462623596191406,0.42789459228515625,-0.3741035461425781,-0.4839801788330078,0.0008629877764472823,0.004064929933475604,-0.006520671414254135,0.01403863663063809,-0.009106343491634415,-0.036401106181898124,0.023189134526073168,-0.01766622729767547,-0.026730330904624067,0.1455230712890625,0.12613868713378906,0.09900093078613281,0.23328781127929688,0.11226081848144531,0.32083702087402344,0.20303726196289062,0.06914138793945312,0.12767410278320312,-0.0953403049045139,0.2669300503200955,0.42789459228515625,-0.4839801788330078,0.4839801788330078,0.320089489526848,0.9118747711181641,1.8131347898870271,0.5653320966611712,-0.006029887824828007,0.015397818684080041,0.023189134526073168,-0.036401106181898124,0.036401106181898124,0.019045810277826373,0.059590240707971295,2.3640415105756807,0.622891730855111,0.15965567694769967,0.15965567694769967,0.32083702087402344,0.06914138793945312,0.32083702087402344,0.078856773920435,0.2516956329345703,2.0095558574065944,0.5269409932133957
T0057,healthy,0,2012-11-19,27.359010696411133,33.75,20.670000076293945,4.062688827514648,16.50543975830078,27.612632751464844,34.79999923706055,20.899999618530273,4.121814250946045,16.989351272583008,27.359010696411133,27.493532180786133,27.552385330200195,27.612110137939453,27.592079162597656,27.68123435974121,27.63286781311035,27.674612045288086,27.61366844177246,27.706523895263672,27.620019912719727,27.62272071838379,27.6596736907959,27.63222312927246,27.668411254882812,27.679710388183594,27.627805709838867,27.570276260375977,27.547344207763672,27.612632751464844,4.062688827514648,4.0880608558654785,4.094516754150391,4.0927734375,4.092308521270752,4.077551364898682,4.105471611022949,4.110602378845215,4.125192642211914,4.109344482421875,4.1263532638549805,4.12537956237793,4.118405818939209,4.124949932098389,4.126286029815674,4.114196300506592,4.127447128295898,4.115625858306885,4.1107354164123535,4.121814250946045,4.108485221862793,4.127447128295898,4.062688827514648,0.134521484375,0.0588531494140625,0.05972480773925781,-0.020030975341796875,0.08915519714355469,-0.048366546630859375,0.041744232177734375,-0.060943603515625,0.09285545349121094,-0.08650398254394531,0.0027008056640625,0.036952972412109375,-0.0274505615234375,0.03618812561035156,0.01129913330078125,-0.05190467834472656,-0.057529449462890625,-0.022932052612304688,0.06528854370117188,0.25362205505371094,0.00520001031402313,0.013348529115319252,0.134521484375,-0.08650398254394531,0.059977225959300995,0.05289188027381897,0.056185259137833836,-0.0016494251432883898,-0.02095772879464301,524.6730346679688,4.8518171310424805,0.2281913012266159,13.872159004211426,0.8184193968772888,0.017868151888251305,0.059125423431396484,0.0023673365886945465,0.3406562805175781,0.3957042694091797,-0.03248786926269531,0.381988525390625,0.24211502075195312,-0.0888214111328125,0.5592117309570312,0.6930961608886719,-0.20376014709472656,0.014993528495156408,0.012545932683729387,-0.02533072278015686,0.023984222125289622,0.006644851283022445,-0.018331643871795634,0.028319994130528145,0.021862490374342174,-0.017528072156404492,0.13753318786621094,0.14488983154296875,0.22870635986328125,0.1537761688232422,0.1331768035888672,0.14306640625,0.18331336975097656,0.3730144500732422,0.1421794891357422,0.2541891733805339,0.32642682393391925,0.6930961608886719,-0.20376014709472656,0.6930961608886719,0.30397722259676135,0.8968563079833984,2.1232818164360223,0.5609602162334343,0.00524006447596791,0.01883793976671391,0.028319994130528145,-0.02533072278015686,0.028319994130528145,0.02036969977628144,0.053650716910685,1.5033480013079088,0.45791121191407314,0.1821840074327257,0.1821840074327257,0.3730144500732422,0.1331768035888672,0.3730144500732422,0.07770591462854692,0.239837646484375,2.047459789994935,0.4787797823884724
T0058,healthy,0,2012-11-19,27.786243438720703,34.08000183105469,20.790000915527344,4.204537868499756,17.678136825561523,27.70914649963379,34.720001220703125,20.850000381469727,4.17556619644165,17.435352325439453,27.786243438720703,27.771835327148438,27.763362884521484,27.847217559814453,27.799123764038086,27.717994689941406,27.860139846801758,27.74204444885254,27.747549057006836,27.69854736328125,27.75074577331543,27.707069396972656,27.63091468811035,27.706836700439453,27.68731689453125,27.715940475463867,27.728418350219727,27.719221115112305,27.671171188354492,27.70914649963379,4.204537868499756,4.190151214599609,4.19113826751709,4.19353723526001,4.185622692108154,4.197618007659912,4.181224346160889,4.186089992523193,4.176985740661621,4.187736988067627,4.177883148193359,4.180948734283447,4.185433387756348,4.170515060424805,4.172837257385254,4.168445587158203,4.168148040771484,4.1722917556762695,4.179177284240723,4.17556619644165,4.1822943687438965,4.204537868499756,4.168148040771484,-0.014408111572265625,-0.008472442626953125,0.08385467529296875,-0.04809379577636719,-0.08112907409667969,0.14214515686035156,-0.11809539794921875,0.005504608154296875,-0.04900169372558594,0.05219841003417969,-0.04367637634277344,-0.07615470886230469,0.07592201232910156,-0.019519805908203125,0.028623580932617188,0.012477874755859375,-0.009197235107421875,-0.0480499267578125,0.037975311279296875,-0.07709693908691406,-0.006219380601008645,-0.004057733807712793,0.14214515686035156,-0.11809539794921875,0.06235038489103317,0.05023685097694397,-0.005014964512418357,-0.020214421408518625,-0.0009816305977964424,527.0131225585938,-0.925480842590332,0.31389573216438293,9.008322715759277,0.9448854923248291,0.00971242319792509,-0.02897167205810547,-0.0013819275045755068,-0.2048816680908203,0.053936004638671875,-0.2993316650390625,-0.496856689453125,-0.023426055908203125,0.17013931274414062,-0.31204795837402344,0.017755508422851562,0.39850807189941406,-0.014641180970615527,-0.0027296338762553066,-0.01662684132282018,-0.022338566027189505,-0.0008241380964009944,0.006499155661216567,-0.018674311243502252,-0.005253700026892628,0.018487462782321894,0.21334266662597656,0.1044769287109375,0.2667961120605469,0.2954845428466797,0.06004524230957031,0.23288345336914062,0.2798633575439453,0.13540267944335938,0.3322887420654297,-0.0773561265733507,0.2196536593967014,0.39850807189941406,-0.496856689453125,0.496856689453125,0.27692280260249147,0.8953647613525391,2.262000406447963,0.6107659146146365,-0.006233528124459768,0.011786110000801651,0.018487462782321894,-0.022338566027189505,0.022338566027189505,0.013269336750391617,0.0408260288095114,1.8953282357272887,0.5609270803579226,0.213398191663954,0.213398191663954,0.3322887420654297,0.06004524230957031,0.3322887420654297,0.09353210360329892,0.2722434997558594,1.557130001445359,0.4725837389576729
T0059,healthy,0,2012-11-19,27.491477966308594,34.22999954223633,20.309999465942383,3.7959587574005127,14.409303665161133,27.907649993896484,35.02000045776367,20.59000015258789,3.8429460525512695,14.768235206604004,27.491477966308594,27.6671199798584,27.87854766845703,27.8121280670166,27.890979766845703,27.839088439941406,27.90782928466797,27.955671310424805,27.903657913208008,27.855257034301758,27.93336296081543,27.856565475463867,27.92810821533203,27.922815322875977,27.981809616088867,27.89576530456543,27.883695602416992,27.936803817749023,27.877235412597656,27.907649993896484,3.7959587574005127,3.833824634552002,3.7847530841827393,3.828787088394165,3.832566738128662,3.8457894325256348,3.8589084148406982,3.842886447906494,3.8585262298583984,3.873523473739624,3.848970651626587,3.870816230773926,3.8512866497039795,3.8544490337371826,3.8396615982055664,3.8205068111419678,3.8574705123901367,3.824289321899414,3.848951816558838,3.8429460525512695,3.8407435417175293,3.873523473739624,3.7847530841827393,0.1756420135498047,0.2114276885986328,-0.06641960144042969,0.07885169982910156,-0.051891326904296875,0.0687408447265625,0.04784202575683594,-0.052013397216796875,-0.04840087890625,0.07810592651367188,-0.0767974853515625,0.07154273986816406,-0.0052928924560546875,0.058994293212890625,-0.0860443115234375,-0.0120697021484375,0.05310821533203125,-0.05956840515136719,0.030414581298828125,0.4161720275878906,0.010920675177322045,0.021903790533542633,0.2114276885986328,-0.0860443115234375,0.08184980601072311,0.07016673684120178,0.0669489179338709,-0.0011438642229363858,-0.010665130615235338,529.6260375976562,7.287923812866211,0.2852639853954315,8.517873764038086,0.8824165463447571,0.021741164848208427,0.046987295150756836,0.0014670237562708867,0.3991260528564453,0.5049629211425781,0.5572071075439453,0.0484466552734375,0.2738990783691406,0.5638599395751953,0.2061595916748047,0.8586826324462891,0.3322410583496094,0.011851210343209722,0.0171188928130867,0.016030059183449553,-0.005047168588280342,0.006228699361470714,0.018813470252473954,0.0045784885721991886,0.02087710961363315,0.007789838403687152,0.2734794616699219,0.20212554931640625,0.2221965789794922,0.4629650115966797,0.16566085815429688,0.2833728790283203,0.37122154235839844,0.5551052093505859,0.3885631561279297,0.41606500413682723,0.41606500413682723,0.8586826324462891,0.0484466552734375,0.8586826324462891,0.23777765502743547,0.8102359771728516,2.0638184016210084,0.5286966792299604,0.01091562221721442,0.012037215236832273,0.02087710961363315,-0.005047168588280342,0.02087710961363315,0.008320368943781471,0.02592427820191349,1.7343789123220883,0.5243873208360168,0.32496558295355904,0.32496558295355904,0.5551052093505859,0.16566085815429688,0.5551052093505859,0.12922957581758115,0.38944435119628906,1.7081968718759597,0.4809512302745767
T0060,healthy,0,2012-11-19,27.557682037353516,34.310001373291016,20.440000534057617,3.4218757152557373,11.709233283996582,27.753620147705078,33.72999954223633,20.540000915527344,3.378079891204834,11.411423683166504,27.557682037353516,27.646774291992188,27.7379093170166,27.75674819946289,27.846508026123047,27.805503845214844,27.771299362182617,27.788707733154297,27.773056030273438,27.739870071411133,27.735061645507812,27.745302200317383,27.73509407043457,27.77189064025879,27.800785064697266,27.75690460205078,27.770069122314453,27.7488956451416,27.80451202392578,27.753620147705078,3.4218757152557373,3.4264581203460693,3.431985855102539,3.4369776248931885,3.4018733501434326,3.436091899871826,3.4213290214538574,3.4472315311431885,3.4232075214385986,3.4135985374450684,3.4158332347869873,3.4175074100494385,3.421132802963257,3.4137423038482666,3.3965368270874023,3.407822370529175,3.3695826530456543,3.378793954849243,3.361150026321411,3.378079891204834,3.411040782928467,3.4472315311431885,3.361150026321411,0.08909225463867188,0.09113502502441406,0.018838882446289062,0.08975982666015625,-0.041004180908203125,-0.03420448303222656,0.017408370971679688,-0.015651702880859375,-0.03318595886230469,-0.0048084259033203125,0.010240554809570312,-0.0102081298828125,0.03679656982421875,0.028894424438476562,-0.043880462646484375,0.013164520263671875,-0.021173477172851562,0.05561637878417969,-0.050891876220703125,0.1959381103515625,0.004031749237748019,0.01031253207474947,0.09113502502441406,-0.050891876220703125,0.04459531977772713,0.037155553698539734,0.05306140354701587,-0.0041904676528214556,-0.003262165614538556,527.3905639648438,3.794584274291992,0.3604532778263092,12.59568977355957,1.0461875200271606,0.02288787066936493,-0.04379582405090332,-0.0030867624999885803,0.3320293426513672,0.5433444976806641,0.15482711791992188,0.23491287231445312,0.22411727905273438,0.06764984130859375,0.1277008056640625,0.26576995849609375,-0.18430328369140625,0.009121354181963014,0.020415475314720564,0.007519548459160553,0.0028578191771540047,0.00661803797671697,0.004117349036653422,-0.0033424463487209677,-0.004650691039580613,-0.00633861140201022,0.2563495635986328,0.15812301635742188,0.5098648071289062,0.6215744018554688,0.11371231079101562,0.3133506774902344,0.45496177673339844,0.3267993927001953,0.2848339080810547,0.19622760348849827,0.23718388875325522,0.5433444976806641,-0.18430328369140625,0.5433444976806641,0.19804945500145746,0.7276477813720703,2.2908152726079893,0.5345799645070931,0.004035315039561859,0.007220148104075593,0.020415475314720564,-0.00633861140201022,0.020415475314720564,0.008305701548465301,0.026754086716730786,2.8275662416861143,0.570261805637857,0.337729983859592,0.337729983859592,0.6215744018554688,0.11371231079101562,0.6215744018554688,0.16451387514771065,0.5078620910644531,1.8404477338600915,0.5219162764187321
T0061,healthy,0,2012-11-19,28.32272720336914,35.400001525878906,19.760000228881836,4.211428642272949,17.73613166809082,28.050071716308594,34.790000915527344,19.450000762939453,4.163309574127197,17.333147048950195,28.32272720336914,28.352935791015625,28.38981819152832,28.362064361572266,28.352598190307617,28.320039749145508,28.31800079345703,28.328304290771484,28.29623031616211,28.250682830810547,28.229196548461914,28.255950927734375,28.253629684448242,28.1655330657959,28.131900787353516,28.111799240112305,28.170452117919922,28.1113224029541,28.068151473999023,28.050071716308594,4.211428642272949,4.2362236976623535,4.2277607917785645,4.213444232940674,4.211440563201904,4.213339805603027,4.206153869628906,4.203200340270996,4.200622081756592,4.202809810638428,4.196823596954346,4.182868480682373,4.163918495178223,4.166917324066162,4.182738780975342,4.188466548919678,4.149221420288086,4.153232574462891,4.16292667388916,4.163309574127197,4.191842555999756,4.2362236976623535,4.149221420288086,0.030208587646484375,0.03688240051269531,-0.027753829956054688,-0.009466171264648438,-0.032558441162109375,-0.0020389556884765625,0.010303497314453125,-0.032073974609375,-0.0455474853515625,-0.021486282348632812,0.026754379272460938,-0.0023212432861328125,-0.08809661865234375,-0.03363227844238281,-0.020101547241210938,0.05865287780761719,-0.05912971496582031,-0.043170928955078125,-0.018079757690429688,-0.2726554870605469,-0.017003905504270077,-0.014350288547575474,0.05865287780761719,-0.08809661865234375,0.03486810252070427,0.03148731589317322,-0.0012058258056635695,-0.01884489967709645,-0.017120524815151528,536.655029296875,-1.476806640625,0.5597618818283081,24.190807342529297,1.8307383060455322,0.024541426450014114,-0.04811906814575195,-0.003888396212929306,-0.7744884490966797,-0.2787590026855469,0.1764659881591797,-1.3322486877441406,-0.08271980285644531,0.8438873291015625,-1.1089515686035156,-0.3336963653564453,0.42597389221191406,-0.03879510119445373,-0.02310173780398336,0.0009220352746485771,-0.06325471921074743,-0.007292155215615054,0.03843732561383865,-0.05637210903311176,-0.02457628465236636,0.02047817832545205,0.176544189453125,0.0730743408203125,0.1625843048095703,0.1930980682373047,0.04073905944824219,0.22185134887695312,0.13148880004882812,0.1431732177734375,0.15695571899414062,-0.273837407430013,0.5952434539794922,0.8438873291015625,-1.3322486877441406,1.3322486877441406,0.7115346452890338,2.176136016845703,2.2381576083799555,0.6132108275949392,-0.017061618655148717,0.03035884959157967,0.03843732561383865,-0.06325471921074743,0.06325471921074743,0.033824248138805135,0.10169204482458608,2.083567039793937,0.5798123511538875,0.144389894273546,0.144389894273546,0.22185134887695312,0.04073905944824219,0.22185134887695312,0.05689125662452608,0.18111228942871094,1.536474104565211,0.45516697457074196
T0062,healthy,0,2012-11-19,27.98008155822754,34.900001525878906,20.3700008392334,3.6201171875,13.10524845123291,28.090303421020508,34.81999969482422,20.290000915527344,3.6426596641540527,13.268969535827637,27.98008155822754,28.126026153564453,28.175853729248047,28.222393035888672,28.218101501464844,28.158430099487305,28.149478912353516,28.087942123413086,28.177061080932617,28.125341415405273,28.098587036132812,28.068387985229492,28.086862564086914,28.15768814086914,28.0911922454834,28.158395767211914,28.272884368896484,28.125240325927734,28.12908935546875,28.090303421020508,3.6201171875,3.620530128479004,3.6446831226348877,3.6437973976135254,3.6365420818328857,3.628952741622925,3.646451234817505,3.6113569736480713,3.6082513332366943,3.6610987186431885,3.6162827014923096,3.6241087913513184,3.6292026042938232,3.6004250049591064,3.6381540298461914,3.5857186317443848,3.576969623565674,3.5916295051574707,3.6206650733947754,3.6426596641540527,3.622380018234253,3.6610987186431885,3.576969623565674,0.14594459533691406,0.04982757568359375,0.046539306640625,-0.004291534423828125,-0.05967140197753906,-0.008951187133789062,-0.06153678894042969,0.08911895751953125,-0.05171966552734375,-0.026754379272460938,-0.030199050903320312,0.018474578857421875,0.07082557678222656,-0.06649589538574219,0.06720352172851562,0.11448860168457031,-0.14764404296875,0.003849029541015625,-0.03878593444824219,0.11022186279296875,0.0003615529913646121,0.0058011505752801895,0.14594459533691406,-0.14764404296875,0.0709785521030426,0.05801692605018616,0.03470023018973382,-0.003579843611944089,-0.006857354300360898,534.6641235351562,3.0425987243652344,1.0274813175201416,20.69983673095703,2.598175287246704,0.021437868475914,0.022542476654052734,-0.0014589546318342,0.032657623291015625,-0.117156982421875,-0.056842803955078125,-0.8807353973388672,0.14355850219726562,1.3654556274414062,-1.0460777282714844,0.41929054260253906,1.1219635009765625,0.004666699861224932,-0.0053928647722525655,-0.0024416184963148794,-0.03715096237067962,0.0008959232416362487,0.04915900839898763,-0.04621617596848643,0.00016208591317717653,0.03917327680085809,0.13851547241210938,0.44211578369140625,0.3637218475341797,1.210886001586914,0.10978126525878906,0.6968555450439453,0.9364948272705078,0.4139900207519531,0.6320247650146484,0.10912365383572048,0.5759709676106771,1.3654556274414062,-1.0460777282714844,1.3654556274414062,0.7984758810718623,2.4115333557128906,2.370702136947558,0.6816502622097032,0.00031726362312784227,0.02058429064706862,0.04915900839898763,-0.04621617596848643,0.04915900839898763,0.030667630067534885,0.09537518436747405,2.3881796735216403,0.7262736651001289,0.5493761698404948,0.5493761698404948,1.210886001586914,0.10978126525878906,1.210886001586914,0.3609690064328039,1.101104736328125,2.204110855222156,0.5752456704108797
T0064,healthy,0,2012-11-21,27.967174530029297,35.15999984741211,21.1299991607666,3.630613327026367,13.181353569030762,27.754423141479492,34.68000030517578,21.149999618530273,3.5452535152435303,12.568821907043457,27.967174530029297,27.912588119506836,27.851842880249023,27.888004302978516,27.95233154296875,27.908456802368164,27.892072677612305,27.896800994873047,27.882282257080078,27.8772029876709,27.74704360961914,27.76626968383789,27.862567901611328,27.818906784057617,27.87047576904297,27.765941619873047,27.67252540588379,27.71966552734375,27.77040672302246,27.754423141479492,3.630613327026367,3.6443591117858887,3.645857334136963,3.6349332332611084,3.613661527633667,3.620889902114868,3.626526355743408,3.617143392562866,3.605820655822754,3.5815629959106445,3.595959186553955,3.5865111351013184,3.581879138946533,3.569471597671509,3.545689344406128,3.5495312213897705,3.5597341060638428,3.5514626502990723,3.513653516769409,3.5452535152435303,3.5910255908966064,3.645857334136963,3.513653516769409,-0.05458641052246094,-0.0607452392578125,0.03616142272949219,0.06432723999023438,-0.04387474060058594,-0.016384124755859375,0.0047283172607421875,-0.01451873779296875,-0.0050792694091796875,-0.1301593780517578,0.01922607421875,0.0962982177734375,-0.04366111755371094,0.05156898498535156,-0.10453414916992188,-0.09341621398925781,0.04714012145996094,0.05074119567871094,-0.01598358154296875,-0.2127513885498047,-0.011125479963489499,-0.011197441257536411,0.0962982177734375,-0.1301593780517578,0.05984270200133324,0.050164975225925446,-0.003948484148298843,-0.013827664511544522,-0.01484936305454839,528.9161987304688,-2.4601316452026367,0.4663991928100586,12.194612503051758,1.287643313407898,0.037414710968732834,-0.08535981178283691,-0.00619459833417625,-0.3241596221923828,0.030109405517578125,-0.11703109741210938,-0.534515380859375,-0.20858001708984375,0.24742698669433594,-0.5076522827148438,-0.3158760070800781,-0.18723487854003906,-0.006982007421049512,0.0038923622073979707,-0.010879485051435501,-0.004598944527762593,-0.01307380647587647,-0.005204371402139122,-0.0011091117572074555,-0.02046617063364634,-0.041593091290696535,0.11752128601074219,0.22997093200683594,0.1577014923095703,0.3226432800292969,0.11057662963867188,0.5143013000488281,0.4420337677001953,0.0914459228515625,0.6670989990234375,-0.21305698818630642,0.2747317420111762,0.24742698669433594,-0.534515380859375,0.534515380859375,0.24852580705337812,0.7819423675537109,1.94559011452608,0.5525904692978304,-0.011112736261379506,0.011977705640801277,0.0038923622073979707,-0.041593091290696535,0.041593091290696535,0.013416713652530554,0.045485453498094505,3.4725395507814936,0.6969713722372276,0.2948104010687934,0.2948104010687934,0.6670989990234375,0.0914459228515625,0.6670989990234375,0.2058391596608241,0.575653076171875,2.2628067869277904,0.6118561680352181
T0065,healthy,0,2012-11-21,26.305950164794922,34.040000915527344,19.81999969482422,4.702707767486572,22.115461349487305,26.73187255859375,34.20000076293945,19.8700008392334,5.016279220581055,25.16305923461914,26.305950164794922,26.483095169067383,26.647802352905273,26.67120361328125,26.71664047241211,26.765201568603516,26.721477508544922,26.75023651123047,26.760173797607422,26.768482208251953,26.743669509887695,26.7146053314209,26.721364974975586,26.78982925415039,26.75704002380371,26.70717430114746,26.77230453491211,26.721752166748047,26.74934959411621,26.73187255859375,4.702707767486572,4.824528694152832,4.89700984954834,4.926238059997559,4.920982837677002,4.933810234069824,4.969061374664307,4.9756011962890625,4.974275588989258,4.9832634925842285,4.981822490692139,4.985688209533691,4.990098476409912,5.007497310638428,5.018215179443359,5.01933479309082,5.002960681915283,5.024181842803955,5.026348114013672,5.016279220581055,4.958995819091797,5.026348114013672,4.702707767486572,0.17714500427246094,0.16470718383789062,0.023401260375976562,0.045436859130859375,0.04856109619140625,-0.04372406005859375,0.028759002685546875,0.009937286376953125,0.00830841064453125,-0.024812698364257812,-0.029064178466796875,0.0067596435546875,0.06846427917480469,-0.03278923034667969,-0.04986572265625,0.06513023376464844,-0.0505523681640625,0.027597427368164062,-0.017477035522460938,0.4259223937988281,0.0113063267299109,0.022416967898607254,0.17714500427246094,-0.0505523681640625,0.06260048598051071,0.0485522635281086,0.08629411969866113,0.00205460048856983,-0.0014246804373605124,507.4803466796875,7.667261123657227,1.4122285842895508,19.552810668945312,3.0691399574279785,0.07670069485902786,0.3135714530944824,0.010909483128024084,-0.9006538391113281,0.8025054931640625,1.7733230590820312,-1.1436004638671875,1.0445709228515625,1.1137237548828125,-1.273458480834961,1.5769004821777344,0.8285007476806641,-0.039419416556681346,0.028336401631060538,0.06472390683970014,-0.03888043711956272,0.04209416038111577,0.030226215563321977,-0.02735053184337221,0.04233545432413353,-0.0005918058237640386,0.6576766967773438,0.3551959991455078,1.3904304504394531,0.21286392211914062,0.40476036071777344,1.2781944274902344,0.25657081604003906,0.7708454132080078,1.6137218475341797,0.42464574178059894,1.161915249294705,1.7733230590820312,-1.273458480834961,1.7733230590820312,1.1943097996463128,3.046781539916992,1.5262068768753907,0.44215139333095244,0.011274883043994625,0.03488425889807914,0.06472390683970014,-0.039419416556681346,0.06472390683970014,0.03895484989368658,0.10414332339638149,1.8553895175158475,0.4750742455373378,0.7711399926079644,0.7711399926079644,1.6137218475341797,0.21286392211914062,1.6137218475341797,0.5299929372571047,1.400857925415039,2.0926444511718203,0.6170297309241327
T0066,healthy,0,2012-11-21,26.862398147583008,34.459999084472656,19.329999923706055,3.706230640411377,13.736145973205566,26.918163299560547,34.13999938964844,19.549999237060547,3.731092691421509,13.921052932739258,26.862398147583008,26.855268478393555,26.909543991088867,26.859081268310547,26.833341598510742,26.86529541015625,26.82623291015625,26.865854263305664,26.897289276123047,26.89885711669922,26.875328063964844,26.838960647583008,26.856647491455078,26.812705993652344,26.967485427856445,26.925214767456055,26.89225959777832,26.886125564575195,26.98415756225586,26.918163299560547,3.706230640411377,3.719869375228882,3.71952223777771,3.727433919906616,3.7264740467071533,3.737375020980835,3.7470085620880127,3.734098434448242,3.72927188873291,3.7289271354675293,3.7382476329803467,3.743657350540161,3.737104654312134,3.7479851245880127,3.735607862472534,3.743258476257324,3.7466790676116943,3.7437744140625,3.711707830429077,3.731092691421509,3.7327663898468018,3.7479851245880127,3.706230640411377,-0.007129669189453125,0.0542755126953125,-0.05046272277832031,-0.025739669799804688,0.03195381164550781,-0.0390625,0.03962135314941406,0.03143501281738281,0.001567840576171875,-0.023529052734375,-0.03636741638183594,0.017686843872070312,-0.043941497802734375,0.15477943420410156,-0.042270660400390625,-0.032955169677734375,-0.006134033203125,0.09803199768066406,-0.0659942626953125,0.05576515197753906,0.00370058045351387,0.0029350079130381346,0.15477943420410156,-0.0659942626953125,0.05433906987309456,0.04225992038846016,-0.0029073442731587505,-0.00403853825160702,-0.0021690368652366224,510.7399597167969,0.35436534881591797,0.21104849874973297,7.879205226898193,0.6545353531837463,0.011499932035803795,0.024862051010131836,0.0008952409701238431,-0.7619152069091797,0.23116302490234375,0.46117591857910156,-0.4606914520263672,0.22495269775390625,0.6948566436767578,-0.4461784362792969,0.013134002685546875,0.5382308959960938,-0.024769473255129584,0.010465434081571579,0.015472578464593432,-0.009572013338705991,0.010270563283360167,0.02293432565559994,-0.012408569163846382,0.004349132050248648,0.016359881350868404,0.28908729553222656,0.1436595916748047,0.17606735229492188,0.3165473937988281,0.13908958435058594,0.2510204315185547,0.1843700408935547,0.16843605041503906,0.2224102020263672,0.05496978759765625,0.42581091986762154,0.6948566436767578,-0.7619152069091797,0.7619152069091797,0.5067106593550883,1.4567718505859375,1.7893275006962552,0.5205760606913113,0.003677984347617801,0.014066885627102683,0.02293432565559994,-0.024769473255129584,0.024769473255129584,0.01582849147634314,0.047703798910729525,1.7608343668525022,0.506024312856376,0.2100764380560981,0.2100764380560981,0.3165473937988281,0.13908958435058594,0.3165473937988281,0.06364845037856645,0.1774578094482422,1.506820001613405,0.45309175409652747
T0067,healthy,0,2012-11-21,26.848878860473633,33.939998626708984,19.8799991607666,4.4165544509887695,19.505952835083008,27.56415367126465,35.08000183105469,19.8799991607666,4.739808082580566,22.465782165527344,26.848878860473633,27.06003189086914,27.239606857299805,27.211387634277344,27.24920654296875,27.297344207763672,27.423261642456055,27.43478775024414,27.488597869873047,27.471426010131836,27.481813430786133,27.557567596435547,27.48938751220703,27.55207061767578,27.545839309692383,27.665130615234375,27.557666778564453,27.632301330566406,27.581031799316406,27.56415367126465,4.4165544509887695,4.524346351623535,4.550474643707275,4.584330081939697,4.623316287994385,4.647514820098877,4.651897430419922,4.665177822113037,4.676174640655518,4.702334880828857,4.707638740539551,4.687238693237305,4.725449562072754,4.732285499572754,4.724757671356201,4.7049407958984375,4.738950252532959,4.738998889923096,4.741029262542725,4.739808082580566,4.66416072845459,4.741029262542725,4.4165544509887695,0.2111530303955078,0.17957496643066406,-0.028219223022460938,0.03781890869140625,0.048137664794921875,0.1259174346923828,0.011526107788085938,0.05381011962890625,-0.017171859741210938,0.010387420654296875,0.07575416564941406,-0.06818008422851562,0.06268310546875,-0.0062313079833984375,0.11929130554199219,-0.10746383666992188,0.07463455200195312,-0.05126953125,-0.016878128051757812,0.7152748107910156,0.030859281783712982,0.03764604404568672,0.2111530303955078,-0.10746383666992188,0.08024749904870987,0.06874225288629532,0.07947518484932943,0.01657093138921799,-0.0024597167968760723,521.1449584960938,11.016277313232422,1.3490391969680786,20.932058334350586,2.90429949760437,0.08450843393802643,0.3232536315917969,0.012901489358199077,1.1015663146972656,0.7563114166259766,0.43180084228515625,1.0692310333251953,1.1040306091308594,0.07392692565917969,0.8078823089599609,1.1915607452392578,-0.09070777893066406,0.04508523008877106,0.03578298611748446,0.02041748161602648,0.04490807038500742,0.045829352758881024,0.012307222982994331,0.03416706601479849,0.03863749826761065,0.0008766131293499534,0.972900390625,0.34680747985839844,0.865814208984375,1.0729484558105469,0.4004249572753906,0.9640312194824219,0.9201908111572266,0.5727481842041016,0.7149105072021484,0.7161780463324653,0.7363353305392795,1.1915607452392578,-0.09070777893066406,1.1915607452392578,0.4748724618648257,1.2822685241699219,1.6182310961288087,0.5126223705491383,0.030890169040102652,0.030890169040102652,0.045829352758881024,0.0008766131293499534,0.045829352758881024,0.016092296114215983,0.04495273962953107,1.4836221149571143,0.4885504301486329,0.7589751349555122,0.7589751349555122,1.0729484558105469,0.34680747985839844,1.0729484558105469,0.2643054377618661,0.7261409759521484,1.413680623063669,0.4406351440819444
T0068,healthy,0,2012-11-21,26.297645568847656,33.93000030517578,19.940000534057617,4.10935640335083,16.886810302734375,26.22323989868164,33.970001220703125,19.8700008392334,4.067319869995117,16.5430908203125,26.297645568847656,26.27783203125,26.26898956298828,26.270160675048828,26.26268196105957,26.330020904541016,26.246957778930664,26.2347354888916,26.205894470214844,26.273231506347656,26.23753547668457,26.235393524169922,26.131816864013672,26.254392623901367,26.183374404907227,26.19305992126465,26.28055763244629,26.299421310424805,26.261802673339844,26.22323989868164,4.10935640335083,4.1175079345703125,4.110885143280029,4.096982479095459,4.097585678100586,4.10888671875,4.112488269805908,4.09849214553833,4.099068641662598,4.094437599182129,4.081584453582764,4.097864151000977,4.096061706542969,4.09249210357666,4.090963363647461,4.086114883422852,4.077966213226318,4.066977024078369,4.064416885375977,4.067319869995117,4.093372821807861,4.1175079345703125,4.064416885375977,-0.01981353759765625,-0.00884246826171875,0.001171112060546875,-0.0074787139892578125,0.06733894348144531,-0.08306312561035156,-0.0122222900390625,-0.028841018676757812,0.0673370361328125,-0.03569602966308594,-0.0021419525146484375,-0.10357666015625,0.12257575988769531,-0.07101821899414062,0.009685516357421875,0.08749771118164062,0.018863677978515625,-0.03761863708496094,-0.038562774658203125,-0.07440567016601562,-0.002699232459964989,-0.003916088026016951,0.12257575988769531,-0.10357666015625,0.05632109194993973,0.043333958834409714,0.003359930855886277,-0.004877953302292203,0.012126268659317133,498.7082824707031,-0.9469642639160156,0.4500715136528015,19.189973831176758,1.5959073305130005,0.015030357986688614,-0.04203653335571289,-0.0023031249082178496,-0.20077896118164062,0.03957366943359375,0.022308349609375,-0.6975154876708984,0.06165122985839844,0.5388889312744141,-0.8504810333251953,-0.07927894592285156,0.48999595642089844,-0.0065284040637484395,0.005553105002954314,0.002784598501104171,-0.034936156308741285,0.0027010437241173605,0.027452669645610172,-0.04202527211124759,-0.006487061923608194,0.026885160288415724,0.17836380004882812,0.20565414428710938,0.21246719360351562,0.12607383728027344,0.09648513793945312,0.192657470703125,0.05597877502441406,0.05764961242675781,0.16012001037597656,-0.07507069905598958,0.3311636182996962,0.5388889312744141,-0.8504810333251953,0.8504810333251953,0.46664823835416747,1.3893699645996094,2.5681595460583844,0.7001860946438933,-0.002733368582793752,0.017261496841060806,0.027452669645610172,-0.04202527211124759,0.04202527211124759,0.02378672509767649,0.06947794175685776,2.4346236106850174,0.6721065856438879,0.14282777574327257,0.14282777574327257,0.21246719360351562,0.05597877502441406,0.21246719360351562,0.061306640107970885,0.15648841857910156,1.4875760518014136,0.47514785681472527
T0069,healthy,0,2012-11-21,27.346851348876953,35.58000183105469,19.5,4.380058765411377,19.184913635253906,26.980012893676758,35.040000915527344,18.770000457763672,4.298921585083008,18.480728149414062,27.346851348876953,27.249107360839844,27.201587677001953,27.12628173828125,27.086563110351562,27.16387939453125,27.107316970825195,27.09008026123047,27.069908142089844,27.11407470703125,27.130901336669922,27.083782196044922,27.088462829589844,27.01342010498047,27.020599365234375,27.045814514160156,27.001726150512695,27.018173217773438,26.991344451904297,26.980012893676758,4.380058765411377,4.383676052093506,4.44062614440918,4.432953834533691,4.36429500579834,4.35505485534668,4.373753070831299,4.377617835998535,4.361634254455566,4.3664021492004395,4.374448776245117,4.347489356994629,4.337428092956543,4.346996784210205,4.339211463928223,4.308162212371826,4.315439224243164,4.29289436340332,4.295839786529541,4.298921585083008,4.354644775390625,4.44062614440918,4.29289436340332,-0.09774398803710938,-0.047519683837890625,-0.07530593872070312,-0.0397186279296875,0.0773162841796875,-0.05656242370605469,-0.017236709594726562,-0.020172119140625,0.04416656494140625,0.016826629638671875,-0.047119140625,0.004680633544921875,-0.075042724609375,0.00717926025390625,0.02521514892578125,-0.04408836364746094,0.016447067260742188,-0.026828765869140625,-0.011331558227539062,-0.3668384552001953,-0.013584218706404543,-0.01930728740990162,0.0773162841796875,-0.09774398803710938,0.043356671929359436,0.03950008749961853,-0.042222813197542924,-0.007225195566814872,-0.009997013636997796,514.7664184570312,-4.8237199783325195,0.7469365000724792,20.927431106567383,2.301274299621582,0.03955848515033722,-0.08113718032836914,-0.005985843328605156,-0.23726654052734375,-0.2670783996582031,-0.8621234893798828,-0.16954803466796875,-0.06999015808105469,-0.3605461120605469,-0.3250541687011719,-0.581512451171875,-0.42585182189941406,0.007792967602722258,-0.005029087496880256,-0.03911337458101485,0.0003793458293248015,-0.0015822891005902841,-0.019974380148981803,-0.003726252218834571,-0.028504995475138736,-0.03226338149909699,0.24888038635253906,0.127899169921875,0.2816638946533203,0.37209510803222656,0.12033843994140625,0.18073081970214844,0.2270526885986328,0.137451171875,0.13480567932128906,-0.36655235290527344,0.36655235290527344,-0.06999015808105469,-0.8621234893798828,0.8621234893798828,0.23728751596369252,0.7921333312988281,2.351979080278573,0.5666881148587296,-0.013557938565387827,0.015374008216953838,0.007792967602722258,-0.03911337458101485,0.03911337458101485,0.016697633686102407,0.046906342183737106,2.544121779293992,0.7218658554323051,0.20343526204427084,0.20343526204427084,0.37209510803222656,0.12033843994140625,0.37209510803222656,0.08615327859982261,0.2517566680908203,1.8290589645204327,0.4929984305231938
T0070,healthy,0,2012-11-21,28.035192489624023,34.72999954223633,19.299999237060547,3.43884539604187,11.825657844543457,28.04351806640625,34.79999923706055,19.040000915527344,3.5096137523651123,12.317389488220215,28.035192489624023,27.96476173400879,28.012243270874023,28.1132869720459,28.108827590942383,28.10969352722168,28.125350952148438,28.079240798950195,28.12485694885254,28.082603454589844,28.098093032836914,28.013547897338867,28.111188888549805,28.05867576599121,28.104154586791992,28.134815216064453,28.108482360839844,28.079742431640625,28.036670684814453,28.04351806640625,3.43884539604187,3.5532174110412598,3.5789594650268555,3.5029799938201904,3.5070955753326416,3.508587598800659,3.519831418991089,3.52181077003479,3.508039712905884,3.516719102859497,3.4944515228271484,3.529787540435791,3.466628074645996,3.4960203170776367,3.469130039215088,3.452226161956787,3.4770026206970215,3.4713375568389893,3.527716636657715,3.5096137523651123,3.50249981880188,3.5789594650268555,3.43884539604187,-0.07043075561523438,0.047481536865234375,0.101043701171875,-0.004459381103515625,0.000865936279296875,0.015657424926757812,-0.04611015319824219,0.04561614990234375,-0.04225349426269531,0.015489578247070312,-0.08454513549804688,0.0976409912109375,-0.05251312255859375,0.04547882080078125,0.030660629272460938,-0.026332855224609375,-0.02873992919921875,-0.043071746826171875,0.006847381591796875,0.008325576782226562,0.001459590653727901,0.00043818826088681817,0.101043701171875,-0.08454513549804688,0.05119023099541664,0.042380984872579575,0.025878470284597766,-0.007445517040434489,-0.017895889282226154,533.5055541992188,0.8369340896606445,0.7073475122451782,13.963915824890137,1.8899126052856445,0.03280370309948921,0.07076835632324219,-0.0018039441646491175,0.2056102752685547,0.07114982604980469,-0.07321548461914062,-0.0322418212890625,-0.059436798095703125,-0.046955108642578125,-0.018720626831054688,0.2506427764892578,-0.22023963928222656,0.026428764744808677,0.009662600925990543,-0.007750417953146852,0.028473223062385773,0.0013449747759590343,-0.03343746931033065,0.031385833338687115,-4.953370058516813e-05,-0.04251030369808866,0.26640892028808594,0.11911582946777344,0.1471691131591797,0.4575672149658203,0.076568603515625,0.6649570465087891,0.5974330902099609,0.1666259765625,0.6007595062255859,0.008510377671983507,0.10869026184082031,0.2506427764892578,-0.22023963928222656,0.2506427764892578,0.14598859702891362,0.4708824157714844,2.306027689914426,0.6915601500867345,0.0015052969095199788,0.020115902389998053,0.031385833338687115,-0.04251030369808866,0.04251030369808866,0.026349378130731748,0.07389613703677578,2.1132674906272433,0.5928620735395764,0.3440672556559245,0.3440672556559245,0.6649570465087891,0.076568603515625,0.6649570465087891,0.2356855512109215,0.5883884429931641,1.9326367628757861,0.6016748845531208
T0072,healthy,0,2012-12-03,28.058698654174805,34.5,21.270000457763672,3.3121352195739746,10.970239639282227,28.56087875366211,34.939998626708984,21.280000686645508,3.5465872287750244,12.578280448913574,28.058698654174805,28.28627586364746,28.404048919677734,28.48914337158203,28.389381408691406,28.474992752075195,28.436960220336914,28.442365646362305,28.50794219970703,28.53551483154297,28.563854217529297,28.567461013793945,28.56290626525879,28.67300796508789,28.61189079284668,28.623645782470703,28.63608741760254,28.574190139770508,28.62052345275879,28.56087875366211,3.3121352195739746,3.3377273082733154,3.3658065795898438,3.3768112659454346,3.395052671432495,3.401902914047241,3.4327874183654785,3.4409258365631104,3.443000555038452,3.4492201805114746,3.4510421752929688,3.4636077880859375,3.4862945079803467,3.4769060611724854,3.4955501556396484,3.5030829906463623,3.5315425395965576,3.5484399795532227,3.5286197662353516,3.5465872287750244,3.449352264404297,3.5484399795532227,3.3121352195739746,0.22757720947265625,0.11777305603027344,0.08509445190429688,-0.099761962890625,0.08561134338378906,-0.03803253173828125,0.005405426025390625,0.06557655334472656,0.0275726318359375,0.028339385986328125,0.0036067962646484375,-0.00455474853515625,0.11010169982910156,-0.06111717224121094,0.011754989624023438,0.012441635131835938,-0.06189727783203125,0.04633331298828125,-0.05964469909667969,0.5021800994873047,0.019516500315271603,0.026430532336235046,0.22757720947265625,-0.099761962890625,0.07607860118150711,0.06064194068312645,0.07073947361537274,0.02930872780936136,-0.009323556082590622,541.7100219726562,8.594706535339355,0.399959534406662,14.045832633972168,1.1650824546813965,0.06662552803754807,0.2344520092010498,0.011339281017618922,0.2342662811279297,0.5680217742919922,0.8864421844482422,0.2345104217529297,0.6975746154785156,0.2914772033691406,0.3868064880371094,0.9705352783203125,0.25037574768066406,0.00927983907828616,0.023984914794004348,0.03272191384681095,0.00897860276071621,0.029228186069574582,0.013297134055230067,0.015559912086428988,0.03358555987365201,0.009028655604312204,0.1723651885986328,0.23361778259277344,0.35825347900390625,0.19915199279785156,0.213287353515625,0.3287944793701172,0.22366905212402344,0.3615379333496094,0.30294036865234375,0.5022233327229818,0.5022233327229818,0.9705352783203125,0.2342662811279297,0.9705352783203125,0.2902725297809514,0.7362689971923828,1.9324774373453282,0.5651651380638458,0.019518302018779504,0.019518302018779504,0.03358555987365201,0.00897860276071621,0.03358555987365201,0.010408959087287143,0.024606957112935805,1.7207205131948773,0.5438522621235499,0.265957514444987,0.265957514444987,0.3615379333496094,0.1723651885986328,0.3615379333496094,0.07228519605710647,0.18917274475097656,1.3593822325729803,0.43807577041481605
T0073,healthy,0,2012-12-03,28.22061538696289,34.060001373291016,21.68000030517578,2.730313539505005,7.454611778259277,28.849515914916992,34.63999938964844,21.68000030517578,3.057539224624634,9.348546028137207,28.22061538696289,28.347288131713867,28.47544288635254,28.546226501464844,28.567001342773438,28.6201229095459,28.602027893066406,28.670833587646484,28.697370529174805,28.7258358001709,28.720090866088867,28.798141479492188,28.73202133178711,28.81477165222168,28.80401039123535,28.91853904724121,28.831451416015625,28.862451553344727,28.88897132873535,28.849515914916992,2.730313539505005,2.8060643672943115,2.823544502258301,2.8599865436553955,2.903987169265747,2.912062168121338,2.918869733810425,2.9022388458251953,2.9404513835906982,2.9576969146728516,2.97672963142395,2.9611377716064453,3.0058326721191406,3.0151093006134033,3.0373196601867676,3.003948450088501,3.0206196308135986,3.032754898071289,3.0322461128234863,3.057539224624634,2.94492244720459,3.057539224624634,2.730313539505005,0.12667274475097656,0.12815475463867188,0.07078361511230469,0.02077484130859375,0.05312156677246094,-0.018095016479492188,0.06880569458007812,0.026536941528320312,0.02846527099609375,-0.00574493408203125,0.07805061340332031,-0.06612014770507812,0.08275032043457031,-0.010761260986328125,0.11452865600585938,-0.08708763122558594,0.031000137329101562,0.026519775390625,-0.039455413818359375,0.6289005279541016,0.028785258128230507,0.033100027590990067,0.12815475463867188,-0.08708763122558594,0.0597694031894207,0.05702259764075279,0.07792745317731507,0.02490134466261868,0.004852131434849883,545.15771484375,8.965971946716309,0.47155389189720154,11.297883033752441,1.147358775138855,0.08614213019609451,0.3272256851196289,0.014126611472968714,0.6755790710449219,0.8995513916015625,0.3703479766845703,0.5499038696289062,0.8252525329589844,0.2297382354736328,0.4408912658691406,1.2302017211914062,0.44259071350097656,0.02481582469509882,0.03886721044554661,0.026293021754214194,0.003099083004140774,0.03478329307154622,0.03786570756955217,0.004891840138829358,0.04355469180228922,0.0447909735199198,0.2029399871826172,0.16951751708984375,0.1378631591796875,0.4060325622558594,0.1984710693359375,0.23938941955566406,0.3973045349121094,0.42401885986328125,0.2983207702636719,0.6293396419949002,0.6293396419949002,1.2302017211914062,0.2297382354736328,1.2302017211914062,0.3118544401980791,1.0004634857177734,1.9547500579248023,0.5217118677264044,0.028773516222348576,0.028773516222348576,0.0447909735199198,0.003099083004140774,0.0447909735199198,0.015600630046623695,0.041691890515779026,1.556673074193123,0.49124213110220843,0.2748730977376302,0.2748730977376302,0.42401885986328125,0.1378631591796875,0.42401885986328125,0.1101866422489952,0.28615570068359375,1.5425985588521542,0.496130340458043
T0075,healthy,0,2012-12-03,27.275495529174805,34.02000045776367,21.299999237060547,3.461946964263916,11.985076904296875,27.98845672607422,34.95000076293945,21.510000228881836,3.6723737716674805,13.486329078674316,27.275495529174805,27.376312255859375,27.448509216308594,27.5772762298584,27.62395477294922,27.641450881958008,27.735572814941406,27.733381271362305,27.81452751159668,27.744733810424805,27.752059936523438,27.73885154724121,27.82331657409668,27.7950382232666,27.83560562133789,27.825794219970703,27.8617000579834,27.913658142089844,27.86800765991211,27.98845672607422,3.461946964263916,3.5177314281463623,3.5574567317962646,3.5709002017974854,3.5841548442840576,3.6210498809814453,3.613316059112549,3.638577461242676,3.6676743030548096,3.6820106506347656,3.680494785308838,3.727537155151367,3.7046380043029785,3.7138588428497314,3.7102530002593994,3.701167106628418,3.6993303298950195,3.7466530799865723,3.664818286895752,3.6723737716674805,3.646796703338623,3.7466530799865723,3.461946964263916,0.10081672668457031,0.07219696044921875,0.1287670135498047,0.04667854309082031,0.017496109008789062,0.09412193298339844,-0.0021915435791015625,0.081146240234375,-0.069793701171875,0.0073261260986328125,-0.013208389282226562,0.08446502685546875,-0.028278350830078125,0.04056739807128906,-0.0098114013671875,0.03590583801269531,0.05195808410644531,-0.045650482177734375,0.12044906616210938,0.7129611968994141,0.027965178525536132,0.0375242717564106,0.1287670135498047,-0.069793701171875,0.05548520386219025,0.05530678480863571,0.07718489510672404,0.007693245297385625,0.02693868364606627,526.7417602539062,8.507311820983887,0.8883016109466553,12.541791915893555,1.4578566551208496,0.07355640828609467,0.21042680740356445,0.010758090736274333,1.3259620666503906,0.6460342407226562,1.0803661346435547,1.056631088256836,0.6503887176513672,-0.0417327880859375,1.1884479522705078,0.8841724395751953,-0.3667182922363281,0.04898505246728854,0.02707900857566833,0.02298711475573101,0.05006904171821693,0.024817899833047486,0.003760184381240509,0.05761289524852733,0.030212365057235117,-0.013504587618032318,1.7849864959716797,0.35797119140625,1.5282402038574219,2.7405433654785156,0.2668628692626953,1.2836380004882812,2.5730724334716797,0.37493324279785156,1.1805171966552734,0.7137279510498047,0.8044948577880859,1.3259620666503906,-0.3667182922363281,1.3259620666503906,0.5731411742123667,1.6926803588867188,1.6481920764715998,0.49648492864802724,0.028002108268769216,0.031003127739443064,0.05761289524852733,-0.013504587618032318,0.05761289524852733,0.022791269088407527,0.07111748286655964,1.8582924003601926,0.5614737581602811,1.3434183332655165,1.3434183332655165,2.7405433654785156,0.2668628692626953,2.7405433654785156,0.9213645249968755,2.4736804962158203,2.0399776281280597,0.5871094417441016
T0080,healthy,0,2012-11-30,27.89895248413086,34.040000915527344,20.420000076293945,3.827237367630005,14.647746086120605,27.75178337097168,35.279998779296875,20.3700008392334,3.774783134460449,14.248987197875977,27.89895248413086,27.888229370117188,27.860200881958008,27.850540161132812,27.868391036987305,27.856117248535156,27.828296661376953,27.864879608154297,27.841123580932617,27.86194610595703,27.825214385986328,27.813140869140625,27.799943923950195,27.8293514251709,27.81048583984375,27.851259231567383,27.810667037963867,27.75669288635254,27.764205932617188,27.75178337097168,3.827237367630005,3.8144304752349854,3.8093223571777344,3.8073489665985107,3.800520181655884,3.793855905532837,3.7977514266967773,3.7913899421691895,3.7997004985809326,3.789297580718994,3.7882914543151855,3.780238151550293,3.7857699394226074,3.7803902626037598,3.773736000061035,3.777257204055786,3.77852725982666,3.777501344680786,3.779024362564087,3.774783134460449,3.791318416595459,3.827237367630005,3.773736000061035,-0.010723114013671875,-0.028028488159179688,-0.009660720825195312,0.017850875854492188,-0.012273788452148438,-0.027820587158203125,0.03658294677734375,-0.023756027221679688,0.020822525024414062,-0.036731719970703125,-0.012073516845703125,-0.013196945190429688,0.029407501220703125,-0.018865585327148438,0.04077339172363281,-0.040592193603515625,-0.053974151611328125,0.0075130462646484375,-0.012422561645507812,-0.1471691131591797,-0.0060245786394396775,-0.0077457427978515625,0.04077339172363281,-0.053974151611328125,0.0259123332798481,0.023845773190259933,-0.008095768519811022,-0.005213987259638229,-0.01738989693777948,528.8060302734375,-1.274043083190918,0.17182113230228424,17.153608322143555,0.8041244149208069,0.01445750705897808,-0.052454233169555664,-0.002328214251009202,-0.08078575134277344,0.2524528503417969,-0.2640724182128906,0.004100799560546875,-0.16643142700195312,-0.17337608337402344,-0.18523788452148438,-0.2634601593017578,-0.4456596374511719,-0.0038996617596856174,0.014922390127539932,-0.01403961755279319,-0.001879098361596946,-0.006300493111288433,-0.0052508418721369235,-0.00752475136204859,-0.0115937182777813,-0.01856319456172296,0.04762840270996094,0.10048866271972656,0.06722640991210938,0.08171463012695312,0.05056953430175781,0.08754348754882812,0.09689712524414062,0.06448936462402344,0.05663108825683594,-0.14694107903374565,0.2039530012342665,0.2524528503417969,-0.4456596374511719,0.4456596374511719,0.1955058309710913,0.6981124877929688,2.18510937766579,0.5301832632324881,-0.006014331859057115,0.009330418554065988,0.014922390127539932,-0.01856319456172296,0.01856319456172296,0.009459606254722355,0.033485584689262896,1.9895328981039724,0.5659528956241103,0.07257652282714844,0.07257652282714844,0.10048866271972656,0.04762840270996094,0.10048866271972656,0.019789811944190668,0.052860260009765625,1.3845889133207139,0.4362127954382529
T0085,healthy,0,2012-11-12,28.219289779663086,33.9900016784668,21.360000610351562,2.913245677947998,8.487000465393066,28.946279525756836,35.189998626708984,21.850000381469727,2.9932148456573486,8.959335327148438,28.219289779663086,28.357505798339844,28.481975555419922,28.536848068237305,28.630067825317383,28.69017219543457,28.70367431640625,28.77312469482422,28.86198616027832,28.954729080200195,28.874340057373047,28.890430450439453,28.9154109954834,28.941162109375,28.955018997192383,28.943147659301758,28.979114532470703,29.02948570251465,29.02185821533203,28.946279525756836,2.913245677947998,2.9551262855529785,2.933220624923706,2.981667995452881,2.918839931488037,2.920776605606079,2.9541513919830322,3.046370029449463,3.008711814880371,2.9576730728149414,2.974762201309204,2.9666502475738525,3.022610902786255,3.1003544330596924,3.050001382827759,3.0772807598114014,3.0524184703826904,3.0232298374176025,2.981297254562378,2.9932148456573486,2.9915802478790283,3.1003544330596924,2.913245677947998,0.1382160186767578,0.12446975708007812,0.05487251281738281,0.09321975708007812,0.0601043701171875,0.013502120971679688,0.06945037841796875,0.08886146545410156,0.092742919921875,-0.08038902282714844,0.01609039306640625,0.024980545043945312,0.025751113891601562,0.013856887817382812,-0.011871337890625,0.03596687316894531,0.05037117004394531,-0.0076274871826171875,-0.07557868957519531,0.72698974609375,0.03554526450938671,0.03826261684298515,0.1382160186767578,-0.08038902282714844,0.05691136047244072,0.05673278123140335,0.09219916207449792,0.02831892740158714,0.006937299455912919,547.1228637695312,10.956331253051758,0.6929865479469299,20.668437957763672,1.7741756439208984,0.053097888827323914,0.07996916770935059,0.005966629480060654,1.0281143188476562,0.2605133056640625,1.1282005310058594,0.3639507293701172,0.6692523956298828,0.8211174011230469,0.5073223114013672,0.9403934478759766,0.8212852478027344,0.048273218484748893,0.006288280343650352,0.05677139024089122,0.017964122169896152,0.03501777505516028,0.04047721633337416,0.037335791623681995,0.04201111757665584,0.035645314266806664,0.2493438720703125,0.14821815490722656,0.3586997985839844,0.3716297149658203,0.14121627807617188,0.3245353698730469,0.38760948181152344,0.3687095642089844,0.3413734436035156,0.7266832987467448,0.7266832987467448,1.1282005310058594,0.2605133056640625,1.1282005310058594,0.2991494264404036,0.8676872253417969,1.552533982033495,0.47349195972306707,0.03553158067720728,0.03553158067720728,0.05677139024089122,0.006288280343650352,0.05677139024089122,0.015195562165833718,0.05048310989724087,1.5977722685325424,0.4598592103791857,0.29903729756673175,0.29903729756673175,0.38760948181152344,0.14121627807617188,0.38760948181152344,0.09623821689444742,0.24639320373535156,1.296191050426129,0.4191037060049464
T0086,healthy,0,2012-11-12,27.792076110839844,34.209999084472656,19.68000030517578,3.983475685119629,15.86807918548584,27.92487335205078,34.45000076293945,20.420000076293945,3.7650434970855713,14.175553321838379,27.792076110839844,27.989063262939453,28.080507278442383,28.086273193359375,28.14861297607422,28.13930320739746,28.181692123413086,28.158498764038086,28.20309829711914,28.14699935913086,27.955604553222656,28.024354934692383,28.006227493286133,27.91203498840332,27.905881881713867,27.910852432250977,27.920751571655273,27.938629150390625,27.95010757446289,27.92487335205078,3.983475685119629,3.936056137084961,3.906146764755249,3.9192490577697754,3.916724681854248,3.9058852195739746,3.8997974395751953,3.9335668087005615,3.881103992462158,3.8663136959075928,3.8928465843200684,3.851405143737793,3.8521485328674316,3.8145546913146973,3.8078505992889404,3.8053033351898193,3.7695441246032715,3.7652812004089355,3.7537424564361572,3.7650434970855713,3.861302137374878,3.983475685119629,3.7537424564361572,0.19698715209960938,0.09144401550292969,0.0057659149169921875,0.06233978271484375,-0.009309768676757812,0.042388916015625,-0.023193359375,0.04459953308105469,-0.05609893798828125,-0.19139480590820312,0.06875038146972656,-0.01812744140625,-0.0941925048828125,-0.006153106689453125,0.004970550537109375,0.009899139404296875,0.017877578735351562,0.011478424072265625,-0.025234222412109375,0.1327972412109375,-0.007903602428006183,0.006989328656345606,0.19698715209960938,-0.19139480590820312,0.07592344284057617,0.05158976465463638,0.0634443010602694,-0.04019739514305592,0.006588581630161658,532.5169677734375,4.467521667480469,1.1323368549346924,26.304157257080078,3.137842893600464,0.06553374975919724,-0.21843218803405762,-0.010889467977939781,-0.15525436401367188,0.2619304656982422,-0.12153244018554688,0.2798023223876953,0.1237945556640625,0.10032463073730469,0.41408348083496094,0.31050872802734375,-0.016469955444335938,-0.02303887274032264,-0.006064598542406991,-0.023107700778130073,0.013879667009625184,-0.005438420288545623,-0.020192556452931405,0.02234754490672988,-0.004584379841511061,-0.024724289169885283,0.2079639434814453,0.2249774932861328,0.16104888916015625,0.47570228576660156,0.11392784118652344,0.8001174926757812,0.4631671905517578,0.32612037658691406,0.6380577087402344,0.1330208248562283,0.19818899366590711,0.41408348083496094,-0.15525436401367188,0.41408348083496094,0.20001946270514553,0.5693378448486328,2.08933630613025,0.563095809061806,-0.007880400655264222,0.015930892192232014,0.02234754490672988,-0.024724289169885283,0.024724289169885283,0.016971701085825828,0.047071834076615165,1.5519704327819528,0.49429370649615334,0.3790092468261719,0.3790092468261719,0.8001174926757812,0.11392784118652344,0.8001174926757812,0.23303024005322628,0.6861896514892578,2.1110763873578575,0.5610761618317844
T0088,healthy,0,2012-11-12,27.281822204589844,33.869998931884766,19.829999923706055,3.853459596633911,14.849151611328125,27.32189178466797,33.619998931884766,20.09000015258789,3.824705123901367,14.628369331359863,27.281822204589844,27.533672332763672,27.538330078125,27.59700584411621,27.565711975097656,27.678668975830078,27.622766494750977,27.62633514404297,27.590742111206055,27.539274215698242,27.5155086517334,27.557788848876953,27.648906707763672,27.650129318237305,27.65810203552246,27.523086547851562,27.537168502807617,27.56231117248535,27.537281036376953,27.32189178466797,3.853459596633911,3.8360440731048584,3.838519334793091,3.7979543209075928,3.7955756187438965,3.7632699012756348,3.781421661376953,3.809450149536133,3.78481388092041,3.81550669670105,3.8141634464263916,3.7890546321868896,3.7648606300354004,3.764158248901367,3.7626192569732666,3.8008859157562256,3.78271484375,3.754199266433716,3.7451119422912598,3.824705123901367,3.793924331665039,3.853459596633911,3.7451119422912598,0.2518501281738281,0.004657745361328125,0.05867576599121094,-0.03129386901855469,0.11295700073242188,-0.05590248107910156,0.0035686492919921875,-0.03559303283691406,-0.0514678955078125,-0.02376556396484375,0.04228019714355469,0.09111785888671875,0.0012226104736328125,0.00797271728515625,-0.13501548767089844,0.014081954956054688,0.025142669677734375,-0.025030136108398438,-0.21538925170898438,0.040069580078125,-5.090899933567714e-05,0.0021089252550154924,0.2518501281738281,-0.21538925170898438,0.09301934391260147,0.06247289478778839,0.061115101405551604,0.002163955143519641,-0.04609500340052988,523.78466796875,5.430025100708008,1.229689121246338,20.281753540039062,2.681356191635132,0.029528316110372543,-0.028754472732543945,-0.002883421388783984,0.03973197937011719,0.46424293518066406,-0.7085456848144531,0.4459362030029297,0.10752487182617188,-0.69744873046875,0.6661777496337891,0.6183853149414062,-0.5655708312988281,-0.0003898462854835414,0.019501333308398608,-0.015958989652476666,0.006435992305439091,0.0008113172717552653,-0.02500276637256637,0.0218146876284948,0.009944710695652965,-0.017341206486064194,0.37755775451660156,0.2893695831298828,0.8857498168945312,1.0063362121582031,0.2104930877685547,1.2193565368652344,0.9616184234619141,0.4702434539794922,1.170156478881836,0.04115931193033854,0.47928492228190106,0.6661777496337891,-0.7085456848144531,0.7085456848144531,0.5642261629648769,1.3747234344482422,1.4783391613022956,0.4803851329757902,-2.052973187222663e-05,0.013022316667370165,0.0218146876284948,-0.02500276637256637,0.02500276637256637,0.016499444713853294,0.04681745400106117,1.9199922572373644,0.5658558077635018,0.7323201497395834,0.7323201497395834,1.2193565368652344,0.2104930877685547,1.2193565368652344,0.3942013279483497,1.0088634490966797,1.6650593605109048,0.5152344646532758
T0089,healthy,0,2012-11-12,27.120927810668945,34.09000015258789,20.309999465942383,3.812495231628418,14.535120010375977,27.734140396118164,34.72999954223633,20.59000015258789,4.0067291259765625,16.053878784179688,27.120927810668945,27.323942184448242,27.397171020507812,27.37872314453125,27.46270179748535,27.483190536499023,27.494348526000977,27.518020629882812,27.35247039794922,27.424898147583008,27.518171310424805,27.63787078857422,27.70012664794922,27.705101013183594,27.68204116821289,27.715686798095703,27.722278594970703,27.573453903198242,27.720237731933594,27.734140396118164,3.812495231628418,3.898017644882202,3.92242169380188,3.947894811630249,3.943627119064331,3.957293748855591,3.970343589782715,3.9645678997039795,4.013556957244873,4.017425060272217,4.01038932800293,4.005017280578613,3.982936143875122,3.969904661178589,3.999852418899536,3.9810235500335693,3.9870853424072266,4.01195764541626,4.023987293243408,4.0067291259765625,3.9713261127471924,4.023987293243408,3.812495231628418,0.20301437377929688,0.07322883605957031,-0.0184478759765625,0.08397865295410156,0.020488739013671875,0.011157989501953125,0.023672103881835938,-0.16555023193359375,0.07242774963378906,0.09327316284179688,0.11969947814941406,0.062255859375,0.004974365234375,-0.023059844970703125,0.0336456298828125,0.006591796875,-0.14882469177246094,0.14678382873535156,0.013902664184570312,0.6132125854492188,0.025117511319038197,0.03227434679865837,0.20301437377929688,-0.16555023193359375,0.08598025888204575,0.06973567605018616,0.0631184169224326,0.03970561708722727,0.0035806928362158525,523.2379760742188,7.940340042114258,0.7245704531669617,24.420194625854492,2.0352578163146973,0.04903716221451759,0.19423389434814453,0.0064172533221710185,0.607574462890625,1.013570785522461,1.2607917785644531,-0.0694732666015625,0.7430496215820312,0.5476894378662109,0.15129470825195312,0.7874774932861328,0.4748687744140625,0.034134722831553166,0.03823178226786347,0.05776850191273986,-0.0026872792638336436,0.028703220625568383,0.023137448246317176,0.0016389072389532025,0.023174096587903852,0.021827013689771985,0.6390933990478516,0.3068122863769531,0.7766571044921875,0.3249931335449219,0.24345970153808594,0.47113800048828125,0.3774280548095703,0.4601631164550781,0.26584625244140625,0.6129826439751519,0.6284211476643881,1.2607917785644531,-0.0694732666015625,1.2607917785644531,0.40770134858906265,1.3302650451660156,2.006284739441867,0.5413637836379757,0.025103157126315275,0.025700330296056083,0.05776850191273986,-0.0026872792638336436,0.05776850191273986,0.018286309645879965,0.060455781176573506,2.2477718678925385,0.5626170726942672,0.42951011657714844,0.42951011657714844,0.7766571044921875,0.24345970153808594,0.7766571044921875,0.17930434546676516,0.5331974029541016,1.8082393322865804,0.4881241898416395
T0090,healthy,0,2012-11-12,27.441539764404297,35.0,19.969999313354492,3.9102277755737305,15.289880752563477,28.107297897338867,35.130001068115234,20.3799991607666,3.9975295066833496,15.980242729187012,27.441539764404297,27.623964309692383,27.844310760498047,27.860624313354492,27.88047218322754,27.98145866394043,28.01123046875,27.91805076599121,28.027515411376953,27.961545944213867,28.01507568359375,28.016984939575195,27.97539710998535,27.998619079589844,28.004934310913086,28.07748031616211,28.041194915771484,27.946565628051758,28.062744140625,28.107297897338867,3.9102277755737305,3.952536106109619,3.9194846153259277,3.938394784927368,3.9635226726531982,3.9592976570129395,3.954827308654785,3.99368953704834,3.9837818145751953,4.016879081726074,3.9847657680511475,4.002362251281738,3.996342658996582,4.0211310386657715,4.027109146118164,4.013892650604248,4.026719570159912,4.039020538330078,4.015517711639404,3.9975295066833496,3.985851287841797,4.039020538330078,3.9102277755737305,0.18242454528808594,0.22034645080566406,0.016313552856445312,0.019847869873046875,0.10098648071289062,0.029771804809570312,-0.09317970275878906,0.10946464538574219,-0.06596946716308594,0.05352973937988281,0.0019092559814453125,-0.04158782958984375,0.023221969604492188,0.0063152313232421875,0.07254600524902344,-0.036285400390625,-0.09462928771972656,0.11617851257324219,0.04455375671386719,0.6657581329345703,0.019991476015936257,0.03503990173339844,0.22034645080566406,-0.09462928771972656,0.08317998796701431,0.06995060294866562,0.09958376203264346,0.002623694283621133,0.010656574794225172,531.0225830078125,9.633332252502441,0.5988485217094421,20.36611557006836,2.0107181072235107,0.03627035766839981,0.08730173110961914,0.005515845198380291,0.7168674468994141,0.6597023010253906,0.2109527587890625,1.224691390991211,0.6608123779296875,-0.101409912109375,1.3093700408935547,1.2398223876953125,0.079498291015625,0.02152155682556542,0.0203751270036047,-0.0038293738114210866,0.05209966530477125,0.024559372349788354,-0.015779271520170116,0.05786591293220203,0.03468377536400736,-0.011147282535868785,0.26670074462890625,0.18326568603515625,0.15504837036132812,0.3146228790283203,0.18152236938476562,0.13680076599121094,0.3075237274169922,0.5769519805908203,0.1922760009765625,0.6667007870144315,0.6892363230387369,1.3093700408935547,-0.101409912109375,1.3093700408935547,0.5241604098166945,1.4107799530029297,1.899740304056148,0.6083841052849404,0.020038831323608793,0.02687348196082212,0.05786591293220203,-0.015779271520170116,0.05786591293220203,0.026270724749131013,0.07364518445237214,2.1532710753244357,0.5980672604696625,0.2571902804904514,0.2571902804904514,0.5769519805908203,0.13680076599121094,0.5769519805908203,0.13624467886902955,0.4401512145996094,2.2432883430031376,0.5180334789778412
T0091,healthy,0,2012-11-12,27.441539764404297,35.0,19.969999313354492,3.9102277755737305,15.289880752563477,28.107297897338867,35.130001068115234,20.3799991607666,3.9975295066833496,15.980242729187012,27.441539764404297,27.623964309692383,27.844310760498047,27.860624313354492,27.88047218322754,27.98145866394043,28.01123046875,27.91805076599121,28.027515411376953,27.961545944213867,28.01507568359375,28.016984939575195,27.97539710998535,27.998619079589844,28.004934310913086,28.07748031616211,28.041194915771484,27.946565628051758,28.062744140625,28.107297897338867,3.9102277755737305,3.952536106109619,3.9194846153259277,3.938394784927368,3.9635226726531982,3.9592976570129395,3.954827308654785,3.99368953704834,3.9837818145751953,4.016879081726074,3.9847657680511475,4.002362251281738,3.996342658996582,4.0211310386657715,4.027109146118164,4.013892650604248,4.026719570159912,4.039020538330078,4.015517711639404,3.9975295066833496,3.985851287841797,4.039020538330078,3.9102277755737305,0.18242454528808594,0.22034645080566406,0.016313552856445312,0.019847869873046875,0.10098648071289062,0.029771804809570312,-0.09317970275878906,0.10946464538574219,-0.06596946716308594,0.05352973937988281,0.0019092559814453125,-0.04158782958984375,0.023221969604492188,0.0063152313232421875,0.07254600524902344,-0.036285400390625,-0.09462928771972656,0.11617851257324219,0.04455375671386719,0.6657581329345703,0.019991476015936257,0.03503990173339844,0.22034645080566406,-0.09462928771972656,0.08317998796701431,0.06995060294866562,0.09958376203264346,0.002623694283621133,0.010656574794225172,531.0225830078125,9.633332252502441,0.5988485217094421,20.36611557006836,2.0107181072235107,0.03627035766839981,0.08730173110961914,0.005515845198380291,0.7168674468994141,0.6597023010253906,0.2109527587890625,1.224691390991211,0.6608123779296875,-0.101409912109375,1.3093700408935547,1.2398223876953125,0.079498291015625,0.02152155682556542,0.0203751270036047,-0.0038293738114210866,0.05209966530477125,0.024559372349788354,-0.015779271520170116,0.05786591293220203,0.03468377536400736,-0.011147282535868785,0.26670074462890625,0.18326568603515625,0.15504837036132812,0.3146228790283203,0.18152236938476562,0.13680076599121094,0.3075237274169922,0.5769519805908203,0.1922760009765625,0.6667007870144315,0.6892363230387369,1.3093700408935547,-0.101409912109375,1.3093700408935547,0.5241604098166945,1.4107799530029297,1.899740304056148,0.6083841052849404,0.020038831323608793,0.02687348196082212,0.05786591293220203,-0.015779271520170116,0.05786591293220203,0.026270724749131013,0.07364518445237214,2.1532710753244357,0.5980672604696625,0.2571902804904514,0.2571902804904514,0.5769519805908203,0.13680076599121094,0.5769519805908203,0.13624467886902955,0.4401512145996094,2.2432883430031376,0.5180334789778412
T0092,healthy,0,2012-12-07,29.013418197631836,35.279998779296875,21.520000457763672,3.526118278503418,12.433509826660156,29.129974365234375,35.68000030517578,21.540000915527344,3.4382951259613037,11.82187271118164,29.013418197631836,28.973770141601562,29.047441482543945,29.16946029663086,29.02162742614746,28.97077178955078,28.997838973999023,29.092132568359375,29.052526473999023,29.012245178222656,29.091848373413086,28.8939266204834,29.134973526000977,28.956138610839844,29.05474853515625,28.861143112182617,28.96274757385254,28.911104202270508,28.898998260498047,29.129974365234375,3.526118278503418,3.533318281173706,3.4928834438323975,3.453709363937378,3.4912612438201904,3.525740385055542,3.5212862491607666,3.4825167655944824,3.4849915504455566,3.5176775455474854,3.4679248332977295,3.5303938388824463,3.4314143657684326,3.4777896404266357,3.4353392124176025,3.513711452484131,3.4465229511260986,3.4410321712493896,3.5155792236328125,3.4382951259613037,3.486375331878662,3.533318281173706,3.4314143657684326,-0.03964805603027344,0.07367134094238281,0.12201881408691406,-0.14783287048339844,-0.05085563659667969,0.027067184448242188,0.09429359436035156,-0.03960609436035156,-0.04028129577636719,0.07960319519042969,-0.1979217529296875,0.24104690551757812,-0.1788349151611328,0.09860992431640625,-0.1936054229736328,0.10160446166992188,-0.05164337158203125,-0.012105941772460938,0.23097610473632812,0.11655616760253906,-0.003964143050344593,0.006134535185992718,0.24104690551757812,-0.1979217529296875,0.12726230919361115,0.10638036578893661,0.001495960780552343,-0.00564159665788993,0.01251574925013929,551.1751098632812,-0.07980632781982422,0.8161283731460571,20.049909591674805,2.27596116065979,0.03479558601975441,-0.08782315254211426,-0.0029184877424311678,0.12027740478515625,0.2875232696533203,-0.050045013427734375,-0.177978515625,-0.016294479370117188,0.6515846252441406,-0.0003814697265625,-0.25932884216308594,0.4900474548339844,-0.004209998855017281,0.0072598177687556945,-0.02417505594124519,-0.018995326622984896,-0.00464452012141023,0.022644402927024757,-0.020099416173490654,-0.009838171650592774,0.01625367788443808,0.4142913818359375,0.24117660522460938,0.46030426025390625,0.5342464447021484,0.2029571533203125,0.6460285186767578,0.5870151519775391,0.11086082458496094,0.38562965393066406,0.11615604824490017,0.22816234164767796,0.6515846252441406,-0.25932884216308594,0.6515846252441406,0.304572082599251,0.9109134674072266,2.8557937825356032,0.6959739146215114,-0.0039782878649469436,0.014235598660551062,0.022644402927024757,-0.02417505594124519,0.02417505594124519,0.016479315013206524,0.04681945886826995,1.6982102077755046,0.5223124195298622,0.3980566660563151,0.3980566660563151,0.6460285186767578,0.11086082458496094,0.6460285186767578,0.18206880197685082,0.5351676940917969,1.6229561204127647,0.4933105875861269
T0093,healthy,0,2012-12-07,29.027753829956055,35.54999923706055,21.309999465942383,3.7675373554229736,14.194337844848633,28.82186508178711,35.470001220703125,21.350000381469727,3.889296054840088,15.126623153686523,29.027753829956055,29.076522827148438,29.075279235839844,29.021867752075195,29.018815994262695,28.942825317382812,28.945598602294922,28.90732765197754,28.92977523803711,28.928024291992188,28.870494842529297,28.86404037475586,28.898571014404297,28.917295455932617,28.866695404052734,28.83845329284668,28.81887435913086,28.80747413635254,28.806949615478516,28.82186508178711,3.7675373554229736,3.7225687503814697,3.735471248626709,3.7829432487487793,3.7759761810302734,3.809443235397339,3.8300888538360596,3.8188936710357666,3.7948098182678223,3.802377939224243,3.83707594871521,3.8129234313964844,3.8172824382781982,3.822943687438965,3.8573055267333984,3.875572681427002,3.880514144897461,3.891187906265259,3.9073119163513184,3.889296054840088,3.8215763568878174,3.9073119163513184,3.7225687503814697,0.04876899719238281,-0.00124359130859375,-0.05341148376464844,-0.0030517578125,-0.07599067687988281,0.002773284912109375,-0.03827095031738281,0.022447586059570312,-0.001750946044921875,-0.057529449462890625,-0.0064544677734375,0.0345306396484375,0.018724441528320312,-0.05060005187988281,-0.028242111206054688,-0.019578933715820312,-0.011400222778320312,-0.0005245208740234375,0.01491546630859375,-0.2058887481689453,-0.0137717440612338,-0.010836250148713589,0.04876899719238281,-0.07599067687988281,0.03224347531795502,0.02580050379037857,-0.018604987008231808,-0.005912372044153462,-0.009430367606025001,549.4596557617188,-2.0676279067993164,1.0755882263183594,21.683942794799805,2.4733004570007324,0.04990198835730553,0.12175869941711426,0.007981585918512555,-1.9389228820800781,0.08885383605957031,0.43286705017089844,-1.6697063446044922,0.0327606201171875,1.4794979095458984,-1.6339244842529297,-0.10806655883789062,1.4449958801269531,-0.09872907911028227,0.0038174134448059043,0.012585758983639705,-0.08191190303716482,0.002913523795908086,0.06244299178732871,-0.07817282569139583,-0.004246816420017695,0.05654409595001869,0.2601051330566406,0.10841751098632812,0.24071502685546875,0.12955284118652344,0.05684471130371094,0.4791450500488281,0.15093421936035156,0.05282783508300781,0.5372352600097656,-0.20796055263943142,0.9810661739773221,1.4794979095458984,-1.9389228820800781,1.9389228820800781,1.2899985368998859,3.4184207916259766,1.976342589059106,0.5937478864047447,-0.013861871144128837,0.04459604535784019,0.06244299178732871,-0.09872907911028227,0.09872907911028227,0.05930269640638038,0.161172070897611,2.213852286218522,0.644834958181612,0.2239752875434028,0.2239752875434028,0.5372352600097656,0.05282783508300781,0.5372352600097656,0.17665548335453538,0.4844074249267578,2.398636215253417,0.6332471620138006
T0094,healthy,0,2012-12-07,28.635793685913086,36.34000015258789,21.389999389648438,4.143520355224609,17.168760299682617,28.761871337890625,35.459999084472656,21.540000915527344,3.902592420578003,15.23022747039795,28.635793685913086,28.536571502685547,28.67520523071289,28.7415828704834,28.74004554748535,28.761302947998047,28.72340202331543,28.744579315185547,28.699254989624023,28.723949432373047,28.853321075439453,28.72382164001465,28.62096405029297,28.605670928955078,28.62824821472168,28.655029296875,28.75261116027832,28.621301651000977,28.690872192382812,28.761871337890625,4.143520355224609,4.076543807983398,4.028195381164551,4.004204750061035,3.9725677967071533,3.944258451461792,3.976231813430786,3.946157217025757,3.9679954051971436,3.936509609222412,3.9297080039978027,3.939596176147461,3.974196434020996,3.9839088916778564,3.947507619857788,3.935291051864624,3.9198436737060547,3.954106330871582,3.922745704650879,3.902592420578003,3.9702842235565186,4.143520355224609,3.902592420578003,-0.09922218322753906,0.13863372802734375,0.06637763977050781,-0.001537322998046875,0.021257400512695312,-0.03790092468261719,0.021177291870117188,-0.04532432556152344,0.024694442749023438,0.12937164306640625,-0.1294994354248047,-0.10285758972167969,-0.015293121337890625,0.022577285766601562,0.026781082153320312,0.09758186340332031,-0.13130950927734375,0.06957054138183594,0.0709991455078125,0.12607765197753906,0.0007380507046115632,0.0066356658935546875,0.13863372802734375,-0.13130950927734375,0.07941564172506332,0.06589297205209732,0.037267030988418784,-0.014751457032704229,0.01840956551688084,545.196533203125,1.1164865493774414,0.9186372756958008,21.162471771240234,2.1061899662017822,0.055871572345495224,-0.24092793464660645,-0.007277513984450725,1.8717193603515625,-0.1878833770751953,-0.3607368469238281,2.1056175231933594,-0.1392383575439453,-1.0647563934326172,1.300802230834961,-1.1953315734863281,-1.181447982788086,0.05609149215812879,-0.010183410357712844,-0.021750798619780146,0.05992837920224723,-0.001319730371461477,-0.04897732412008449,0.032533753187136076,-0.02569006009209535,-0.03348899640535107,0.5522422790527344,0.09842300415039062,0.22726058959960938,0.7127780914306641,0.09457778930664062,0.38475608825683594,0.6058177947998047,0.170806884765625,0.22973060607910156,0.12763828701443142,1.045281516181098,2.1056175231933594,-1.1953315734863281,2.1056175231933594,1.305066224905629,3.3009490966796875,2.0144023121561943,0.5610545024434976,0.0007937005090029692,0.03221821605711083,0.05992837920224723,-0.04897732412008449,0.05992837920224723,0.03960626954693439,0.10890570332233171,1.8600769358318079,0.5690265735167285,0.34182145860460067,0.34182145860460067,0.7127780914306641,0.09457778930664062,0.7127780914306641,0.23149783181884176,0.6182003021240234,2.085235003934655,0.6081271416562688
T0095,healthy,0,2012-12-07,28.031692504882812,33.9900016784668,21.34000015258789,3.023540735244751,9.14179801940918,28.587495803833008,34.34000015258789,21.170000076293945,3.313328981399536,10.9781494140625,28.031692504882812,28.177162170410156,28.350032806396484,28.450279235839844,28.47265625,28.571773529052734,28.359006881713867,28.293323516845703,28.39671516418457,28.41212272644043,28.43036460876465,28.49089813232422,28.487232208251953,28.48746681213379,28.415918350219727,28.48771095275879,28.50358009338379,28.537059783935547,28.57775115966797,28.587495803833008,3.023540735244751,3.079566478729248,3.0856754779815674,3.1167845726013184,3.1814615726470947,3.168778419494629,3.215599298477173,3.2546193599700928,3.249847650527954,3.2500405311584473,3.283759117126465,3.2931907176971436,3.2918314933776855,3.290022611618042,3.318187713623047,3.3141226768493652,3.3555877208709717,3.3252034187316895,3.3187828063964844,3.313328981399536,3.2364964485168457,3.3555877208709717,3.023540735244751,0.14546966552734375,0.17287063598632812,0.10024642944335938,0.02237701416015625,0.09911727905273438,-0.2127666473388672,-0.06568336486816406,0.10339164733886719,0.015407562255859375,0.01824188232421875,0.06053352355957031,-0.003665924072265625,0.0002346038818359375,-0.0715484619140625,0.0717926025390625,0.015869140625,0.03347969055175781,0.040691375732421875,0.009744644165039062,0.5558032989501953,0.01639176705726085,0.029252804815769196,0.17287063598632812,-0.2127666473388672,0.08369109034538269,0.06648063659667969,0.10534667968750103,0.025828020913259177,0.03318535940987674,540.2106323242188,7.608490943908691,0.3278467059135437,8.710760116577148,0.8403000235557556,0.09343358874320984,0.28978824615478516,0.014996046410467322,0.6562938690185547,0.9142780303955078,0.9982376098632812,0.06893157958984375,0.5164127349853516,0.8120574951171875,-0.3968658447265625,0.6636180877685547,0.7649517059326172,0.0202905482815613,0.03472279283337058,0.03724411842518174,-0.005484334329017486,0.0191145144010844,0.02537039563171756,-0.020892943475479903,0.017248955346587724,0.019754791259765314,0.22879600524902344,0.2085552215576172,0.23644638061523438,0.23956871032714844,0.15288352966308594,0.3827857971191406,0.2338275909423828,0.23198509216308594,0.4273204803466797,0.5553239186604818,0.6435163285997179,0.9982376098632812,-0.3968658447265625,0.9982376098632812,0.44743100331532043,1.3951034545898438,1.5512234111031766,0.4704314939624666,0.01637431537497458,0.022235932664862887,0.03724411842518174,-0.020892943475479903,0.03724411842518174,0.018556778063079118,0.05813706190066164,1.6749511809110158,0.48638642433928353,0.26024097866482204,0.26024097866482204,0.4273204803466797,0.15288352966308594,0.4273204803466797,0.08704036840514472,0.27443695068359375,1.6420183559056796,0.44816367621900816
T0096,healthy,0,2012-11-09,29.565959930419922,35.880001068115234,21.309999465942383,3.4061813354492188,11.602071762084961,29.282575607299805,35.52000045776367,21.40999984741211,3.337669849395752,11.140040397644043,29.565959930419922,29.52627944946289,29.541900634765625,29.373043060302734,29.39833641052246,29.408496856689453,29.416650772094727,29.33978271484375,29.326019287109375,29.332990646362305,29.285465240478516,29.26702117919922,29.355344772338867,29.46158790588379,29.240184783935547,29.202871322631836,29.327871322631836,29.272443771362305,29.128389358520508,29.282575607299805,3.4061813354492188,3.443485975265503,3.3959105014801025,3.5215184688568115,3.467721939086914,3.4643795490264893,3.4612131118774414,3.492999792098999,3.4912519454956055,3.445965051651001,3.4471282958984375,3.443836212158203,3.3489537239074707,3.250659704208374,3.405607223510742,3.4203543663024902,3.3276140689849854,3.3543636798858643,3.4085991382598877,3.337669849395752,3.4167704582214355,3.5215184688568115,3.250659704208374,-0.03968048095703125,0.015621185302734375,-0.16885757446289062,0.025293350219726562,0.010160446166992188,0.008153915405273438,-0.07686805725097656,-0.013763427734375,0.0069713592529296875,-0.04752540588378906,-0.018444061279296875,0.08832359313964844,0.10624313354492188,-0.2214031219482422,-0.03731346130371094,0.125,-0.05542755126953125,-0.14405441284179688,0.15418624877929688,-0.2833843231201172,-0.015244055152836167,-0.014914964325726032,0.15418624877929688,-0.2214031219482422,0.09413942694664001,0.0717521458864212,-0.03828577314104645,0.0019982201712463246,-0.001911980765207805,557.6290283203125,-4.12429141998291,0.7126522660255432,19.719751358032227,2.1383421421051025,0.06458805501461029,-0.0685114860534668,-0.006333786742131623,-0.17081642150878906,0.16060829162597656,-0.3018817901611328,-0.26263999938964844,-0.32776451110839844,-0.447418212890625,-0.14471817016601562,-0.38936424255371094,-0.6638412475585938,-0.010106785136059138,0.007397202800089679,-0.013606326741384409,-0.007512578749119636,-0.022001706747184675,-0.026438731716988604,0.0034616800179157105,-0.027392400297007454,-0.040831583066094974,0.17116928100585938,0.15706443786621094,0.17368698120117188,0.4294605255126953,0.06163215637207031,0.3108692169189453,0.5763587951660156,0.09523773193359375,0.5025310516357422,-0.2830929226345486,0.31878365410698783,0.16060829162597656,-0.6638412475585938,0.6638412475585938,0.22766667745263472,0.8244495391845703,2.082419277719953,0.5230380048382702,-0.015225692181759279,0.017638777252427143,0.007397202800089679,-0.040831583066094974,0.040831583066094974,0.015510754305631551,0.048228785866184655,2.314874740635949,0.5963043038788755,0.275334464179145,0.275334464179145,0.5763587951660156,0.06163215637207031,0.5763587951660156,0.1872583119868873,0.5147266387939453,2.093304141750919,0.6086941772292831
T0097,healthy,0,2012-11-09,28.436845779418945,34.34000015258789,20.290000915527344,3.8823318481445312,15.072501182556152,28.548433303833008,34.459999084472656,20.649999618530273,3.7876622676849365,14.34638500213623,28.436845779418945,28.587783813476562,28.611766815185547,28.66559600830078,28.70892333984375,28.68423843383789,28.786359786987305,28.64006805419922,28.591318130493164,28.676708221435547,28.57094383239746,28.54871368408203,28.5771484375,28.42854118347168,28.630334854125977,28.56097984313965,28.587932586669922,28.553794860839844,28.616086959838867,28.548433303833008,3.8823318481445312,3.9714298248291016,3.9573540687561035,3.9838151931762695,3.9430460929870605,3.8881447315216064,3.869690418243408,3.8183021545410156,3.838909864425659,3.856919050216675,3.8910953998565674,3.876049757003784,3.878145694732666,3.913353681564331,3.813478946685791,3.802691698074341,3.7998719215393066,3.7901852130889893,3.7301464080810547,3.7876622676849365,3.864631175994873,3.9838151931762695,3.7301464080810547,0.1509380340576172,0.023983001708984375,0.053829193115234375,0.04332733154296875,-0.024684906005859375,0.10212135314941406,-0.14629173278808594,-0.04874992370605469,0.08539009094238281,-0.10576438903808594,-0.022230148315429688,0.02843475341796875,-0.1486072540283203,0.20179367065429688,-0.06935501098632812,0.026952743530273438,-0.034137725830078125,0.06229209899902344,-0.06765365600585938,0.1115875244140625,-0.003340830121722088,0.005873027723282576,0.20179367065429688,-0.1486072540283203,0.09177697449922562,0.07613352686166763,0.047263172694612166,-0.03634411948067831,-0.007952117919920438,543.5198974609375,3.219808578491211,1.5305825471878052,23.119857788085938,3.3746445178985596,0.06622049957513809,-0.09466958045959473,-0.00922163106445086,-0.16799545288085938,0.5375289916992188,-0.6548118591308594,-0.3143329620361328,0.2557525634765625,0.9543380737304688,0.3654766082763672,-0.012939453125,0.04119682312011719,-0.01099640408853021,0.025847509570587728,-0.01896524644435893,0.013991662792692833,-0.0015378980708306688,-0.010961168332208598,0.03203930388715892,-0.020141531291761574,-0.03906851746982276,0.7488155364990234,0.22728919982910156,0.2900810241699219,1.1195640563964844,0.2944469451904297,1.225015640258789,0.5942306518554688,0.4374847412109375,0.8704929351806641,0.11157925923665364,0.36715253194173175,0.9543380737304688,-0.6548118591308594,0.9543380737304688,0.4801435439970554,1.6091499328613281,2.5992958367749095,0.6496479229584892,-0.00331025438300814,0.019283249105328026,0.03203930388715892,-0.03906851746982276,0.03906851746982276,0.023256454676286623,0.07110782135698168,2.02603290535198,0.5586617622336195,0.6452689700656467,0.6452689700656467,1.225015640258789,0.22728919982910156,1.225015640258789,0.3694980734828873,0.9977264404296875,1.898457353604944,0.5536145520444676
T0098,healthy,0,2012-11-09,26.33384132385254,34.369998931884766,19.81999969482422,4.003234386444092,16.0258846282959,26.980663299560547,35.43000030517578,20.059999465942383,4.381748199462891,19.199718475341797,26.33384132385254,26.575639724731445,26.638805389404297,26.69891929626465,26.732229232788086,26.766115188598633,26.821401596069336,26.9160099029541,26.93982696533203,26.8833065032959,26.791563034057617,26.943790435791016,26.887561798095703,26.874771118164062,26.975446701049805,26.93232536315918,26.862716674804688,26.946992874145508,26.98429298400879,26.980663299560547,4.003234386444092,4.080680847167969,4.126053810119629,4.16126823425293,4.204967498779297,4.234030723571777,4.239171028137207,4.258436679840088,4.27047061920166,4.286797523498535,4.355875015258789,4.314295291900635,4.356543064117432,4.342370986938477,4.356755256652832,4.370217323303223,4.377705097198486,4.364705562591553,4.393568992614746,4.381748199462891,4.273944854736328,4.393568992614746,4.003234386444092,0.24179840087890625,0.06316566467285156,0.06011390686035156,0.0333099365234375,0.033885955810546875,0.055286407470703125,0.09460830688476562,0.023817062377929688,-0.05652046203613281,-0.09174346923828125,0.15222740173339844,-0.0562286376953125,-0.012790679931640625,0.10067558288574219,-0.043121337890625,-0.06960868835449219,0.08427619934082031,0.03730010986328125,-0.0036296844482421875,0.6468219757080078,0.02272589117064425,0.034043263643980026,0.24179840087890625,-0.09174346923828125,0.08024296164512634,0.06916357576847076,0.07689290727887814,0.0018034889584494533,0.007607487269811254,509.8289794921875,9.485981941223145,0.45079153776168823,16.543899536132812,1.27499520778656,0.10818672925233841,0.37851381301879883,0.017473735665916354,0.4497184753417969,1.241250991821289,0.5500373840332031,0.7031707763671875,1.1188545227050781,0.4584331512451172,0.4736442565917969,0.7353496551513672,0.09489631652832031,0.0067278367236137055,0.0599093473047232,0.02201062396056569,0.01163288345910491,0.04370150888772822,0.020625102968144085,0.005601827004797973,0.028565206025775457,0.005852643350012863,0.49703216552734375,0.33424949645996094,0.3740825653076172,0.4540119171142578,0.3502635955810547,0.3421783447265625,0.30819129943847656,0.22941207885742188,0.22369384765625,0.647261725531684,0.647261725531684,1.241250991821289,0.09489631652832031,1.241250991821289,0.354522747762774,1.1463546752929688,1.917695614744908,0.5313761792798483,0.02273633107605179,0.02273633107605179,0.0599093473047232,0.005601827004797973,0.0599093473047232,0.018770122920966106,0.05430752029992523,2.634959913045366,0.6459366011396726,0.3459017011854384,0.3459017011854384,0.49703216552734375,0.22369384765625,0.49703216552734375,0.09042795923987236,0.27333831787109375,1.4369173364999173,0.425659351310017
T0099,healthy,0,2012-11-09,28.03168296813965,34.189998626708984,20.31999969482422,3.902488946914673,15.22942066192627,27.871171951293945,34.20000076293945,20.219999313354492,3.7821075916290283,14.304337501525879,28.03168296813965,27.97681999206543,28.00061798095703,28.028024673461914,27.898841857910156,28.021921157836914,27.96768569946289,27.998884201049805,27.919160842895508,27.884469985961914,27.747037887573242,27.73401641845703,27.763700485229492,27.795169830322266,27.689237594604492,27.8028621673584,27.74005126953125,27.639476776123047,27.566282272338867,27.871171951293945,3.902488946914673,3.871466875076294,3.825521469116211,3.840421438217163,3.9036684036254883,3.8630661964416504,3.898104429244995,3.8683745861053467,3.88700008392334,3.8847758769989014,3.9142251014709473,3.91906476020813,3.9021198749542236,3.873354911804199,3.8976292610168457,3.868243455886841,3.8620429039001465,3.856606960296631,3.918809175491333,3.7821075916290283,3.8769543170928955,3.91906476020813,3.7821075916290283,-0.05486297607421875,0.023797988891601562,0.027406692504882812,-0.1291828155517578,0.12307929992675781,-0.05423545837402344,0.031198501586914062,-0.07972335815429688,-0.03469085693359375,-0.13743209838867188,-0.013021469116210938,0.029684066772460938,0.03146934509277344,-0.10593223571777344,0.11362457275390625,-0.06281089782714844,-0.10057449340820312,-0.07319450378417969,0.3048896789550781,-0.16051101684570312,-0.01978642599923418,-0.008447947911918163,0.3048896789550781,-0.13743209838867188,0.10354724526405334,0.08056901395320892,-0.007295336042131432,-0.03662375041416695,0.002838788713725958,529.1256713867188,-3.476287841796875,1.204264521598816,25.602951049804688,3.123880624771118,0.03312684968113899,-0.12038135528564453,-0.0005207135265035151,-0.5487918853759766,-0.1323394775390625,-1.1971588134765625,0.047145843505859375,-0.07269477844238281,1.0073299407958984,-0.270782470703125,-0.5461177825927734,0.26613426208496094,-0.03797559809864068,-0.009154334104151389,-0.06159566434702563,-0.020126600910847305,-0.008380023698162225,0.038015605094736844,-0.04330177450538623,-0.03534801884701447,-0.0003790848237239091,0.386505126953125,0.10829544067382812,0.30486106872558594,0.9654769897460938,0.1578502655029297,0.658935546875,1.1173381805419922,0.07206344604492188,0.6439228057861328,-0.160808351304796,0.45427725050184464,1.0073299407958984,-1.1971588134765625,1.1971588134765625,0.6107124587486241,2.204488754272461,2.635304290058563,0.6734215063286783,-0.01980505491557944,0.028252967158854298,0.038015605094736844,-0.06159566434702563,0.06159566434702563,0.029229635768904017,0.09961126944176248,2.180147741623822,0.5620374805757776,0.4905832078721788,0.4905832078721788,1.1173381805419922,0.07206344604492188,1.1173381805419922,0.37873809238527617,1.0452747344970703,2.2775711435630766,0.620973084678185
T0100,healthy,0,2012-11-09,27.13786506652832,33.63999938964844,19.670000076293945,3.9951229095458984,15.961006164550781,27.388574600219727,34.11000061035156,19.68000030517578,4.143855571746826,17.171537399291992,27.13786506652832,27.308330535888672,27.37487030029297,27.459918975830078,27.466506958007812,27.51312828063965,27.54291343688965,27.44572639465332,27.475534439086914,27.533506393432617,27.493141174316406,27.451702117919922,27.41838836669922,27.445676803588867,27.465967178344727,27.482738494873047,27.479644775390625,27.417356491088867,27.412307739257812,27.388574600219727,3.9951229095458984,4.046966552734375,4.073975086212158,4.070744514465332,4.0852251052856445,4.079195022583008,4.088792324066162,4.101310729980469,4.086111545562744,4.096134185791016,4.1078925132751465,4.107075214385986,4.113920211791992,4.116650104522705,4.1048970222473145,4.105931282043457,4.156999588012695,4.157622814178467,4.129491329193115,4.143855571746826,4.098395347595215,4.157622814178467,3.9951229095458984,0.17046546936035156,0.06653976440429688,0.08504867553710938,0.006587982177734375,0.04662132263183594,0.02978515625,-0.09718704223632812,0.02980804443359375,0.057971954345703125,-0.04036521911621094,-0.041439056396484375,-0.033313751220703125,0.027288436889648438,0.020290374755859375,0.016771316528320312,-0.003093719482421875,-0.06228828430175781,-0.0050487518310546875,-0.023733139038085938,0.25070953369140625,0.0046990301375993224,0.013195239007472992,0.17046546936035156,-0.09718704223632812,0.05830137059092522,0.04545512795448303,0.06959697178431838,-0.011062008993968407,-0.018872669764928067,521.4505615234375,5.831142425537109,0.5520172715187073,15.771695137023926,1.4474549293518066,0.03625235706567764,0.14873266220092773,0.005561399101314648,-0.44260406494140625,0.5192050933837891,1.1279678344726562,-0.502593994140625,0.33812522888183594,0.8243255615234375,-0.5789451599121094,0.2606391906738281,0.7013778686523438,-0.03211366180190511,0.01392505473660297,0.05229485447245409,-0.03731548051188773,0.010498550242946832,0.04154785844616353,-0.042765118304948994,0.000516051098815306,0.03516461938843696,0.18248939514160156,0.2001476287841797,0.17984390258789062,0.09349250793457031,0.147735595703125,0.13851165771484375,0.11818695068359375,0.34966468811035156,0.17104721069335938,0.2497219509548611,0.5884204440646701,1.1279678344726562,-0.5789451599121094,1.1279678344726562,0.6243013568256282,1.7069129943847656,1.916941919134387,0.5010912947639554,0.004639191974075317,0.02957124988935128,0.05229485447245409,-0.042765118304948994,0.05229485447245409,0.035462671575359456,0.09505997277740308,1.7684351180209827,0.5132906928250105,0.17567994859483507,0.17567994859483507,0.34966468811035156,0.09349250793457031,0.34966468811035156,0.07346522579621098,0.25617218017578125,1.9903504697241634,0.46315391727454286
T0106,healthy,0,2012-11-28,26.537187576293945,33.27000045776367,20.100000381469727,2.984687566757202,8.90835952758789,26.28173065185547,32.810001373291016,19.959999084472656,2.885333776473999,8.325151443481445,26.537187576293945,26.479019165039062,26.448192596435547,26.414684295654297,26.47883415222168,26.459800720214844,26.50609016418457,26.389511108398438,26.425371170043945,26.394670486450195,26.45484733581543,26.440898895263672,26.35007095336914,26.39629364013672,26.464502334594727,26.372474670410156,26.422317504882812,26.33942222595215,26.323917388916016,26.28173065185547,2.984687566757202,2.9773495197296143,2.96355938911438,2.9698197841644287,2.974231719970703,2.9541783332824707,2.976229429244995,2.9663472175598145,2.993839740753174,2.962178945541382,2.94118332862854,2.935318946838379,2.9475369453430176,2.916576385498047,2.887798309326172,2.9300649166107178,2.8867716789245605,2.9029390811920166,2.8990423679351807,2.885333776473999,2.942749500274658,2.993839740753174,2.885333776473999,-0.05816841125488281,-0.030826568603515625,-0.03350830078125,0.06414985656738281,-0.019033432006835938,0.04628944396972656,-0.11657905578613281,0.03586006164550781,-0.03070068359375,0.060176849365234375,-0.013948440551757812,-0.09082794189453125,0.046222686767578125,0.06820869445800781,-0.09202766418457031,0.04984283447265625,-0.08289527893066406,-0.015504837036132812,-0.042186737060546875,-0.25545692443847656,-0.008277738183961594,-0.01344510167837143,0.06820869445800781,-0.11657905578613281,0.057656414806842804,0.05247146263718605,-0.012028503417968451,-0.01022638593401282,-0.03264072963169638,501.9703674316406,-2.2361860275268555,0.22059285640716553,7.535775661468506,0.6312004327774048,0.0344822071492672,-0.09935379028320312,-0.005262638572463488,-0.19579315185546875,-0.1769733428955078,-0.29756736755371094,-0.22930908203125,-0.307220458984375,-0.16466712951660156,-0.47602272033691406,-0.32079315185546875,-0.1315784454345703,-0.006925822379894107,-0.005433693505768469,-0.00857179111107914,-0.009567665157461932,-0.01223619647492204,-0.0018614431969214706,-0.015607379253646667,-0.01487341285648287,0.0005080803892662699,0.22218894958496094,0.15917587280273438,0.31102943420410156,0.1641254425048828,0.14001083374023438,0.2543449401855469,0.25058555603027344,0.08235740661621094,0.303314208984375,-0.2555472056070964,0.2555472056070964,-0.1315784454345703,-0.47602272033691406,0.47602272033691406,0.10686591184793007,0.34444427490234375,1.8627583916578399,0.48003147848668715,-0.00828548039410116,0.00839838714727144,0.0005080803892662699,-0.015607379253646667,0.015607379253646667,0.005510461751491586,0.016115459642912937,1.8583759472148036,0.5651479687508314,0.20968140496148002,0.20968140496148002,0.31102943420410156,0.08235740661621094,0.31102943420410156,0.07790578299245295,0.22867202758789062,1.4833428812049934,0.46032194993393705
T0107,healthy,0,2012-11-28,27.46719741821289,33.810001373291016,18.700000762939453,4.2239990234375,17.8421688079834,27.858694076538086,34.43000030517578,19.18000030517578,4.1752119064331055,17.432395935058594,27.46719741821289,27.724271774291992,27.8147029876709,27.89484977722168,27.850337982177734,27.840904235839844,27.866823196411133,27.977373123168945,27.91058921813965,27.940279006958008,28.0098934173584,27.96670913696289,27.96719741821289,27.903059005737305,27.852994918823242,27.94098663330078,27.90184211730957,27.909570693969727,27.9249210357666,27.858694076538086,4.2239990234375,4.2390642166137695,4.244560718536377,4.207900047302246,4.229333400726318,4.237909317016602,4.247139930725098,4.184597492218018,4.182523250579834,4.206149578094482,4.184347152709961,4.193010330200195,4.172595024108887,4.186813831329346,4.197218894958496,4.175401210784912,4.18418025970459,4.1557230949401855,4.15330171585083,4.1752119064331055,4.19904899597168,4.247139930725098,4.15330171585083,0.25707435607910156,0.09043121337890625,0.08014678955078125,-0.04451179504394531,-0.009433746337890625,0.025918960571289062,0.1105499267578125,-0.06678390502929688,0.029689788818359375,0.06961441040039062,-0.04318428039550781,0.00048828125,-0.06413841247558594,-0.0500640869140625,0.08799171447753906,-0.03914451599121094,0.00772857666015625,0.015350341796875,-0.06622695922851562,0.3914966583251953,0.01045871247026193,0.020605087280273438,0.25707435607910156,-0.06678390502929688,0.07954287528991699,0.06097221374511719,0.06648227146693611,0.005246979849678692,-0.0003420693533774962,529.8602294921875,7.9835004806518555,0.7323850989341736,26.470443725585938,2.56530499458313,0.02834578976035118,-0.04878711700439453,-0.004103716871792239,0.24659156799316406,0.6099567413330078,0.3941497802734375,0.19002342224121094,0.276519775390625,0.2049541473388672,0.23059844970703125,0.8748683929443359,0.49614715576171875,0.012087003091222936,0.029998303176764284,0.012239220984895693,0.007421466282434606,0.0056464690014830544,-0.0019823504569836253,0.006603282555601513,0.019808681746173794,0.00239402512858588,0.30469322204589844,0.49810028076171875,0.24482345581054688,0.2207317352294922,0.14636611938476562,0.5552864074707031,0.1794757843017578,0.45232200622558594,0.5939350128173828,0.39153438144259983,0.39153438144259983,0.8748683929443359,0.19002342224121094,0.8748683929443359,0.23125385677114516,0.684844970703125,2.2344611662870855,0.5621678249326365,0.010468455723353127,0.010908978047127267,0.029998303176764284,-0.0019823504569836253,0.029998303176764284,0.009631357232304434,0.03198065363374791,2.7498703864345995,0.6319585708844153,0.35508155822753906,0.35508155822753906,0.5939350128173828,0.14636611938476562,0.5939350128173828,0.17109509231378858,0.4475688934326172,1.672672044854732,0.5154752189947539
T0108,healthy,0,2012-11-28,27.097612380981445,33.2400016784668,19.469999313354492,4.021015167236328,16.168563842773438,27.45751953125,33.470001220703125,19.6200008392334,4.008328437805176,16.06669807434082,27.097612380981445,27.33718490600586,27.33490562438965,27.399961471557617,27.417083740234375,27.420459747314453,27.44390296936035,27.444740295410156,27.488473892211914,27.469436645507812,27.42740821838379,27.522008895874023,27.42740821838379,27.476451873779297,27.475950241088867,27.49917984008789,27.493818283081055,27.405927658081055,27.424495697021484,27.45751953125,4.021015167236328,4.035526275634766,4.0689287185668945,4.06807804107666,4.049289226531982,4.067176342010498,4.050568103790283,4.065159797668457,4.039481163024902,4.043570518493652,4.058023929595947,4.0354743003845215,4.049435138702393,4.026270389556885,4.018019676208496,3.999427318572998,4.022711753845215,4.033907413482666,4.010895252227783,4.008328437805176,4.038564682006836,4.0689287185668945,3.999427318572998,0.23957252502441406,-0.0022792816162109375,0.06505584716796875,0.017122268676757812,0.003376007080078125,0.023443222045898438,0.0008373260498046875,0.04373359680175781,-0.019037246704101562,-0.04202842712402344,0.09460067749023438,-0.09460067749023438,0.04904365539550781,-0.0005016326904296875,0.023229598999023438,-0.0053615570068359375,-0.087890625,0.018568038940429688,0.033023834228515625,0.3599071502685547,0.009180615360574435,0.01894248090684414,0.23957252502441406,-0.09460067749023438,0.06872668117284775,0.04543716087937355,0.054828262329101755,0.0023780777340822097,-0.011545617239816274,521.1863403320312,6.331728935241699,0.4286425709724426,22.729991912841797,1.6669590473175049,0.020597750321030617,-0.012686729431152344,-0.0022646782093478026,0.26608848571777344,0.4757575988769531,0.30118370056152344,0.20425033569335938,0.41095542907714844,0.45194435119628906,-0.19092369079589844,0.7470531463623047,0.5717105865478516,0.02023179764138031,0.01017402132650859,-0.002842302250683048,0.02242040419040721,0.010210824550542206,-0.004320769919489188,0.00686866645526112,0.01463050268646444,0.005390104136072002,0.2550373077392578,0.3203449249267578,0.3350200653076172,0.24120140075683594,0.2118682861328125,0.4398822784423828,0.2323932647705078,0.558258056640625,0.5037899017333984,0.3597799936930339,0.40220748053656685,0.7470531463623047,-0.19092369079589844,0.7470531463623047,0.2643706481234592,0.9379768371582031,1.8573824802857222,0.4957422926859365,0.009195916535162628,0.010787710350756458,0.02242040419040721,-0.004320769919489188,0.02242040419040721,0.009190477576229886,0.026741174109896397,2.0783264175767258,0.5899995535633815,0.3441994984944661,0.3441994984944661,0.558258056640625,0.2118682861328125,0.558258056640625,0.1273132692595061,0.3463897705078125,1.621902538683028,0.48483840800255795
T0109,healthy,0,2012-11-28,25.967626571655273,33.220001220703125,19.15999984741211,4.181396484375,17.48407554626465,27.336360931396484,34.5099983215332,19.420000076293945,4.651416778564453,21.635677337646484,25.967626571655273,26.3345890045166,26.635358810424805,26.69706916809082,26.759143829345703,26.813032150268555,26.9812068939209,26.99220848083496,27.034011840820312,26.9960994720459,27.0975284576416,27.18533706665039,27.16051483154297,27.204261779785156,27.184492111206055,27.16876983642578,27.217790603637695,27.235225677490234,27.238826751708984,27.336360931396484,4.181396484375,4.353116512298584,4.391383171081543,4.446479320526123,4.482805252075195,4.511420726776123,4.526440143585205,4.530999660491943,4.554928302764893,4.568307876586914,4.615625858306885,4.58594274520874,4.6154398918151855,4.622344970703125,4.63270902633667,4.654521465301514,4.652190208435059,4.664669036865234,4.674963474273682,4.651416778564453,4.545855522155762,4.674963474273682,4.181396484375,0.3669624328613281,0.3007698059082031,0.061710357666015625,0.06207466125488281,0.05388832092285156,0.16817474365234375,0.0110015869140625,0.04180335998535156,-0.03791236877441406,0.10142898559570312,0.08780860900878906,-0.024822235107421875,0.0437469482421875,-0.019769668579101562,-0.015722274780273438,0.04902076721191406,0.017435073852539062,0.00360107421875,0.0975341796875,1.368734359741211,0.051092272593562665,0.07203865051269531,0.3669624328613281,-0.03791236877441406,0.10312873870134354,0.08237829059362411,0.1589257921491349,0.035218102591378135,0.028198569161550033,512.5874633789062,19.202556610107422,1.3116041421890259,29.773609161376953,2.893273115158081,0.12243698537349701,0.4700202941894531,0.019089987044943864,1.7343502044677734,1.2229595184326172,2.0078125,-0.08860206604003906,2.236032485961914,2.027639389038086,-0.6629314422607422,2.3517074584960938,1.4830589294433594,0.0907912476618483,0.04235979094541085,0.07894146711306418,-0.008352684078360375,0.08263890402657617,0.070717686818058,-0.02280319185185277,0.08030027948823985,0.04504480433643283,0.3749866485595703,0.33371543884277344,0.5503196716308594,0.5199832916259766,0.7154636383056641,0.7446365356445312,0.5540733337402344,0.8020076751708984,0.5213890075683594,1.3680029975043402,1.5350104437934027,2.3517074584960938,-0.6629314422607422,2.3517074584960938,1.0595107828638959,3.014638900756836,1.5320465425394494,0.4788515613077514,0.051070922717713005,0.05799445070220482,0.0907912476618483,-0.02280319185185277,0.0907912476618483,0.04137044130007302,0.11359443951370107,1.5655158537994065,0.4861201244127863,0.5685083601209853,0.5685083601209853,0.8020076751708984,0.33371543884277344,0.8020076751708984,0.1600122655022935,0.468292236328125,1.410722721637716,0.4421136674653013
T0110,healthy,0,2012-11-28,26.86903190612793,33.66999816894531,19.6200008392334,4.34398078918457,18.870168685913086,27.527063369750977,34.16999816894531,20.010000228881836,4.56390380859375,20.8292179107666,26.86903190612793,27.025285720825195,27.281124114990234,27.16391372680664,27.284910202026367,27.344749450683594,27.372756958007812,27.401386260986328,27.411012649536133,27.37630844116211,27.457630157470703,27.396400451660156,27.426651000976562,27.500511169433594,27.534456253051758,27.517107009887695,27.467777252197266,27.47524070739746,27.515335083007812,27.527063369750977,4.34398078918457,4.434090614318848,4.4453125,4.506199359893799,4.503459453582764,4.5185394287109375,4.53744649887085,4.535542964935303,4.539151668548584,4.550594329833984,4.54833984375,4.57418155670166,4.579234600067139,4.573941230773926,4.575517654418945,4.580352783203125,4.575576305389404,4.564736843109131,4.557310581207275,4.56390380859375,4.530370712280273,4.580352783203125,4.34398078918457,0.15625381469726562,0.25583839416503906,-0.11721038818359375,0.12099647521972656,0.05983924865722656,0.02800750732421875,0.028629302978515625,0.009626388549804688,-0.03470420837402344,0.08132171630859375,-0.061229705810546875,0.03025054931640625,0.07386016845703125,0.03394508361816406,-0.0173492431640625,-0.04932975769042969,0.0074634552001953125,0.04009437561035156,0.011728286743164062,0.6580314636230469,0.024823327889119236,0.03463323414325714,0.25583839416503906,-0.11721038818359375,0.08090256154537201,0.06408832222223282,0.0868643079485212,0.012596289316810961,-0.0009947640555245758,520.1505737304688,9.638998031616211,1.111289381980896,22.539142608642578,2.883687734603882,0.058905404061079025,0.2199230194091797,0.008196939382337743,0.8711490631103516,0.8738956451416016,0.8127803802490234,0.08293342590332031,0.7357959747314453,0.8155403137207031,0.071807861328125,1.2862167358398438,0.3720359802246094,0.04178125625266095,0.03348357838795485,0.029937470228150912,0.008348373183630044,0.031289374559444735,0.024354852948869722,0.0024357372656796518,0.036182891157335924,0.015617478162722086,0.352630615234375,0.19814682006835938,0.25316429138183594,0.27817344665527344,0.187164306640625,0.6198539733886719,0.4140472412109375,0.6715755462646484,0.6858749389648438,0.6580172644721137,0.6580172644721137,1.2862167358398438,0.071807861328125,1.2862167358398438,0.40274465485813765,1.2144088745117188,1.9546853642584008,0.5118510481982361,0.024825668016272097,0.024825668016272097,0.04178125625266095,0.0024357372656796518,0.04178125625266095,0.013309632777036194,0.0393455189869813,1.6829855049789675,0.49880148569925453,0.4067367977566189,0.4067367977566189,0.6858749389648438,0.187164306640625,0.6858749389648438,0.20257480850170112,0.49871063232421875,1.6862868712271895,0.5401539669231266
T0111,healthy,0,2012-11-28,28.7707462310791,33.810001373291016,19.670000076293945,3.6287312507629395,13.16769027709961,28.416963577270508,33.68000030517578,19.65999984741211,3.5487046241760254,12.593303680419922,28.7707462310791,28.730335235595703,28.566688537597656,28.607891082763672,28.7082462310791,28.483104705810547,28.55451774597168,28.46715545654297,28.600679397583008,28.41925048828125,28.418119430541992,28.47344398498535,28.550920486450195,28.520898818969727,28.522382736206055,28.500036239624023,28.458072662353516,28.514253616333008,28.490680694580078,28.416963577270508,3.6287312507629395,3.611351251602173,3.6408495903015137,3.6308486461639404,3.5804080963134766,3.6677205562591553,3.601161241531372,3.652118444442749,3.6116769313812256,3.656188726425171,3.6503729820251465,3.629145860671997,3.6232097148895264,3.610818862915039,3.578061103820801,3.5807976722717285,3.6045749187469482,3.5056698322296143,3.5441160202026367,3.5487046241760254,3.6078262329101562,3.6677205562591553,3.5056698322296143,-0.04041099548339844,-0.16364669799804688,0.041202545166015625,0.10035514831542969,-0.2251415252685547,0.07141304016113281,-0.08736228942871094,0.13352394104003906,-0.1814289093017578,-0.0011310577392578125,0.055324554443359375,0.07747650146484375,-0.03002166748046875,0.001483917236328125,-0.02234649658203125,-0.04196357727050781,0.05618095397949219,-0.023572921752929688,-0.07371711730957031,-0.35378265380859375,-0.01177918283562973,-0.018620138987898827,0.13352394104003906,-0.2251415252685547,0.09434960037469864,0.07514230906963348,-0.04180777413504624,-0.0023731504167837925,-0.014256613595145143,542.1805419921875,-4.463645935058594,0.7238448858261108,21.115001678466797,2.4288575649261475,0.04055662825703621,-0.08002662658691406,-0.004410344855229784,-0.40067481994628906,-0.1447296142578125,-0.40793418884277344,0.32586669921875,-0.1268482208251953,-0.8733425140380859,0.1531238555908203,-0.4145927429199219,-1.2878246307373047,-0.015638497718295487,-0.004778031657514096,-0.0073602877165145535,0.007789316392481897,-0.00285632054608538,-0.02806255942896881,-6.946621084590343e-05,-0.013126208369893906,-0.041715249083096206,0.25177001953125,0.14165306091308594,0.38187217712402344,1.0125541687011719,0.07175445556640625,0.3745880126953125,0.6044864654541016,0.08216667175292969,0.32555198669433594,-0.3529951307508681,0.4594374762641059,0.32586669921875,-1.2878246307373047,1.2878246307373047,0.49564103376129975,1.6136913299560547,2.803046484537406,0.6229259848637131,-0.01175747825985916,0.013488437458188472,0.007789316392481897,-0.041715249083096206,0.041715249083096206,0.015191382482403188,0.049504565475578105,3.0926649795986716,0.7036174456740774,0.3607107798258464,0.3607107798258464,1.0125541687011719,0.07175445556640625,1.0125541687011719,0.29730873316442324,0.9407997131347656,2.807108069015734,0.6157327011368002
T0113,healthy,0,2013-01-15,28.088254928588867,33.470001220703125,22.350000381469727,2.923872470855713,8.549030303955078,29.219587326049805,34.810001373291016,22.5,3.3484416007995605,11.212060928344727,28.088254928588867,28.345767974853516,28.55720329284668,28.64470100402832,28.7288761138916,28.785253524780273,28.815725326538086,28.911008834838867,28.933542251586914,28.986276626586914,29.02914047241211,29.00442123413086,29.034875869750977,29.064645767211914,29.017024993896484,29.05356788635254,29.038528442382812,29.022010803222656,29.05182647705078,29.219587326049805,2.923872470855713,3.024441719055176,3.083754301071167,3.135456085205078,3.166868209838867,3.209573268890381,3.240161180496216,3.2517893314361572,3.277855396270752,3.2874441146850586,3.2998709678649902,3.335425615310669,3.335054636001587,3.3482706546783447,3.3763630390167236,3.369732141494751,3.3839213848114014,3.3965368270874023,3.3996613025665283,3.3484416007995605,3.2597248554229736,3.3996613025665283,2.923872470855713,0.25751304626464844,0.21143531799316406,0.08749771118164062,0.08417510986328125,0.056377410888671875,0.0304718017578125,0.09528350830078125,0.022533416748046875,0.052734375,0.04286384582519531,-0.02471923828125,0.030454635620117188,0.0297698974609375,-0.04762077331542969,0.03654289245605469,-0.015039443969726562,-0.01651763916015625,0.029815673828125,0.16776084899902344,1.1313323974609375,0.04050000843248884,0.05954381078481674,0.25751304626464844,-0.04762077331542969,0.07686857134103775,0.0704803466796875,0.13490900312151163,0.031158083961122338,0.02831627982003294,548.6782836914062,15.001474380493164,0.36818042397499084,16.390851974487305,0.9765202403068542,0.12949945032596588,0.42456912994384766,0.02064524413947768,1.3166656494140625,1.5307769775390625,1.077493667602539,1.081563949584961,1.3559341430664062,0.8246936798095703,0.8969440460205078,1.5165462493896484,0.5855522155761719,0.04207907511775563,0.06532393290584122,0.025488321404707883,0.036871456920652156,0.05506985026194527,0.03167181803767804,0.02257710220222135,0.05859408271043789,0.026998898498993153,0.3462390899658203,0.3125438690185547,0.6091156005859375,0.3331642150878906,0.3009471893310547,0.22104263305664062,0.3024463653564453,0.39934730529785156,0.18825721740722656,1.1317967308892145,1.1317967308892145,1.5307769775390625,0.5855522155761719,1.5307769775390625,0.32499131120290153,0.9452247619628906,1.3525193369406443,0.4322779922006398,0.04051939311780363,0.04051939311780363,0.06532393290584122,0.02257710220222135,0.06532393290584122,0.015725607012086775,0.04274683070361987,1.6121642442738464,0.4908153498243625,0.3347892761230469,0.3347892761230469,0.6091156005859375,0.18825721740722656,0.6091156005859375,0.1207541730011674,0.42085838317871094,1.819399920587859,0.4496035393571213
T0114,healthy,0,2013-01-15,27.91627311706543,33.27000045776367,21.8799991607666,3.3025095462799072,10.90656852722168,28.614118576049805,34.529998779296875,21.8799991607666,3.5147604942321777,12.353541374206543,27.91627311706543,28.144359588623047,28.239727020263672,28.229915618896484,28.312103271484375,28.407350540161133,28.392799377441406,28.44769859313965,28.451688766479492,28.490888595581055,28.520484924316406,28.508272171020508,28.54506492614746,28.569765090942383,28.518665313720703,28.60500717163086,28.550952911376953,28.568212509155273,28.61343765258789,28.614118576049805,3.3025095462799072,3.3628666400909424,3.395890712738037,3.4309463500976562,3.4624526500701904,3.4691383838653564,3.497567892074585,3.4979920387268066,3.508392572402954,3.507089614868164,3.5168731212615967,3.5250244140625,3.5060641765594482,3.524933338165283,3.5299618244171143,3.5245368480682373,3.526350259780884,3.524296998977661,3.515284299850464,3.5147604942321777,3.482146739959717,3.5299618244171143,3.3025095462799072,0.2280864715576172,0.095367431640625,-0.0098114013671875,0.08218765258789062,0.09524726867675781,-0.014551162719726562,0.05489921569824219,0.00399017333984375,0.0391998291015625,0.029596328735351562,-0.012212753295898438,0.036792755126953125,0.024700164794921875,-0.05109977722167969,0.08634185791015625,-0.05405426025390625,0.017259597778320312,0.04522514343261719,0.0006809234619140625,0.697845458984375,0.027430730834042436,0.03672870993614197,0.2280864715576172,-0.05405426025390625,0.06262221187353134,0.05164758861064911,0.08425162179129399,0.022915930975048602,0.014851924351283352,540.381591796875,9.972400665283203,0.39699676632881165,13.387791633605957,1.2282309532165527,0.06096659600734711,0.2122509479522705,0.008505374686162219,1.1332435607910156,0.9186744689941406,0.5539608001708984,0.9778194427490234,0.6263599395751953,0.31298255920410156,0.7519302368164062,1.0882110595703125,-0.07642745971679688,0.05104220254080602,0.03661111673914387,0.015307802185976478,0.050421703309940565,0.02233626573605617,0.006502204550836105,0.0340961298548182,0.03294938166338623,-0.0020962880070054097,0.34782981872558594,0.2445812225341797,0.25205421447753906,0.57171630859375,0.27216148376464844,0.23682403564453125,0.6293354034423828,0.5717391967773438,0.36782073974609375,0.6985282897949219,0.7155121697319878,1.1332435607910156,-0.07642745971679688,1.1332435607910156,0.39456616018179813,1.2096710205078125,1.5838214818586303,0.49681180892043897,0.027463390952662023,0.02792923273199656,0.05104220254080602,-0.0020962880070054097,0.05104220254080602,0.01846620689094264,0.05313849054781143,1.8275541170448768,0.5493050494272863,0.3882291581895616,0.3882291581895616,0.6293354034423828,0.23682403564453125,0.6293354034423828,0.1593337147273961,0.39251136779785156,1.621041011362381,0.5073724189104218
T0115,healthy,0,2013-01-16,28.263856887817383,33.560001373291016,21.6200008392334,2.812424898147583,7.909733772277832,29.3743839263916,35.209999084472656,21.670000076293945,3.2071659564971924,10.285913467407227,28.263856887817383,28.595409393310547,28.708375930786133,28.84558868408203,28.949411392211914,29.037487030029297,29.059720993041992,29.056602478027344,29.19057273864746,29.19449234008789,29.21843147277832,29.27142333984375,29.288776397705078,29.243186950683594,29.274049758911133,29.32584571838379,29.311542510986328,29.33357810974121,29.388469696044922,29.3743839263916,2.812424898147583,2.8523166179656982,2.8899576663970947,2.9128615856170654,2.94057035446167,2.9764766693115234,3.0174026489257812,3.058873176574707,3.031888961791992,3.1052541732788086,3.102874517440796,3.1005449295043945,3.1320693492889404,3.1616930961608887,3.173504114151001,3.1562650203704834,3.2139406204223633,3.220092535018921,3.208400249481201,3.2071659564971924,3.0637288093566895,3.220092535018921,2.812424898147583,0.33155250549316406,0.11296653747558594,0.13721275329589844,0.10382270812988281,0.08807563781738281,0.022233963012695312,-0.0031185150146484375,0.1339702606201172,0.0039196014404296875,0.023939132690429688,0.05299186706542969,0.017353057861328125,-0.045589447021484375,0.030862808227539062,0.05179595947265625,-0.014303207397460938,0.022035598754882812,0.05489158630371094,-0.014085769653320312,1.1105270385742188,0.04436010202967062,0.05844879150390625,0.33155250549316406,-0.045589447021484375,0.08172757923603058,0.06656426191329956,0.14478198460169983,0.03228121712093944,0.020330810546875282,553.112060546875,16.098804473876953,0.44180095195770264,15.5469970703125,1.0718564987182617,0.1254553496837616,0.3947410583496094,0.021161686388173437,0.7967967987060547,1.4471435546875,1.4880752563476562,0.3070716857910156,1.1019172668457031,1.2221927642822266,0.4001789093017578,1.7720718383789062,1.4554386138916016,0.019010735992201492,0.06353466923075493,0.06068573858504847,0.00916452766361006,0.04542147557538194,0.050352063573392225,0.017074345466785382,0.06651010585010421,0.06727594648088639,0.25972557067871094,0.3553466796875,0.49521446228027344,0.24138450622558594,0.3036060333251953,0.4632568359375,0.20319175720214844,0.5970020294189453,0.4826831817626953,1.1100985209147136,1.1100985209147136,1.7720718383789062,0.3070716857910156,1.7720718383789062,0.5091122413704491,1.4650001525878906,1.5963194158258467,0.4719887084148838,0.044336623157573904,0.044336623157573904,0.06727594648088639,0.00916452766361006,0.06727594648088639,0.023218541924344416,0.05811141881727633,1.5173896096662411,0.49450144163224063,0.377934561835395,0.377934561835395,0.5970020294189453,0.20319175720214844,0.5970020294189453,0.1365588553771294,0.3938102722167969,1.579643869359913,0.4630136265987606
T0116,healthy,0,2013-01-16,27.857515335083008,33.5099983215332,21.65999984741211,3.5179131031036377,12.375713348388672,27.963258743286133,33.86000061035156,21.700000762939453,3.510519027709961,12.32374382019043,27.857515335083008,27.940853118896484,27.956754684448242,27.948619842529297,27.986000061035156,28.01301383972168,28.009244918823242,27.98687744140625,28.014772415161133,28.00667953491211,28.029876708984375,27.975582122802734,28.011119842529297,27.981992721557617,27.990684509277344,27.992408752441406,27.977277755737305,27.979394912719727,27.93482780456543,27.963258743286133,3.5179131031036377,3.5616226196289062,3.5681211948394775,3.571683645248413,3.5723960399627686,3.566251516342163,3.57865834236145,3.581502914428711,3.5847957134246826,3.5910820960998535,3.574338912963867,3.579976797103882,3.57381010055542,3.5692074298858643,3.556387424468994,3.5528781414031982,3.551764488220215,3.5405406951904297,3.5304150581359863,3.510519027709961,3.5616936683654785,3.5910820960998535,3.510519027709961,0.08333778381347656,0.015901565551757812,-0.008134841918945312,0.037380218505859375,0.027013778686523438,-0.0037689208984375,-0.022367477416992188,0.027894973754882812,-0.008092880249023438,0.023197174072265625,-0.054294586181640625,0.0355377197265625,-0.029127120971679688,0.008691787719726562,0.0017242431640625,-0.015130996704101562,0.002117156982421875,-0.044567108154296875,0.028430938720703125,0.105743408203125,0.0017477107227293006,0.005565442610532045,0.08333778381347656,-0.054294586181640625,0.03150998055934906,0.025090066716074944,0.02585138593401117,-0.0019515128362750872,-0.008792986188614767,531.6463623046875,2.35357666015625,0.25159937143325806,9.770033836364746,0.8533118367195129,0.021467769518494606,-0.007394075393676758,-0.00134057640133056,-0.06128692626953125,0.2689189910888672,0.08011436462402344,0.0075397491455078125,0.10081863403320312,0.16707992553710938,-0.013917922973632812,0.46744346618652344,-0.06434822082519531,-0.018417270918537863,0.011251403693865404,0.013025058660291544,-0.013183193637017303,0.0004909845223101762,0.01910985932314248,-0.01434274257573943,0.009359718265389881,0.008270906147203019,0.30776023864746094,0.1523914337158203,0.12230682373046875,0.23503494262695312,0.12374687194824219,0.1405315399169922,0.17513275146484375,0.2415752410888672,0.10029792785644531,0.10581800672743055,0.13682980007595485,0.46744346618652344,-0.06434822082519531,0.46744346618652344,0.174172870331374,0.5317916870117188,3.416239969397337,0.7336302918538149,0.001729413720100879,0.01193901530483301,0.01910985932314248,-0.018417270918537863,0.01910985932314248,0.01373624367619977,0.03752713024168035,1.6006213937252198,0.4827298163556278,0.17764197455512154,0.17764197455512154,0.30776023864746094,0.10029792785644531,0.30776023864746094,0.06917551132618938,0.20746231079101562,1.7324746704344787,0.49060628167761466
T0121,healthy,0,2013-01-21,28.40154266357422,33.43000030517578,21.850000381469727,2.7984416484832764,7.831275463104248,29.319677352905273,34.5,22.170000076293945,2.998044967651367,8.988273620605469,28.40154266357422,28.72257423400879,28.851552963256836,28.845735549926758,28.907978057861328,28.931434631347656,29.075090408325195,29.102474212646484,29.242847442626953,29.12371826171875,29.153444290161133,29.17543601989746,29.147907257080078,29.243288040161133,29.296611785888672,29.280521392822266,29.222061157226562,29.263187408447266,29.27422523498535,29.319677352905273,2.7984416484832764,2.7927205562591553,2.8227248191833496,2.8582968711853027,2.8684446811676025,2.907284736633301,2.9093892574310303,2.919682741165161,2.863309383392334,2.9540605545043945,2.956951379776001,2.9699883460998535,3.007415771484375,2.9835450649261475,2.956415891647339,2.9880995750427246,3.0174200534820557,3.029386520385742,3.0227773189544678,2.998044967651367,2.931220293045044,3.029386520385742,2.7927205562591553,0.3210315704345703,0.12897872924804688,-0.005817413330078125,0.06224250793457031,0.023456573486328125,0.14365577697753906,0.027383804321289062,0.14037322998046875,-0.11912918090820312,0.029726028442382812,0.021991729736328125,-0.027528762817382812,0.09538078308105469,0.05332374572753906,-0.01609039306640625,-0.058460235595703125,0.041126251220703125,0.011037826538085938,0.045452117919921875,0.9181346893310547,0.034966907644629966,0.048322878777980804,0.3210315704345703,-0.11912918090820312,0.09081297367811203,0.0722203478217125,0.09142439705984931,0.01466714768182543,0.003930446079798662,552.7206420898438,13.091387748718262,0.3624630868434906,13.590680122375488,0.9436076879501343,0.07370630651712418,0.19960331916809082,0.011963174934673932,0.8108425140380859,1.1271476745605469,0.8942012786865234,0.70330810546875,0.7568607330322266,1.1330699920654297,0.8807544708251953,1.0317535400390625,0.924346923828125,0.022519864534076676,0.042058174592211325,0.03666147791353376,0.013198466767044292,0.03623738683255903,0.05080403923091902,0.027218153243673358,0.042064562058985816,0.04381541775581455,0.3759937286376953,0.3536109924316406,0.31066131591796875,0.3864555358886719,0.1686248779296875,0.36377716064453125,0.3425464630126953,0.3251056671142578,0.2690601348876953,0.9180316925048828,0.9180316925048828,1.1330699920654297,0.70330810546875,1.1330699920654297,0.15348973982344372,0.4297618865966797,1.2342384135251616,0.3984334975164142,0.0349530603254242,0.0349530603254242,0.05080403923091902,0.013198466767044292,0.05080403923091902,0.011848495096471564,0.037605572463874734,1.453492890836692,0.43450022982615055,0.32175954182942706,0.32175954182942706,0.3864555358886719,0.1686248779296875,0.3864555358886719,0.06773185172723763,0.21783065795898438,1.2010693503624155,0.3889123794738812
T0125,healthy,0,2013-01-21,28.17814826965332,34.04999923706055,21.940000534057617,3.071535348892212,9.434329986572266,28.956165313720703,35.220001220703125,21.889999389648438,3.45046329498291,11.905696868896484,28.17814826965332,28.329355239868164,28.498212814331055,28.564098358154297,28.735204696655273,28.720869064331055,28.808576583862305,28.801380157470703,28.872516632080078,28.847864151000977,28.84539031982422,28.879735946655273,28.85555076599121,28.890371322631836,28.900768280029297,28.93376350402832,28.93616485595703,28.914501190185547,28.972204208374023,28.956165313720703,3.071535348892212,3.162053108215332,3.1919937133789062,3.233499526977539,3.2386586666107178,3.300189733505249,3.3008029460906982,3.324620485305786,3.3291118144989014,3.3589870929718018,3.3757245540618896,3.3751440048217773,3.4006640911102295,3.4142308235168457,3.4180538654327393,3.4146690368652344,3.428025960922241,3.4498133659362793,3.453315496444702,3.45046329498291,3.334578037261963,3.453315496444702,3.071535348892212,0.15120697021484375,0.16885757446289062,0.06588554382324219,0.17110633850097656,-0.01433563232421875,0.08770751953125,-0.0071964263916015625,0.071136474609375,-0.024652481079101562,-0.0024738311767578125,0.03434562683105469,-0.0241851806640625,0.034820556640625,0.010396957397460938,0.03299522399902344,0.0024013519287109375,-0.021663665771484375,0.05770301818847656,-0.016038894653320312,0.7780170440673828,0.031171268090269637,0.04094826430082321,0.17110633850097656,-0.024652481079101562,0.0628264918923378,0.0525846965610981,0.11420108250209274,0.010269051506406073,0.010589817592076618,546.8736572265625,11.48886775970459,0.34742528200149536,13.325454711914062,1.0084447860717773,0.10457656532526016,0.37892794609069824,0.0171978710289288,1.2291851043701172,1.0418663024902344,0.6651611328125,0.9792537689208984,1.0258827209472656,-0.0051975250244140625,1.0608959197998047,1.2614173889160156,-0.2472400665283203,0.03932764297141143,0.047122418970092395,0.04137802554252368,0.014714367228342826,0.04136190342723812,0.017641106225492992,0.03274973962539916,0.046923841031869286,-0.0005119381094343335,0.41675376892089844,0.2255096435546875,0.2929401397705078,0.5537624359130859,0.24737548828125,0.35149574279785156,0.3586540222167969,0.4080677032470703,0.2799663543701172,0.7790249718560113,0.8351222144232856,1.2614173889160156,-0.2472400665283203,1.2614173889160156,0.5438409156467489,1.508657455444336,1.510458411985286,0.4725187852113525,0.031189678545881727,0.03130344257020047,0.047122418970092395,-0.0005119381094343335,0.047122418970092395,0.016723281336118886,0.04763435707952673,1.5053425453443716,0.4806865018259771,0.3482805887858073,0.3482805887858073,0.5537624359130859,0.2255096435546875,0.5537624359130859,0.10221775439626285,0.32825279235839844,1.5899893299932277,0.43980627755373847
T0126,healthy,0,2013-01-22,28.121047973632812,32.97999954223633,21.360000610351562,3.1531224250793457,9.942180633544922,28.621591567993164,33.52000045776367,21.540000915527344,3.391550302505493,11.50261402130127,28.121047973632812,28.2741641998291,28.342018127441406,28.378698348999023,28.4970760345459,28.46660804748535,28.4931583404541,28.41785430908203,28.476686477661133,28.494550704956055,28.47442054748535,28.476415634155273,28.517738342285156,28.488176345825195,28.54075813293457,28.5576229095459,28.559391021728516,28.55944061279297,28.609670639038086,28.621591567993164,3.1531224250793457,3.2341668605804443,3.2681963443756104,3.2970163822174072,3.3003957271575928,3.333926200866699,3.341313362121582,3.37257719039917,3.3551816940307617,3.351813793182373,3.3801021575927734,3.3779056072235107,3.3814682960510254,3.3948824405670166,3.388963222503662,3.3953936100006104,3.3962562084198,3.4044454097747803,3.391042470932007,3.391550302505493,3.3454856872558594,3.4044454097747803,3.1531224250793457,0.15311622619628906,0.06785392761230469,0.03668022155761719,0.118377685546875,-0.030467987060546875,0.02655029296875,-0.07530403137207031,0.05883216857910156,0.017864227294921875,-0.020130157470703125,0.001995086669921875,0.04132270812988281,-0.029561996459960938,0.052581787109375,0.016864776611328125,0.0017681121826171875,4.9591064453125e-05,0.05023002624511719,0.011920928955078125,0.5005435943603516,0.016993420823174808,0.02634439989924431,0.15311622619628906,-0.07530403137207031,0.05130581185221672,0.042709048837423325,0.06952045985630462,0.005280994233629773,0.01601028442382674,540.9957275390625,6.695857048034668,0.3574254810810089,14.014703750610352,1.2255491018295288,0.06379148364067078,0.23842787742614746,0.009463968312829868,0.8568077087402344,0.7232398986816406,-0.11319351196289062,0.7363510131835938,0.6740245819091797,0.024522781372070312,0.5803470611572266,0.8528614044189453,0.1765727996826172,0.04082840510777,0.029860955431944895,-0.02531701711783755,0.039980799452702095,0.029156713557422487,-0.01608090938482162,0.03287649800006529,0.030527246805061112,-0.008419538799085878,0.22620010375976562,0.1806793212890625,0.19906234741210938,0.24767494201660156,0.1458759307861328,0.20653343200683594,0.1974964141845703,0.289398193359375,0.2766075134277344,0.5012815263536241,0.5264356401231554,0.8568077087402344,-0.11319351196289062,0.8568077087402344,0.3709676893866661,0.970001220703125,1.627563992939671,0.5162644637830334,0.017045905894802312,0.028116453739634548,0.04082840510777,-0.02531701711783755,0.04082840510777,0.025921419660080075,0.06614542222560754,1.4521173603427227,0.44926520060951425,0.21883646647135416,0.21883646647135416,0.289398193359375,0.1458759307861328,0.289398193359375,0.04606967245771475,0.1435222625732422,1.3224403811731882,0.41313480324809587
T0127,healthy,0,2013-01-22,27.83566665649414,32.97999954223633,20.989999771118164,3.463477373123169,11.995675086975098,28.40399742126465,34.13999938964844,21.280000686645508,3.6856119632720947,13.583736419677734,27.83566665649414,27.834156036376953,28.02001953125,28.134172439575195,28.24014663696289,28.22584342956543,28.2492618560791,28.22762680053711,28.225669860839844,28.223848342895508,28.253524780273438,28.238861083984375,28.307207107543945,28.270055770874023,28.265380859375,28.357473373413086,28.29993438720703,28.372041702270508,28.320064544677734,28.40399742126465,3.463477373123169,3.585078716278076,3.571284770965576,3.588104248046875,3.592823028564453,3.6200852394104004,3.630770206451416,3.6567349433898926,3.665771245956421,3.6619818210601807,3.6626486778259277,3.6736903190612793,3.6639742851257324,3.689453363418579,3.68351149559021,3.6876790523529053,3.714768886566162,3.6958162784576416,3.696955680847168,3.6856119632720947,3.6445109844207764,3.714768886566162,3.463477373123169,-0.0015106201171875,0.18586349487304688,0.11415290832519531,0.10597419738769531,-0.014303207397460938,0.023418426513671875,-0.021635055541992188,-0.001956939697265625,-0.0018215179443359375,0.029676437377929688,-0.0146636962890625,0.06834602355957031,-0.037151336669921875,-0.0046749114990234375,0.09209251403808594,-0.05753898620605469,0.07210731506347656,-0.05197715759277344,0.08393287658691406,0.5683307647705078,0.0216188774969339,0.02991214580833912,0.18586349487304688,-0.05753898620605469,0.06363701820373535,0.051726192235946655,0.09380024501255657,0.007294155302500869,0.01865610395158965,536.1851806640625,7.3074541091918945,0.2639602720737457,10.50480842590332,0.8076674342155457,0.0583886094391346,0.22213459014892578,0.008814085695080272,0.46978759765625,0.9832210540771484,0.7731399536132812,0.09923744201660156,0.6765804290771484,0.6791954040527344,0.03503227233886719,0.6751937866210938,0.7213935852050781,0.0068133146242984124,0.043093444709490794,0.04063613862919566,-0.005172664957835486,0.02614894235940779,0.03603856653199155,-0.006093555823305461,0.0195145126572226,0.03337913599229352,0.2052326202392578,0.22516822814941406,0.3724250793457031,0.1659412384033203,0.15926742553710938,0.27666664123535156,0.20537757873535156,0.23845863342285156,0.26219940185546875,0.5680868360731337,0.5680868360731337,0.9832210540771484,0.03503227233886719,0.9832210540771484,0.31366855402153215,0.9481887817382812,1.7307583530117006,0.4846196881481167,0.02159531496919549,0.024098919587226805,0.043093444709490794,-0.006093555823305461,0.043093444709490794,0.019036017216046978,0.04918700053279625,1.788189162241118,0.552206149579592,0.23452631632486978,0.23452631632486978,0.3724250793457031,0.15926742553710938,0.3724250793457031,0.06493871679380424,0.21315765380859375,1.5879883729121893,0.43174075415759416
T0129,healthy,0,2013-01-22,27.841875076293945,34.540000915527344,21.969999313354492,3.2201054096221924,10.36907958984375,28.027265548706055,35.18000030517578,21.969999313354492,3.419978141784668,11.696249961853027,27.841875076293945,28.035362243652344,28.072708129882812,28.10931396484375,28.127965927124023,28.137422561645508,28.200944900512695,28.1845760345459,28.208877563476562,28.25027084350586,28.253578186035156,28.255348205566406,28.291200637817383,28.245302200317383,28.17868423461914,28.222434997558594,28.183372497558594,28.135765075683594,28.101594924926758,28.027265548706055,3.2201054096221924,3.2675940990448,3.2993860244750977,3.3286266326904297,3.351245641708374,3.386321544647217,3.374370574951172,3.3982207775115967,3.398284435272217,3.4079277515411377,3.4224092960357666,3.4298694133758545,3.43813157081604,3.4355828762054443,3.4882359504699707,3.4802517890930176,3.491408348083496,3.469071626663208,3.440804958343506,3.419978141784668,3.3973910808563232,3.491408348083496,3.2201054096221924,0.19348716735839844,0.03734588623046875,0.0366058349609375,0.018651962280273438,0.009456634521484375,0.0635223388671875,-0.016368865966796875,0.024301528930664062,0.041393280029296875,0.003307342529296875,0.00177001953125,0.03585243225097656,-0.0458984375,-0.06661796569824219,0.043750762939453125,-0.0390625,-0.047607421875,-0.03417015075683594,-0.07432937622070312,0.18539047241210938,0.006732216454985337,0.009757393039762974,0.19348716735839844,-0.07432937622070312,0.058781664818525314,0.04386841505765915,0.051204408918107604,0.011742183140344007,-0.03334917340959775,535.1293334960938,6.1336669921875,0.25652945041656494,15.441726684570312,0.934249997138977,0.07134266942739487,0.19987273216247559,0.010885102766797062,-0.7503395080566406,0.7292690277099609,0.33083343505859375,-0.2630596160888672,0.17543601989746094,0.5919208526611328,-0.09735298156738281,0.4390850067138672,0.5086212158203125,-0.03274379672860856,0.030466697807598586,0.009853000210639687,-0.006357191559067912,0.013059218844075873,0.017574337550571643,-0.0023956126736529135,0.017675930396058265,0.013361681314338889,0.1503162384033203,0.3180561065673828,0.2769966125488281,0.1325969696044922,0.1271820068359375,0.2734794616699219,0.16265106201171875,0.29741477966308594,0.26029205322265625,0.18493482801649305,0.43176862928602433,0.7292690277099609,-0.7503395080566406,0.7503395080566406,0.47536863066885376,1.4796085357666016,1.7378277155501782,0.5330862777960933,0.0067215850179948395,0.01594305189829026,0.030466697807598586,-0.03274379672860856,0.03274379672860856,0.018396217651122062,0.06321049453620714,2.053795998378455,0.5637176607723609,0.2221094767252604,0.2221094767252604,0.3180561065673828,0.1271820068359375,0.3180561065673828,0.0772166693696706,0.1908740997314453,1.4319789364098803,0.44646026088528956
T0130,healthy,0,2013-01-22,28.294147491455078,34.90999984741211,21.290000915527344,3.2077667713165283,10.289767265319824,28.72429084777832,35.2599983215332,21.3799991607666,3.3695619106292725,11.353946685791016,28.294147491455078,28.453161239624023,28.463014602661133,28.6092586517334,28.524608612060547,28.544876098632812,28.48667335510254,28.562517166137695,28.543594360351562,28.636157989501953,28.6135311126709,28.616039276123047,28.67637062072754,28.610719680786133,28.64049530029297,28.700279235839844,28.708642959594727,28.661855697631836,28.656709671020508,28.72429084777832,3.2077667713165283,3.229213237762451,3.2911624908447266,3.24869966506958,3.2985846996307373,3.283712148666382,3.3181490898132324,3.3126494884490967,3.345463752746582,3.330524206161499,3.372117042541504,3.3425791263580322,3.3295044898986816,3.346158266067505,3.3466134071350098,3.3455770015716553,3.3330307006835938,3.400545597076416,3.4040894508361816,3.3695619106292725,3.3227851390838623,3.4040894508361816,3.2077667713165283,0.1590137481689453,0.009853363037109375,0.14624404907226562,-0.08465003967285156,0.020267486572265625,-0.05820274353027344,0.07584381103515625,-0.018922805786132812,0.09256362915039062,-0.022626876831054688,0.0025081634521484375,0.06033134460449219,-0.06565093994140625,0.029775619506835938,0.059783935546875,0.008363723754882812,-0.046787261962890625,-0.005146026611328125,0.0675811767578125,0.4301433563232422,0.015287901225842292,0.02263912372291088,0.1590137481689453,-0.08465003967285156,0.06587693840265274,0.054427195340394974,0.04612083435058664,0.019432135990686692,0.006899479457310752,543.2177124023438,5.628922462463379,0.5330982804298401,17.764989852905273,1.6067273616790771,0.05036796256899834,0.16179513931274414,0.007654404640197704,0.21920394897460938,0.5141582489013672,0.5071868896484375,0.03460693359375,0.5439376831054688,0.9416561126708984,-0.060497283935546875,0.5311908721923828,0.6361427307128906,0.0024295792543792506,0.020893780987961626,0.025027216287483122,-0.009127717269094603,0.017750937956615837,0.04971594416109229,-0.026553974295021286,0.01652306147984033,0.04060610577576106,0.3809967041015625,0.17160606384277344,0.2024822235107422,0.3231163024902344,0.18726158142089844,0.5392990112304688,0.3712787628173828,0.1897106170654297,0.46688270568847656,0.4297317928738064,0.4431756337483724,0.9416561126708984,-0.060497283935546875,0.9416561126708984,0.3126312141165942,1.0021533966064453,2.124792113362518,0.5319527618389919,0.015251659371001959,0.02318092416302771,0.04971594416109229,-0.026553974295021286,0.04971594416109229,0.023644141808325272,0.07626991845611358,2.1446911419293198,0.5602116723589318,0.31473710801866317,0.31473710801866317,0.5392990112304688,0.17160606384277344,0.5392990112304688,0.1351865022797559,0.3676929473876953,1.713490339574405,0.4897132597268443
T0131,healthy,0,2013-01-21,28.020065307617188,33.52000045776367,22.399999618530273,3.1575028896331787,9.969823837280273,28.307369232177734,34.20000076293945,22.5,3.360030174255371,11.289803504943848,28.020065307617188,28.177871704101562,28.205833435058594,28.300687789916992,28.2683048248291,28.270917892456055,28.313426971435547,28.299423217773438,28.353620529174805,28.368873596191406,28.40867805480957,28.31238555908203,28.29948616027832,28.283971786499023,28.297080993652344,28.306093215942383,28.27972412109375,28.28497314453125,28.306100845336914,28.307369232177734,3.1575028896331787,3.193929672241211,3.2290236949920654,3.2562808990478516,3.2854726314544678,3.2925286293029785,3.3054161071777344,3.3181729316711426,3.323413133621216,3.3314766883850098,3.3416364192962646,3.3310611248016357,3.351585626602173,3.355813980102539,3.360603094100952,3.364124059677124,3.365567684173584,3.3687760829925537,3.3569283485412598,3.360030174255371,3.312467098236084,3.3687760829925537,3.1575028896331787,0.157806396484375,0.02796173095703125,0.09485435485839844,-0.032382965087890625,0.002613067626953125,0.04250907897949219,-0.014003753662109375,0.05419731140136719,0.015253067016601562,0.03980445861816406,-0.09629249572753906,-0.012899398803710938,-0.015514373779296875,0.013109207153320312,0.009012222290039062,-0.026369094848632812,0.0052490234375,0.021127700805664062,0.0012683868408203125,0.2873039245605469,0.0067027113491424165,0.015121258795261383,0.157806396484375,-0.09629249572753906,0.050914764404296875,0.03590674325823784,0.04629761832100952,-0.003449667067756427,0.0016203744070856364,537.501220703125,5.119930267333984,0.13863223791122437,9.750262260437012,0.457593709230423,0.059031836688518524,0.20252728462219238,0.009147968507350808,0.47983360290527344,0.7154293060302734,0.38717079162597656,0.08628463745117188,0.3213768005371094,0.2183685302734375,-0.20781326293945312,0.325042724609375,0.2600383758544922,0.019860584574533605,0.026439645236595814,0.0049628393990641595,-0.00042500173238971435,0.010100625690660428,0.0011359924660590953,-0.014356712111853508,0.007216892385840843,0.0054297712512478445,0.1645641326904297,0.2608642578125,0.3027610778808594,0.10317611694335938,0.15018653869628906,0.180938720703125,0.07252120971679688,0.18511581420898438,0.11028289794921875,0.28730350070529515,0.3334842258029514,0.7154293060302734,-0.20781326293945312,0.7154293060302734,0.255920610303284,0.9232425689697266,2.1453167173185514,0.5272392291416163,0.006707181906639841,0.009992007205360556,0.026439645236595814,-0.014356712111853508,0.026439645236595814,0.011749604841929636,0.04079635734844932,2.6460768324549493,0.6745050644678254,0.17004564073350695,0.17004564073350695,0.3027610778808594,0.07252120971679688,0.3027610778808594,0.07431835400110225,0.2302398681640625,1.7804694008630784,0.48924194820752764
T0132,healthy,0,2013-01-21,27.40900993347168,32.849998474121094,21.959999084472656,3.1808688640594482,10.117926597595215,28.310895919799805,34.150001525878906,21.950000762939453,3.697105884552002,13.66859245300293,27.40900993347168,27.50771141052246,27.654712677001953,27.79616928100586,27.84489631652832,27.94329833984375,27.837120056152344,27.91272735595703,28.032567977905273,28.093353271484375,28.073366165161133,28.117399215698242,28.177623748779297,28.06500244140625,28.20762062072754,28.2031307220459,28.238431930541992,28.26068115234375,28.2924747467041,28.310895919799805,3.1808688640594482,3.2899606227874756,3.3236355781555176,3.3703465461730957,3.43900465965271,3.470771551132202,3.527803659439087,3.55362868309021,3.556058168411255,3.5716803073883057,3.6009504795074463,3.6104342937469482,3.6218619346618652,3.6262526512145996,3.627776861190796,3.6526637077331543,3.659203290939331,3.668428421020508,3.67695689201355,3.697105884552002,3.536269426345825,3.697105884552002,3.1808688640594482,0.09870147705078125,0.1470012664794922,0.14145660400390625,0.04872703552246094,0.09840202331542969,-0.10617828369140625,0.0756072998046875,0.11984062194824219,0.06078529357910156,-0.019987106323242188,0.044033050537109375,0.06022453308105469,-0.11262130737304688,0.14261817932128906,-0.004489898681640625,0.03530120849609375,0.022249221801757812,0.03179359436035156,0.018421173095703125,0.901885986328125,0.0411950348015109,0.047467682510614395,0.1470012664794922,-0.11262130737304688,0.07172884047031403,0.07307574898004532,0.10927009582519692,0.037549586523146175,0.02304736546107674,532.1182250976562,11.347051620483398,1.1274871826171875,19.046995162963867,2.5397167205810547,0.14155538380146027,0.5162370204925537,0.02278231229997209,0.9492874145507812,1.3237724304199219,1.4183311462402344,0.3192558288574219,1.176645278930664,0.9554214477539062,0.26255035400390625,1.0247745513916016,0.6852931976318359,0.08169201298763809,0.059882340395359765,0.035171131621625905,0.05890303016605176,0.05121294466176409,-0.0026957863255557676,0.05124447184397671,0.047010983918841814,-0.011184907497320476,0.37396240234375,0.201263427734375,0.5313014984130859,0.3389606475830078,0.22096824645996094,0.627349853515625,0.3685436248779297,0.15061378479003906,0.5820636749267578,0.9017035166422526,0.9017035166422526,1.4183311462402344,0.26255035400390625,1.4183311462402344,0.408584610552055,1.1557807922363281,1.5729462116243356,0.4828821568700893,0.04124846908582021,0.044333067713126034,0.08169201298763809,-0.011184907497320476,0.08169201298763809,0.030092135489034378,0.09287692048495856,1.8426876093795514,0.5024525806479986,0.37722524007161456,0.37722524007161456,0.627349853515625,0.15061378479003906,0.627349853515625,0.1719528840765868,0.47673606872558594,1.6630643187234295,0.5127249177581696
T0135,healthy,0,2013-01-25,28.512123107910156,34.54999923706055,21.25,2.822838306427002,7.9684157371521,29.05181312561035,34.470001220703125,21.479999542236328,2.996938943862915,8.981643676757812,28.512123107910156,28.651126861572266,28.742206573486328,28.74787139892578,28.800302505493164,28.850784301757812,28.852920532226562,28.894813537597656,28.84729766845703,28.9499454498291,28.952112197875977,29.00212860107422,29.008867263793945,29.017776489257812,29.05477523803711,29.025386810302734,29.035846710205078,29.024120330810547,29.036760330200195,29.05181312561035,2.822838306427002,2.876394748687744,2.859426498413086,2.8988897800445557,2.9090845584869385,2.8998494148254395,2.9216673374176025,2.925696611404419,2.9626383781433105,2.9645657539367676,2.98869252204895,2.9719150066375732,2.9828062057495117,2.9758505821228027,2.9718618392944336,2.9988389015197754,2.97505784034729,3.016883134841919,3.004840850830078,2.996938943862915,2.946237087249756,3.016883134841919,2.822838306427002,0.13900375366210938,0.0910797119140625,0.005664825439453125,0.05243110656738281,0.05048179626464844,0.00213623046875,0.04189300537109375,-0.047515869140625,0.10264778137207031,0.002166748046875,0.05001640319824219,0.0067386627197265625,0.008909225463867188,0.036998748779296875,-0.029388427734375,0.01045989990234375,-0.01172637939453125,0.012639999389648438,0.01505279541015625,0.5396900177001953,0.023522579221795722,0.028404736891388893,0.13900375366210938,-0.047515869140625,0.04452569782733917,0.03773428127169609,0.0613285064697268,0.026082379477363353,0.00021667480468703153,549.2770385742188,7.5466718673706055,0.174808070063591,7.93063497543335,0.53046715259552,0.05242706835269928,0.17410063743591309,0.008417839932262396,0.7869434356689453,0.6332454681396484,0.39996337890625,0.8517322540283203,0.5636844635009766,0.05135345458984375,0.7998142242431641,0.7220554351806641,0.053630828857421875,0.036667621583866286,0.029019241046187486,0.018768294771811158,0.04035277115671207,0.025019700186592782,-0.0017874925656434894,0.034829205677920985,0.030091255589534304,-0.0010011888088144467,0.1581096649169922,0.15008163452148438,0.16693496704101562,0.21155738830566406,0.16295814514160156,0.2002887725830078,0.20669937133789062,0.25792503356933594,0.17182540893554688,0.5402692159016927,0.5402692159016927,0.8517322540283203,0.05135345458984375,0.8517322540283203,0.3088287070309176,0.8003787994384766,1.5764959638535867,0.5014968745937968,0.023551045404240793,0.024170752376342555,0.04035277115671207,-0.0017874925656434894,0.04035277115671207,0.015508466771122695,0.04214026372235556,1.6694869002645882,0.5141640770140622,0.18737559848361546,0.18737559848361546,0.25792503356933594,0.15008163452148438,0.25792503356933594,0.03465060328579087,0.10784339904785156,1.3765133875036328,0.4009663505786712
T0136,healthy,0,2013-01-18,27.79430389404297,33.34000015258789,20.479999542236328,3.394571542739868,11.523116111755371,28.648202896118164,34.720001220703125,21.260000228881836,3.5230038166046143,12.411555290222168,27.79430389404297,27.928508758544922,28.00383186340332,28.097431182861328,28.114774703979492,28.224687576293945,28.212936401367188,28.351009368896484,28.365449905395508,28.46498680114746,28.413223266601562,28.489971160888672,28.57217788696289,28.648164749145508,28.639436721801758,28.591516494750977,28.639408111572266,28.71844482421875,28.63631248474121,28.648202896118164,3.394571542739868,3.4311177730560303,3.459050416946411,3.4697227478027344,3.5028655529022217,3.500716209411621,3.5155980587005615,3.5142557621002197,3.5341930389404297,3.525995969772339,3.545571804046631,3.5192065238952637,3.5114071369171143,3.5051515102386475,3.5017495155334473,3.497936248779297,3.4874722957611084,3.4896719455718994,3.5232038497924805,3.5230038166046143,3.4976229667663574,3.545571804046631,3.394571542739868,0.13420486450195312,0.07532310485839844,0.09359931945800781,0.017343521118164062,0.10991287231445312,-0.011751174926757812,0.13807296752929688,0.014440536499023438,0.09953689575195312,-0.05176353454589844,0.07674789428710938,0.08220672607421875,0.07598686218261719,-0.00872802734375,-0.04792022705078125,0.04789161682128906,0.07903671264648438,-0.08213233947753906,0.011890411376953125,0.8538990020751953,0.04471637754511911,0.04494205117225647,0.13807296752929688,-0.08213233947753906,0.06269016116857529,0.06623629480600357,0.08012330191475628,0.05326477686564068,0.007350158691406707,539.33349609375,11.241751670837402,0.6492502093315125,16.40121078491211,1.6038951873779297,0.035058218985795975,0.1284322738647461,0.003412081424454936,1.6240863800048828,1.1435508728027344,0.2610435485839844,1.3168926239013672,0.9526157379150391,-0.3465709686279297,1.422109603881836,1.061635971069336,0.2608909606933594,0.08138894389446472,0.05670066059083818,0.012190260922998122,0.0691524132750086,0.04342416175325989,-0.006044838123752828,0.07424543567169825,0.047984022843209635,0.023894444802649087,0.29106903076171875,0.14925384521484375,0.24474334716796875,0.35440635681152344,0.21083831787109375,0.27042198181152344,0.31438255310058594,0.22464370727539062,0.27184104919433594,0.855139414469401,0.9321551852756076,1.6240863800048828,-0.3465709686279297,1.6240863800048828,0.6530183052802464,1.9706573486328125,1.7422918289101998,0.5200717972366068,0.04477061173670818,0.04611390909754214,0.08138894389446472,-0.006044838123752828,0.08138894389446472,0.02966080809745182,0.08743378201821754,1.7649539550587172,0.5416220442524724,0.25906668768988717,0.25906668768988717,0.35440635681152344,0.14925384521484375,0.35440635681152344,0.060457330143902616,0.2051525115966797,1.3680120215056029,0.4116734682899188
T0137,healthy,0,2013-01-18,27.174585342407227,33.400001525878906,20.770000457763672,3.6934361457824707,13.641469955444336,27.644203186035156,34.540000915527344,21.170000076293945,3.776890516281128,14.264901161193848,27.174585342407227,27.366764068603516,27.439504623413086,27.518503189086914,27.56964874267578,27.549957275390625,27.598430633544922,27.620458602905273,27.641273498535156,27.626468658447266,27.640058517456055,27.61335563659668,27.720169067382812,27.658838272094727,27.695390701293945,27.65363311767578,27.642086029052734,27.69670867919922,27.630752563476562,27.644203186035156,3.6934361457824707,3.722590446472168,3.7365784645080566,3.750504493713379,3.7535359859466553,3.7640328407287598,3.7628445625305176,3.7688891887664795,3.7795145511627197,3.788374900817871,3.7834064960479736,3.786806344985962,3.7669260501861572,3.7715444564819336,3.767522096633911,3.7767319679260254,3.780857563018799,3.76031756401062,3.7788195610046387,3.776890516281128,3.7635064125061035,3.788374900817871,3.6934361457824707,0.19217872619628906,0.07274055480957031,0.07899856567382812,0.05114555358886719,-0.01969146728515625,0.048473358154296875,0.022027969360351562,0.020814895629882812,-0.014804840087890625,0.013589859008789062,-0.026702880859375,0.10681343078613281,-0.06133079528808594,0.03655242919921875,-0.04175758361816406,-0.011547088623046875,0.054622650146484375,-0.06595611572265625,0.01345062255859375,0.4696178436279297,0.016510640768179815,0.024716729298233986,0.19217872619628906,-0.06595611572265625,0.060760248452425,0.05016838759183884,0.0732717786516435,0.010133834112256605,-0.007713045392716499,524.2913818359375,7.974274635314941,0.16939347982406616,13.076069831848145,0.6522184014320374,0.022817784920334816,0.08345437049865723,0.0027419203206111974,0.2855796813964844,0.8328266143798828,0.3365211486816406,0.3527030944824219,0.5918140411376953,0.3227577209472656,0.3885345458984375,0.8224315643310547,0.29549598693847656,0.017556712501927193,0.03469721285024032,-0.0027164946821408133,0.019428922896994057,0.02307800063513179,0.00567333536936792,0.02107605468061566,0.02320387847441368,0.0067844620324613355,0.2604560852050781,0.21731185913085938,0.1732044219970703,0.2072010040283203,0.19422149658203125,0.11153984069824219,0.18241310119628906,0.3855247497558594,0.12213897705078125,0.46985159979926217,0.46985159979926217,0.8328266143798828,0.2855796813964844,0.8328266143798828,0.22221729323125552,0.5472469329833984,1.7725311502831647,0.53139052971306,0.016531342751001238,0.017135008235921415,0.03469721285024032,-0.0027164946821408133,0.03469721285024032,0.011351537963751601,0.03741370753238114,2.0249300218135726,0.5251048716806727,0.20600128173828125,0.20600128173828125,0.3855247497558594,0.11153984069824219,0.3855247497558594,0.08143250217476598,0.2739849090576172,1.8714676325702733,0.4656350151215917
T0141,healthy,0,2013-01-25,26.642780303955078,34.279998779296875,20.940000534057617,3.954094409942627,15.634861946105957,27.265087127685547,35.130001068115234,20.959999084472656,4.345623016357422,18.884441375732422,26.642780303955078,26.714921951293945,26.777042388916016,26.896591186523438,26.92018699645996,27.02147102355957,27.021568298339844,27.054832458496094,27.126630783081055,27.091646194458008,27.108625411987305,27.10072898864746,27.14442253112793,27.207719802856445,27.290008544921875,27.288471221923828,27.291654586791992,27.21036148071289,27.246347427368164,27.265087127685547,3.954094409942627,3.9701719284057617,4.057348251342773,4.077816963195801,4.131412029266357,4.15977144241333,4.193167686462402,4.2279157638549805,4.253894329071045,4.268983840942383,4.280637741088867,4.2988176345825195,4.30651330947876,4.288118362426758,4.29521369934082,4.30000114440918,4.325786590576172,4.3472900390625,4.34746789932251,4.345623016357422,4.22150182723999,4.34746789932251,3.954094409942627,0.07214164733886719,0.06212043762207031,0.11954879760742188,0.023595809936523438,0.10128402709960938,9.72747802734375e-05,0.03326416015625,0.07179832458496094,-0.034984588623046875,0.016979217529296875,-0.00789642333984375,0.04369354248046875,0.06329727172851562,0.08228874206542969,-0.001537322998046875,0.0031833648681640625,-0.08129310607910156,0.03598594665527344,0.018739700317382812,0.6223068237304688,0.030565355057106364,0.03275299072265625,0.11954879760742188,-0.08129310607910156,0.047338925302028656,0.04598577320575714,0.07510850088937111,0.02012243725004506,-0.009493473597934423,514.4671630859375,8.254339218139648,0.36949315667152405,13.140559196472168,1.0571829080581665,0.12021779268980026,0.3915286064147949,0.01932581492832716,0.9281883239746094,0.9158363342285156,0.20870590209960938,0.5539360046386719,1.0487709045410156,0.4311180114746094,0.4535408020019531,0.8951778411865234,0.17045974731445312,0.03015378077227325,0.04313065378289383,0.021677202210390135,0.02200211976703788,0.05324733705448899,0.024666212555160716,0.022318371077228696,0.0453426705267189,0.012703407975963516,0.41932106018066406,0.21384620666503906,0.5217666625976562,0.31468772888183594,0.15756797790527344,0.417938232421875,0.3830738067626953,0.2333393096923828,0.3197593688964844,0.6228593190511068,0.6228593190511068,1.0487709045410156,0.17045974731445312,1.0487709045410156,0.3318493119284261,0.8783111572265625,1.6838005880698013,0.5160422567171061,0.030582417302461768,0.030582417302461768,0.05324733705448899,0.012703407975963516,0.05324733705448899,0.01353276073741115,0.04054392907852547,1.7411089227114023,0.5148951903875021,0.33125559488932294,0.33125559488932294,0.5217666625976562,0.15756797790527344,0.5217666625976562,0.11629467360298071,0.3641986846923828,1.5751179901453614,0.4558500618082689
T0143,healthy,0,2013-01-25,27.053354263305664,33.58000183105469,20.790000915527344,3.563143253326416,12.695989608764648,27.555871963500977,35.400001525878906,21.170000076293945,3.780893325805664,14.295154571533203,27.053354263305664,27.285505294799805,27.346200942993164,27.434986114501953,27.463172912597656,27.266931533813477,27.46066665649414,27.47246742248535,27.521865844726562,27.4998836517334,27.536569595336914,27.513477325439453,27.565149307250977,27.57131576538086,27.542387008666992,27.544940948486328,27.61932373046875,27.61510467529297,27.53860092163086,27.555871963500977,3.563143253326416,3.624542236328125,3.657874822616577,3.663982391357422,3.6866118907928467,3.7658345699310303,3.7063586711883545,3.719566583633423,3.724199056625366,3.738464593887329,3.7472081184387207,3.7526299953460693,3.7553040981292725,3.755887985229492,3.769303798675537,3.768486976623535,3.771298885345459,3.765054225921631,3.798489809036255,3.780893325805664,3.725756883621216,3.798489809036255,3.563143253326416,0.23215103149414062,0.060695648193359375,0.08878517150878906,0.028186798095703125,-0.1962413787841797,0.19373512268066406,0.011800765991210938,0.04939842224121094,-0.021982192993164062,0.036685943603515625,-0.023092269897460938,0.05167198181152344,0.0061664581298828125,-0.028928756713867188,0.0025539398193359375,0.07438278198242188,-0.00421905517578125,-0.07650375366210938,0.017271041870117188,0.5025177001953125,0.018728141497848228,0.02644830010831356,0.23215103149414062,-0.1962413787841797,0.08861611783504486,0.06339223682880402,0.04827641078404025,0.014874685378299536,0.0012624468122209521,522.1031494140625,8.089431762695312,0.37800443172454834,15.122991561889648,1.201539397239685,0.058078669011592865,0.21775007247924805,0.00875822834502478,0.5224761962890625,0.9505519866943359,-0.011850357055664062,0.9021148681640625,0.7382888793945312,-0.2561225891113281,0.8392410278320312,0.7504787445068359,0.09537315368652344,0.015890590409586795,0.03591843798644511,0.005485992144820731,0.03171573724961732,0.0318524841079128,-0.00844279267734212,0.0261128490132487,0.022969164167130803,0.007293285283826296,0.4523887634277344,0.25629615783691406,0.64739990234375,0.23395538330078125,0.2595062255859375,0.2440357208251953,0.2623634338378906,0.404083251953125,0.3223896026611328,0.5033946567111545,0.5629442003038194,0.9505519866943359,-0.2561225891113281,0.9505519866943359,0.44681310900953514,1.206674575805664,1.6885367489281498,0.5313153152705329,0.018755083076138494,0.02063125922665897,0.03591843798644511,-0.00844279267734212,0.03591843798644511,0.014838159284887185,0.04436123066378723,1.7409708337300267,0.5357924372756215,0.34249093797471786,0.34249093797471786,0.64739990234375,0.23395538330078125,0.64739990234375,0.1375929237639468,0.41344451904296875,1.890268651396708,0.48788700861164674
T0145,healthy,0,2013-01-29,28.10367202758789,34.060001373291016,21.34000015258789,2.6311819553375244,6.923118591308594,28.553693771362305,33.5099983215332,21.360000610351562,2.773486852645874,7.692229747772217,28.10367202758789,28.261917114257812,28.31558609008789,28.38340187072754,28.401893615722656,28.378114700317383,28.443754196166992,28.46179962158203,28.472816467285156,28.49627685546875,28.436084747314453,28.47618865966797,28.48846435546875,28.545000076293945,28.537736892700195,28.514026641845703,28.505311965942383,28.553991317749023,28.564577102661133,28.553693771362305,2.6311819553375244,2.732562303543091,2.754718065261841,2.738650321960449,2.767956018447876,2.796471357345581,2.7799019813537598,2.777271032333374,2.7614803314208984,2.7836289405822754,2.8317341804504395,2.8002419471740723,2.7801597118377686,2.790553331375122,2.7831532955169678,2.7887003421783447,2.7982544898986816,2.7700161933898926,2.7855677604675293,2.773486852645874,2.771284580230713,2.8317341804504395,2.6311819553375244,0.15824508666992188,0.053668975830078125,0.06781578063964844,0.018491744995117188,-0.023778915405273438,0.06563949584960938,0.018045425415039062,0.011016845703125,0.02346038818359375,-0.060192108154296875,0.040103912353515625,0.01227569580078125,0.05653572082519531,-0.00726318359375,-0.023710250854492188,-0.008714675903320312,0.048679351806640625,0.010585784912109375,-0.010883331298828125,0.45002174377441406,0.016780883387515197,0.023685354739427567,0.15824508666992188,-0.060192108154296875,0.04585142061114311,0.037847720086574554,0.05314167567661564,0.009428205944241696,0.008003289358955869,540.5656127929688,6.595856666564941,0.2797188460826874,8.419495582580566,0.7682773470878601,0.0385981984436512,0.1423048973083496,0.0037375412489237606,0.5261478424072266,0.6991195678710938,0.4489269256591797,0.80450439453125,0.40690040588378906,0.1653003692626953,0.5574455261230469,0.4855461120605469,-0.04008293151855469,0.018485379039791933,0.029129391146781695,0.017040103539488205,0.02969807789737963,0.014591179754500357,0.01328330649469103,0.019921553762334576,0.011014863781461595,-0.0020333727499600445,0.19113922119140625,0.1694660186767578,0.1253223419189453,0.3026275634765625,0.150146484375,0.12353134155273438,0.2610607147216797,0.299041748046875,0.21793174743652344,0.45042313469780815,0.4593304528130425,0.80450439453125,-0.04008293151855469,0.80450439453125,0.2572529787316739,0.8445873260498047,1.7514718915098404,0.4985685555808591,0.016792275851829887,0.017244136462932116,0.02969807789737963,-0.0020333727499600445,0.02969807789737963,0.009594436948935636,0.031731450647339676,1.7222121118733469,0.5074125270326525,0.20447413126627603,0.20447413126627603,0.3026275634765625,0.12353134155273438,0.3026275634765625,0.0699391710813635,0.17909622192382812,1.4800285336934922,0.468806937535215
T0146,healthy,0,2013-01-29,28.640377044677734,33.0099983215332,21.600000381469727,2.5199077129364014,6.349935054779053,29.296281814575195,34.11000061035156,21.700000762939453,2.7742373943328857,7.69639253616333,28.640377044677734,28.806396484375,28.87704086303711,29.006874084472656,29.069059371948242,29.045137405395508,29.110410690307617,29.156522750854492,29.181350708007812,29.123750686645508,29.154434204101562,29.139999389648438,29.330049514770508,29.133378982543945,29.124189376831055,29.160898208618164,29.22991180419922,29.216272354125977,29.234859466552734,29.296281814575195,2.5199077129364014,2.5804262161254883,2.6512763500213623,2.645709991455078,2.6301605701446533,2.6967899799346924,2.6946983337402344,2.6976585388183594,2.7050724029541016,2.756967306137085,2.711132049560547,2.781005859375,2.6575140953063965,2.7661867141723633,2.7911009788513184,2.803253173828125,2.8090507984161377,2.797851324081421,2.814910888671875,2.7742373943328857,2.714245557785034,2.814910888671875,2.5199077129364014,0.16601943969726562,0.07064437866210938,0.12983322143554688,0.06218528747558594,-0.023921966552734375,0.06527328491210938,0.046112060546875,0.024827957153320312,-0.05760002136230469,0.030683517456054688,-0.014434814453125,0.1900501251220703,-0.1966705322265625,-0.009189605712890625,0.036708831787109375,0.06901359558105469,-0.013639450073242188,0.018587112426757812,0.06142234802246094,0.6559047698974609,0.02285019580582896,0.034521304070949554,0.1900501251220703,-0.1966705322265625,0.08207016438245773,0.0677272379398346,0.08404639107840335,0.011131445566810656,0.030534471784319072,553.06884765625,8.901701927185059,0.4305460751056671,16.580904006958008,1.1738390922546387,0.08006282895803452,0.2543296813964844,0.01231205839859808,1.0158329010009766,1.0940666198730469,0.2111968994140625,1.1272659301757812,0.7871417999267578,0.07571601867675781,0.8940525054931641,0.7044124603271484,0.0013103485107421875,0.03775757380894169,0.044477349474913365,0.002913680112450954,0.050252880010389626,0.030736098612161297,-0.007668536767028277,0.04119240610223005,0.018996496845904095,-0.012605053320863834,0.27617835998535156,0.25035667419433594,0.32168006896972656,0.48541259765625,0.20052528381347656,0.22058486938476562,0.47051048278808594,0.2754230499267578,0.13895034790039062,0.6567772759331597,0.6567772759331597,1.1272659301757812,0.0013103485107421875,1.1272659301757812,0.4448141451811933,1.125955581665039,1.7163594940317457,0.5476514835217114,0.022894766097677665,0.02740000833943147,0.050252880010389626,-0.012605053320863834,0.050252880010389626,0.023559128914165905,0.06285793333125346,1.834045488140076,0.5511864911047462,0.2932913038465712,0.2932913038465712,0.48541259765625,0.13895034790039062,0.48541259765625,0.11688217969468881,0.3464622497558594,1.655052757239796,0.48400993514258317
T0147,healthy,0,2013-01-29,27.486255645751953,34.810001373291016,21.170000076293945,3.6125876903533936,13.050789833068848,27.923301696777344,34.59000015258789,21.40999984741211,3.7148916721343994,13.800419807434082,27.486255645751953,27.500930786132812,27.736852645874023,27.778329849243164,27.806400299072266,27.784019470214844,27.83416748046875,27.833707809448242,27.858854293823242,27.846237182617188,27.854267120361328,27.8660945892334,27.935279846191406,27.9398136138916,27.9541015625,27.97096061706543,27.952177047729492,27.92076873779297,27.87220001220703,27.923301696777344,3.6125876903533936,3.6584904193878174,3.658630132675171,3.673516273498535,3.7038557529449463,3.6332943439483643,3.6507701873779297,3.6623475551605225,3.65676212310791,3.6687657833099365,3.658457040786743,3.667999267578125,3.658414125442505,3.6624958515167236,3.664137125015259,3.6708824634552,3.670773506164551,3.6919851303100586,3.7054920196533203,3.7148916721343994,3.667227268218994,3.7148916721343994,3.6125876903533936,0.014675140380859375,0.23592185974121094,0.041477203369140625,0.028070449829101562,-0.022380828857421875,0.05014801025390625,-0.0004596710205078125,0.025146484375,-0.012617111206054688,0.008029937744140625,0.011827468872070312,0.06918525695800781,0.0045337677001953125,0.014287948608398438,0.016859054565429688,-0.0187835693359375,-0.03140830993652344,-0.0485687255859375,0.0511016845703125,0.4370460510253906,0.018234769204504696,0.023002423346042633,0.23592185974121094,-0.0485687255859375,0.0580139085650444,0.03713065758347511,0.06990585327148441,0.015203975495836259,-0.0137625558035706,528.949951171875,6.711084365844727,0.32777318358421326,12.178070068359375,0.9498960971832275,0.02306186780333519,0.10230398178100586,0.0024121548000134363,0.25652313232421875,0.7084369659423828,1.3331985473632812,-0.053955078125,0.5840358734130859,0.5470066070556641,-0.06427192687988281,0.2280292510986328,0.3899097442626953,0.029098467719286005,0.02859321680284015,0.052845893228860484,0.008526302997330131,0.020940700330231706,0.011098800028176644,0.00781666318276741,0.0011430812061263768,0.003988562849231376,0.47033119201660156,0.23558998107910156,0.4766693115234375,0.15035057067871094,0.24831199645996094,0.2762775421142578,0.18759918212890625,0.2474689483642578,0.22571754455566406,0.436545901828342,0.46281856960720485,1.3331985473632812,-0.06427192687988281,1.3331985473632812,0.43031058664911215,1.397470474243164,2.8806072316603406,0.6303577333514863,0.018227965371650032,0.018227965371650032,0.052845893228860484,0.0011430812061263768,0.052845893228860484,0.01650515992931157,0.05170281202273411,2.8991641776657042,0.6737972167689936,0.2798129187689887,0.2798129187689887,0.4766693115234375,0.15035057067871094,0.4766693115234375,0.11578344104020025,0.32631874084472656,1.7035285453767284,0.48575234806426815
T0148,healthy,0,2013-01-29,27.501537322998047,33.869998931884766,21.360000610351562,3.3351120948791504,11.122973442077637,28.602577209472656,34.41999816894531,21.450000762939453,3.8251235485076904,14.631570816040039,27.501537322998047,27.729446411132812,27.85945701599121,28.042024612426758,28.067829132080078,28.095136642456055,28.24053382873535,28.32573890686035,28.311237335205078,28.369062423706055,28.36301040649414,28.40089225769043,28.432510375976562,28.508020401000977,28.502243041992188,28.48398780822754,28.52630615234375,28.565889358520508,28.550140380859375,28.602577209472656,3.3351120948791504,3.413076400756836,3.4777166843414307,3.5038294792175293,3.559358835220337,3.6101021766662598,3.632507801055908,3.649013042449951,3.6719138622283936,3.693509101867676,3.7164547443389893,3.7315115928649902,3.741586208343506,3.7492024898529053,3.760206937789917,3.7908921241760254,3.79475474357605,3.8046469688415527,3.818920373916626,3.8251235485076904,3.6639723777770996,3.8251235485076904,3.3351120948791504,0.22790908813476562,0.13001060485839844,0.18256759643554688,0.025804519653320312,0.027307510375976562,0.14539718627929688,0.085205078125,-0.014501571655273438,0.05782508850097656,-0.0060520172119140625,0.03788185119628906,0.03161811828613281,0.07551002502441406,-0.0057773590087890625,-0.018255233764648438,0.04231834411621094,0.03958320617675781,-0.015748977661132812,0.05243682861328125,1.1010398864746094,0.047123744075459335,0.05794946849346161,0.22790908813476562,-0.018255233764648438,0.06752485036849976,0.064300537109375,0.11902035304478321,0.031775905972435875,0.021134621756416377,537.425537109375,14.89631462097168,0.2647501230239868,7.936833381652832,0.5889830589294434,0.13789048790931702,0.49001145362854004,0.02276302585028163,1.2432479858398438,1.469564437866211,1.6762886047363281,0.49326324462890625,1.4019527435302734,1.1731395721435547,0.5614089965820312,1.1198616027832031,0.7691707611083984,0.057675764614477563,0.06440716506843272,0.0714453733057002,0.024906515537347795,0.06171030030214617,0.0441123675582997,0.024587092005219868,0.047122724432694045,0.028135496153866808,0.29567527770996094,0.2684307098388672,0.3062934875488281,0.3029308319091797,0.27106666564941406,0.265411376953125,0.3171710968017578,0.2735939025878906,0.17149925231933594,1.1008775499131944,1.1008775499131944,1.6762886047363281,0.49326324462890625,1.6762886047363281,0.4113661034403183,1.1830253601074219,1.5226839621188262,0.45900813723069595,0.04712253321979831,0.04712253321979831,0.0714453733057002,0.024587092005219868,0.0714453733057002,0.01797741261833032,0.04685828130048032,1.5161612346016748,0.46583713782108294,0.2746747334798177,0.2746747334798177,0.3171710968017578,0.17149925231933594,0.3171710968017578,0.043054152424346556,0.14567184448242188,1.1547151834331744,0.3747444197303403
T0149,healthy,0,2013-01-28,28.370214462280273,34.189998626708984,21.940000534057617,3.0808265209198,9.491491317749023,28.599931716918945,34.810001373291016,22.100000381469727,3.196143388748169,10.215332984924316,28.370214462280273,28.445518493652344,28.528900146484375,28.572200775146484,28.675477981567383,28.642351150512695,28.66080093383789,28.671005249023438,28.66560935974121,28.537961959838867,28.535709381103516,28.682889938354492,28.60146141052246,28.568883895874023,28.6561222076416,28.613183975219727,28.68596076965332,28.64230728149414,28.619384765625,28.599931716918945,3.0808265209198,3.1209728717803955,3.135343551635742,3.129727840423584,3.118117332458496,3.135564088821411,3.156280279159546,3.143289804458618,3.143308162689209,3.1874008178710938,3.1856112480163574,3.1591665744781494,3.1759145259857178,3.1867916584014893,3.1596975326538086,3.1733598709106445,3.1489570140838623,3.1648402214050293,3.1629185676574707,3.196143388748169,3.1532115936279297,3.196143388748169,3.0808265209198,0.07530403137207031,0.08338165283203125,0.043300628662109375,0.10327720642089844,-0.0331268310546875,0.018449783325195312,0.010204315185546875,-0.0053958892822265625,-0.12764739990234375,-0.0022525787353515625,0.14718055725097656,-0.08142852783203125,-0.0325775146484375,0.08723831176757812,-0.042938232421875,0.07277679443359375,-0.04365348815917969,-0.022922515869140625,-0.019453048706054688,0.22971725463867188,0.006765035758340452,0.012090382166206837,0.14718055725097656,-0.12764739990234375,0.06773442029953003,0.055395226925611496,0.05982464381626616,-0.011208920251755957,-0.008742959158759672,543.4908447265625,4.456727981567383,0.3525463342666626,12.100693702697754,1.0325872898101807,0.027689822018146515,0.11531686782836914,0.0036420183970514992,-0.2345409393310547,0.47354888916015625,0.47072601318359375,-0.6319789886474609,0.33589935302734375,1.0575752258300781,-0.5063343048095703,0.2274627685546875,0.8670978546142578,-0.0034956709782885628,0.0206554470205658,0.015054577992373516,-0.017488486784741828,0.010524098675949289,0.033880590854730205,-0.019768542813179444,0.0007590587874099209,0.02053374240272887,0.21689987182617188,0.1705799102783203,0.2358856201171875,0.2687873840332031,0.1357097625732422,0.34912681579589844,0.13665008544921875,0.22896575927734375,0.33095359802246094,0.22882843017578125,0.5339071485731337,1.0575752258300781,-0.6319789886474609,1.0575752258300781,0.5831211851485311,1.689554214477539,1.9808223374574085,0.5320633977074714,0.006739423906394196,0.01579557958999638,0.033880590854730205,-0.019768542813179444,0.033880590854730205,0.018146050900655086,0.053649133667909646,2.144939931598841,0.528064580555338,0.23039542304144967,0.23039542304144967,0.34912681579589844,0.1357097625732422,0.34912681579589844,0.07683489371732928,0.21341705322265625,1.5153373970441864,0.45760351232942864
T0150,healthy,0,2013-01-28,27.508140563964844,35.04999923706055,21.84000015258789,3.0556886196136475,9.33723258972168,28.221038818359375,34.970001220703125,21.790000915527344,3.335101842880249,11.122903823852539,27.508140563964844,27.79085922241211,27.904203414916992,28.01629638671875,28.02550506591797,28.118043899536133,28.12009048461914,28.184215545654297,28.141096115112305,28.17921257019043,28.14388656616211,28.13449478149414,28.099193572998047,28.180465698242188,28.116792678833008,28.176794052124023,28.180484771728516,28.23374366760254,28.236576080322266,28.221038818359375,3.0556886196136475,3.1316161155700684,3.1578774452209473,3.1752188205718994,3.1997196674346924,3.2078604698181152,3.221857786178589,3.2320053577423096,3.2495241165161133,3.2651493549346924,3.2689599990844727,3.282118558883667,3.277353525161743,3.2843551635742188,3.275697708129883,3.262389898300171,3.2893826961517334,3.340420961380005,3.335115671157837,3.335101842880249,3.24237060546875,3.340420961380005,3.0556886196136475,0.2827186584472656,0.11334419250488281,0.11209297180175781,0.00920867919921875,0.09253883361816406,0.0020465850830078125,0.06412506103515625,-0.04311943054199219,0.038116455078125,-0.03532600402832031,-0.00939178466796875,-0.03530120849609375,0.08127212524414062,-0.06367301940917969,0.060001373291015625,0.0036907196044921875,0.05325889587402344,0.0028324127197265625,-0.015537261962890625,0.7128982543945312,0.02240233887407084,0.037520959973335266,0.2827186584472656,-0.06367301940917969,0.07766696810722351,0.058820825070142746,0.11044420514788025,-0.0006858734857489456,0.021538162231444606,533.8465576171875,11.191873550415039,0.43468740582466125,11.149563789367676,1.1587061882019043,0.07024353742599487,0.27941322326660156,0.011320564621373135,0.5622043609619141,1.1977710723876953,1.0416755676269531,0.14844703674316406,0.9642982482910156,0.9421234130859375,0.23093795776367188,0.7451038360595703,0.5814533233642578,0.008502314861555223,0.04168807581851276,0.03831889647290143,-0.005829095481930543,0.03574913139630077,0.03974811869456347,-0.00205730352186689,0.02139922980975257,0.023937783205419283,0.40657615661621094,0.45216941833496094,0.2458629608154297,0.33678436279296875,0.2863922119140625,0.3671531677246094,0.26634979248046875,0.3033466339111328,0.33262062072753906,0.7126683129204644,0.7126683129204644,1.1977710723876953,0.14844703674316406,1.1977710723876953,0.3624321228371452,1.0493240356445312,1.6806851572682704,0.49949134435688297,0.022384127917245342,0.024136661029200326,0.04168807581851276,-0.005829095481930543,0.04168807581851276,0.018358066671498585,0.047517171300443306,1.7271675852928892,0.5512825735104935,0.3330283694797092,0.3330283694797092,0.45216941833496094,0.2458629608154297,0.45216941833496094,0.06697240087545406,0.20630645751953125,1.3577504086630274,0.4090071100151931
T0151,healthy,0,2013-01-28,28.129011154174805,34.27000045776367,22.010000228881836,3.4106645584106445,11.6326322555542,28.488313674926758,35.25,22.15999984741211,3.442298412322998,11.849418640136719,28.129011154174805,28.18752670288086,28.20914077758789,28.35350227355957,28.297229766845703,28.325448989868164,28.3577823638916,28.415325164794922,28.31385040283203,28.517946243286133,28.59592056274414,28.4776554107666,28.513824462890625,28.50031852722168,28.40199851989746,28.553775787353516,28.369564056396484,28.490114212036133,28.564849853515625,28.488313674926758,3.4106645584106445,3.441558837890625,3.465609312057495,3.4454264640808105,3.4727208614349365,3.4571354389190674,3.479342222213745,3.461813449859619,3.479391574859619,3.4411840438842773,3.4160003662109375,3.465581178665161,3.4482054710388184,3.4452855587005615,3.4884495735168457,3.4327540397644043,3.469545364379883,3.459618091583252,3.425347089767456,3.442298412322998,3.4523963928222656,3.4884495735168457,3.4106645584106445,0.05851554870605469,0.02161407470703125,0.1443614959716797,-0.05627250671386719,0.028219223022460938,0.0323333740234375,0.05754280090332031,-0.10147476196289062,0.20409584045410156,0.07797431945800781,-0.11826515197753906,0.03616905212402344,-0.013505935668945312,-0.09832000732421875,0.1517772674560547,-0.18421173095703125,0.12055015563964844,0.07473564147949219,-0.07653617858886719,0.3593025207519531,0.017470103098933844,0.018910659477114677,0.20409584045410156,-0.18421173095703125,0.1006239801645279,0.0871829017996788,0.04159028189522862,0.024519511631554653,0.016724232264926926,539.75439453125,5.303224563598633,0.5303723812103271,13.84037971496582,1.4294629096984863,0.02075943537056446,0.031633853912353516,1.373057974901743e-05,0.33737754821777344,0.37036705017089844,1.1984176635742188,-0.300994873046875,0.32379913330078125,0.6085662841796875,-0.35886192321777344,0.4143562316894531,0.6343460083007812,0.009403922862575397,0.015482503847967781,0.060824510387907704,-0.011673528628242,0.01662662334011871,0.033993878758938695,-0.01603398860845402,0.016709958700307604,0.031549645904310884,0.6847076416015625,0.2531909942626953,0.7223796844482422,0.45424461364746094,0.09819221496582031,0.3669548034667969,0.36673927307128906,0.14511871337890625,0.2730751037597656,0.3585970136854384,0.5052318572998047,1.1984176635742188,-0.35886192321777344,1.1984176635742188,0.47414903165211136,1.5572795867919922,2.3720151897367896,0.5368998005376292,0.017431502951714528,0.023588729004313646,0.060824510387907704,-0.01603398860845402,0.060824510387907704,0.02343351881571304,0.07685849899636173,2.578540140563885,0.5952373321818003,0.37384478251139325,0.37384478251139325,0.7223796844482422,0.09819221496582031,0.7223796844482422,0.21728040794728928,0.6241874694824219,1.9322983733315666,0.5532099658108303
T0152,healthy,0,2013-02-01,26.774456024169922,33.93000030517578,21.030000686645508,3.0708441734313965,9.430083274841309,27.748798370361328,35.09000015258789,21.489999771118164,3.378817319869995,11.416406631469727,26.774456024169922,27.00546646118164,27.151348114013672,27.25792694091797,27.31925392150879,27.323623657226562,27.385921478271484,27.405845642089844,27.50537109375,27.594345092773438,27.58738899230957,27.548810958862305,27.58440399169922,27.594449996948242,27.614049911499023,27.569496154785156,27.592187881469727,27.5964298248291,27.673734664916992,27.748798370361328,3.0708441734313965,3.1445839405059814,3.176689386367798,3.2148497104644775,3.2404823303222656,3.2732300758361816,3.2817180156707764,3.3019299507141113,3.3038268089294434,3.305137872695923,3.3175835609436035,3.337578773498535,3.350027084350586,3.362884283065796,3.374998092651367,3.387507677078247,3.3897814750671387,3.3927855491638184,3.3906381130218506,3.378817319869995,3.2997944355010986,3.3927855491638184,3.0708441734313965,0.23101043701171875,0.14588165283203125,0.10657882690429688,0.06132698059082031,0.0043697357177734375,0.062297821044921875,0.019924163818359375,0.09952545166015625,0.0889739990234375,-0.0069561004638671875,-0.038578033447265625,0.03559303283691406,0.010046005249023438,0.01959991455078125,-0.04455375671386719,0.022691726684570312,0.004241943359375,0.07730484008789062,0.07506370544433594,0.9743423461914062,0.03664438921706047,0.05128117650747299,0.23101043701171875,-0.04455375671386719,0.06461945921182632,0.06076411157846451,0.1083936963762558,0.0294744627816332,0.0283057076590394,521.5716552734375,12.857017517089844,0.3583936393260956,11.152204513549805,0.8839780688285828,0.08840754628181458,0.30797314643859863,0.014289855777769145,0.8279438018798828,1.4125595092773438,0.9757366180419922,0.6114768981933594,1.1553821563720703,1.024871826171875,0.7675094604492188,1.1198501586914062,0.87396240234375,0.038696998940374365,0.05473016007502294,0.028706748503490982,0.028534017290386966,0.04762759244531602,0.032050541469028616,0.03222637319923265,0.04208407437890989,0.02525359562465006,0.3230438232421875,0.3094043731689453,0.354400634765625,0.24169540405273438,0.28078269958496094,0.4351215362548828,0.2633476257324219,0.3029937744140625,0.46947669982910156,0.9743658701578776,0.9743658701578776,1.4125595092773438,0.6114768981933594,1.4125595092773438,0.23835300203459414,0.8010826110839844,1.449721852994755,0.42053468746326905,0.036656677991823615,0.036656677991823615,0.05473016007502294,0.02525359562465006,0.05473016007502294,0.009878541372007919,0.029476564450372878,1.4930470556213553,0.4378217631942941,0.33114073011610246,0.33114073011610246,0.46947669982910156,0.24169540405273438,0.46947669982910156,0.07660976973524428,0.2277812957763672,1.4177557846385698,0.4224450520155104
T0153,healthy,0,2013-02-01,27.872636795043945,33.56999969482422,20.90999984741211,3.1995606422424316,10.237188339233398,28.589794158935547,34.75,21.31999969482422,3.430921792984009,11.771224021911621,27.872636795043945,28.109636306762695,28.119094848632812,28.230417251586914,28.3080997467041,28.429645538330078,28.33270263671875,28.322513580322266,28.376436233520508,28.506113052368164,28.449434280395508,28.547334671020508,28.58319091796875,28.586402893066406,28.538841247558594,28.602933883666992,28.555423736572266,28.553213119506836,28.596067428588867,28.589794158935547,3.1995606422424316,3.218648910522461,3.286128282546997,3.28391170501709,3.3018007278442383,3.3185389041900635,3.3694636821746826,3.3903088569641113,3.382887840270996,3.345531463623047,3.3606157302856445,3.4164786338806152,3.394162654876709,3.3569729328155518,3.404984474182129,3.3966095447540283,3.454617977142334,3.460829257965088,3.4195005893707275,3.430921792984009,3.359623670578003,3.460829257965088,3.1995606422424316,0.23699951171875,0.009458541870117188,0.11132240295410156,0.0776824951171875,0.12154579162597656,-0.09694290161132812,-0.010189056396484375,0.05392265319824219,0.12967681884765625,-0.05667877197265625,0.097900390625,0.03585624694824219,0.00321197509765625,-0.0475616455078125,0.06409263610839844,-0.04751014709472656,-0.0022106170654296875,0.04285430908203125,-0.0062732696533203125,0.7171573638916016,0.030370991929132927,0.03774512559175491,0.23699951171875,-0.09694290161132812,0.07820890098810196,0.06588895618915558,0.09976446969168382,0.04208696456182571,0.006627273559569261,539.978759765625,10.3986177444458,1.5650179386138916,22.36243438720703,2.9882309436798096,0.07043854147195816,0.23136115074157715,0.01091626622623069,0.34964561462402344,0.8626918792724609,1.1892852783203125,-0.4868125915527344,0.6774024963378906,1.573537826538086,-0.1498565673828125,0.8491115570068359,1.5790672302246094,0.014894802409006957,0.03407459976081492,0.04587293352399489,-0.029165004070540467,0.03446896631914802,0.0806738745897328,-0.006231425579329707,0.032355502135770646,0.06591854238868558,0.3325824737548828,0.2733898162841797,0.41201210021972656,1.0304641723632812,0.17299461364746094,0.7421112060546875,1.013275146484375,0.3162555694580078,0.6475906372070312,0.7160080803765191,0.8574901156955295,1.5790672302246094,-0.4868125915527344,1.5790672302246094,0.7137632086888589,2.0658798217773438,1.8414990247774485,0.5626097024304869,0.030318087941920407,0.03818396119744711,0.0806738745897328,-0.029165004070540467,0.0806738745897328,0.03389787229015345,0.10983887866027327,2.1127680558046946,0.5600529031509003,0.5489639706081815,0.5489639706081815,1.0304641723632812,0.17299461364746094,1.0304641723632812,0.32239037383133257,0.8574695587158203,1.8771070758078872,0.5638602224512673
T0154,healthy,0,2013-02-01,27.872636795043945,33.56999969482422,20.90999984741211,3.1995606422424316,10.237188339233398,28.589794158935547,34.75,21.31999969482422,3.430921792984009,11.771224021911621,27.872636795043945,28.109636306762695,28.119094848632812,28.230417251586914,28.3080997467041,28.429645538330078,28.33270263671875,28.322513580322266,28.376436233520508,28.506113052368164,28.449434280395508,28.547334671020508,28.58319091796875,28.586402893066406,28.538841247558594,28.602933883666992,28.555423736572266,28.553213119506836,28.596067428588867,28.589794158935547,3.1995606422424316,3.218648910522461,3.286128282546997,3.28391170501709,3.3018007278442383,3.3185389041900635,3.3694636821746826,3.3903088569641113,3.382887840270996,3.345531463623047,3.3606157302856445,3.4164786338806152,3.394162654876709,3.3569729328155518,3.404984474182129,3.3966095447540283,3.454617977142334,3.460829257965088,3.4195005893707275,3.430921792984009,3.359623670578003,3.460829257965088,3.1995606422424316,0.23699951171875,0.009458541870117188,0.11132240295410156,0.0776824951171875,0.12154579162597656,-0.09694290161132812,-0.010189056396484375,0.05392265319824219,0.12967681884765625,-0.05667877197265625,0.097900390625,0.03585624694824219,0.00321197509765625,-0.0475616455078125,0.06409263610839844,-0.04751014709472656,-0.0022106170654296875,0.04285430908203125,-0.0062732696533203125,0.7171573638916016,0.030370991929132927,0.03774512559175491,0.23699951171875,-0.09694290161132812,0.07820890098810196,0.06588895618915558,0.09976446969168382,0.04208696456182571,0.006627273559569261,539.978759765625,10.3986177444458,1.5650179386138916,22.36243438720703,2.9882309436798096,0.07043854147195816,0.23136115074157715,0.01091626622623069,0.34964561462402344,0.8626918792724609,1.1892852783203125,-0.4868125915527344,0.6774024963378906,1.573537826538086,-0.1498565673828125,0.8491115570068359,1.5790672302246094,0.014894802409006957,0.03407459976081492,0.04587293352399489,-0.029165004070540467,0.03446896631914802,0.0806738745897328,-0.006231425579329707,0.032355502135770646,0.06591854238868558,0.3325824737548828,0.2733898162841797,0.41201210021972656,1.0304641723632812,0.17299461364746094,0.7421112060546875,1.013275146484375,0.3162555694580078,0.6475906372070312,0.7160080803765191,0.8574901156955295,1.5790672302246094,-0.4868125915527344,1.5790672302246094,0.7137632086888589,2.0658798217773438,1.8414990247774485,0.5626097024304869,0.030318087941920407,0.03818396119744711,0.0806738745897328,-0.029165004070540467,0.0806738745897328,0.03389787229015345,0.10983887866027327,2.1127680558046946,0.5600529031509003,0.5489639706081815,0.5489639706081815,1.0304641723632812,0.17299461364746094,1.0304641723632812,0.32239037383133257,0.8574695587158203,1.8771070758078872,0.5638602224512673
T0156,healthy,0,2013-02-18,28.59539031982422,33.290000915527344,23.100000381469727,2.7094125747680664,7.340917110443115,29.41480827331543,34.75,23.350000381469727,2.945124626159668,8.673758506774902,28.59539031982422,28.87985610961914,28.914974212646484,28.975902557373047,29.098011016845703,29.08253288269043,29.09638023376465,29.133134841918945,29.230363845825195,29.29823875427246,29.233047485351562,29.273685455322266,29.470706939697266,29.276771545410156,29.351591110229492,29.322994232177734,29.220840454101562,29.449254989624023,29.40382194519043,29.41480827331543,2.7094125747680664,2.7661428451538086,2.827265977859497,2.8343780040740967,2.840528964996338,2.8748722076416016,2.8992209434509277,2.9046878814697266,2.905565023422241,2.905517339706421,2.949610710144043,2.92807936668396,2.886457681655884,2.975266218185425,2.961392641067505,2.9517710208892822,2.9777379035949707,2.923811912536621,2.9336676597595215,2.945124626159668,2.8950257301330566,2.9777379035949707,2.7094125747680664,0.2844657897949219,0.03511810302734375,0.0609283447265625,0.12210845947265625,-0.015478134155273438,0.01384735107421875,0.036754608154296875,0.09722900390625,0.06787490844726562,-0.06519126892089844,0.040637969970703125,0.197021484375,-0.19393539428710938,0.07481956481933594,-0.028596878051757812,-0.10215377807617188,0.22841453552246094,-0.04543304443359375,0.010986328125,0.8194179534912109,0.03277178742831689,0.043127261102199554,0.2844657897949219,-0.19393539428710938,0.11117061227560043,0.09057868272066116,0.09003159659249146,0.0358973003569089,0.022485242571148836,554.7172241210938,11.404791831970215,0.43089598417282104,15.00989818572998,1.1925196647644043,0.0681624561548233,0.23571205139160156,0.009919900284673893,0.6663169860839844,1.0055789947509766,1.0716419219970703,0.3827781677246094,0.7692508697509766,1.1798534393310547,0.4745616912841797,0.9989662170410156,0.8229274749755859,0.03772595054224833,0.0443610843859213,0.0330272301695393,0.027668653215680548,0.03578919862445994,0.02763759641718976,0.037181808356952034,0.03668558651343236,0.01497635375288173,0.4127235412597656,0.13794326782226562,0.7934589385986328,0.24350547790527344,0.1514129638671875,1.1743202209472656,0.26738548278808594,0.4497337341308594,0.8973045349121094,0.8190973069932725,0.8190973069932725,1.1798534393310547,0.3827781677246094,1.1798534393310547,0.2729405521334535,0.7970752716064453,1.4404313319716868,0.441824368234081,0.03278371799758947,0.03278371799758947,0.0443610843859213,0.01497635375288173,0.0443610843859213,0.00845480440417357,0.029384730633039566,1.3531433761646352,0.40422789294915085,0.5030875735812717,0.5030875735812717,1.1743202209472656,0.13794326782226562,1.1743202209472656,0.3676329410533063,1.036376953125,2.334226204884182,0.6327777681891861
T0158,healthy,0,2013-02-18,28.071962356567383,33.779998779296875,22.5,2.721651792526245,7.407388687133789,29.0488224029541,34.65999984741211,22.770000457763672,3.221043109893799,10.37511920928955,28.071962356567383,28.260635375976562,28.395700454711914,28.478363037109375,28.509384155273438,28.593210220336914,28.6043758392334,28.668977737426758,28.71721649169922,28.749332427978516,28.849214553833008,28.823711395263672,28.869478225708008,28.95795249938965,28.920469284057617,28.975492477416992,28.989063262939453,28.985576629638672,29.005910873413086,29.0488224029541,2.721651792526245,2.7997472286224365,2.8426554203033447,2.892610549926758,2.92678165435791,2.956207752227783,2.9936392307281494,3.0113768577575684,3.0342209339141846,3.0657615661621094,3.0695643424987793,3.087120771408081,3.1178932189941406,3.1304914951324463,3.143167495727539,3.1469316482543945,3.1951284408569336,3.212188720703125,3.2149174213409424,3.221043109893799,3.0391547679901123,3.221043109893799,2.721651792526245,0.1886730194091797,0.13506507873535156,0.08266258239746094,0.0310211181640625,0.08382606506347656,0.011165618896484375,0.06460189819335938,0.04823875427246094,0.032115936279296875,0.09988212585449219,-0.025503158569335938,0.04576683044433594,0.08847427368164062,-0.03748321533203125,0.055023193359375,0.013570785522460938,-0.00348663330078125,0.020334243774414062,0.042911529541015625,0.9768600463867188,0.04412533752900236,0.05141368508338928,0.1886730194091797,-0.03748321533203125,0.05307775363326073,0.05841084569692612,0.0981470925467365,0.04639173689342679,0.020843832833426848,545.9144287109375,12.547172546386719,0.594776451587677,18.685075759887695,1.4589141607284546,0.1413756161928177,0.4993913173675537,0.023894284183817633,0.22971725463867188,1.6067485809326172,1.3344345092773438,0.07438468933105469,1.3293018341064453,1.4449501037597656,-0.046756744384765625,1.4436054229736328,1.3696269989013672,0.00792971015872779,0.07554674650493398,0.06530322598335411,-0.0026206253166491745,0.0584417343139638,0.06937356246145075,-0.012646378251843778,0.062341453437517784,0.07310603579184081,0.22487449645996094,0.248931884765625,0.3786144256591797,0.24410057067871094,0.2621650695800781,0.43734169006347656,0.2241668701171875,0.3097076416015625,0.48499488830566406,0.9762236277262369,0.986614015367296,1.6067485809326172,-0.046756744384765625,1.6067485809326172,0.676436574447681,1.6535053253173828,1.6285482869904042,0.5062549546659966,0.044086162787032895,0.047478830246697995,0.07554674650493398,-0.012646378251843778,0.07554674650493398,0.03565156047602991,0.08819312475677776,1.591166635755978,0.5102305327402751,0.3127663930257161,0.3127663930257161,0.48499488830566406,0.2241668701171875,0.48499488830566406,0.09775746330831103,0.26082801818847656,1.5506617194615595,0.46216637806511046
T0161,healthy,0,2013-02-22,27.679969787597656,33.5,21.8799991607666,3.0045876502990723,9.027546882629395,28.6595401763916,34.540000915527344,22.020000457763672,3.4257733821868896,11.735923767089844,27.679969787597656,27.93761444091797,28.05810546875,28.096481323242188,28.229717254638672,28.33346939086914,28.29923439025879,28.389211654663086,28.44523048400879,28.494421005249023,28.571989059448242,28.57386016845703,28.52410125732422,28.498964309692383,28.49770164489746,28.489948272705078,28.57745361328125,28.599668502807617,28.617082595825195,28.6595401763916,3.0045876502990723,3.0934207439422607,3.142751932144165,3.200103998184204,3.2108254432678223,3.23278546333313,3.2686901092529297,3.282170295715332,3.297595262527466,3.304882049560547,3.3016538619995117,3.3363378047943115,3.3655152320861816,3.3830320835113525,3.397651433944702,3.4087343215942383,3.4075465202331543,3.419248580932617,3.4313859939575195,3.4257733821868896,3.295734405517578,3.4313859939575195,3.0045876502990723,0.2576446533203125,0.12049102783203125,0.0383758544921875,0.13323593139648438,0.10375213623046875,-0.03423500061035156,0.08997726440429688,0.056018829345703125,0.049190521240234375,0.07756805419921875,0.0018711090087890625,-0.0497589111328125,-0.025136947631835938,-0.001262664794921875,-0.0077533721923828125,0.08750534057617188,0.022214889526367188,0.017414093017578125,0.04245758056640625,0.9795703887939453,0.03865829123590149,0.051556337624788284,0.2576446533203125,-0.0497589111328125,0.07058291137218475,0.06399285048246384,0.11949092320033577,0.03019064948672099,0.03465172903878323,539.404052734375,13.484583854675293,0.5048045516014099,12.802980422973633,1.2463656663894653,0.11636577546596527,0.4211857318878174,0.019235375949314536,1.5142459869384766,1.5431289672851562,0.7662429809570312,1.3815135955810547,1.075937271118164,-0.09730720520019531,1.420095443725586,1.3044395446777344,-0.08110809326171875,0.07934718598100432,0.06609726095558062,0.01372148614180638,0.06981204326887712,0.04224487247323637,-0.019985708078944453,0.07003018658860269,0.048410742623464446,-0.021080448752956553,0.5606555938720703,0.3240032196044922,0.6695785522460938,0.2978363037109375,0.2997455596923828,0.3091392517089844,0.2631092071533203,0.39397430419921875,0.29680633544921875,0.9807987213134766,1.020446565416124,1.5431289672851562,-0.09730720520019531,1.5431289672851562,0.6523153642095343,1.6404361724853516,1.5122094624658715,0.4875284284372851,0.038733069022296764,0.0478588816516081,0.07934718598100432,-0.021080448752956553,0.07934718598100432,0.03889222095353413,0.10042763473396088,1.6579403166838316,0.5088789819510947,0.37942759195963544,0.37942759195963544,0.6695785522460938,0.2631092071533203,0.6695785522460938,0.14080913071916412,0.40646934509277344,1.7647070186457479,0.4756312110310097
T0162,healthy,0,2013-02-19,27.972362518310547,32.93000030517578,21.850000381469727,2.6812174320220947,7.188927173614502,28.89039421081543,34.54999923706055,22.049999237060547,3.0421059131622314,9.25440788269043,27.972362518310547,28.284374237060547,28.366657257080078,28.463951110839844,28.637252807617188,28.739046096801758,28.797740936279297,28.815624237060547,28.800508499145508,28.7794246673584,28.765289306640625,28.8138370513916,28.841266632080078,28.86431312561035,28.89035415649414,28.872949600219727,28.841768264770508,28.862388610839844,28.94976806640625,28.89039421081543,2.6812174320220947,2.729668378829956,2.8172292709350586,2.9153640270233154,2.9592761993408203,3.018256902694702,3.0373315811157227,3.0294597148895264,3.011874198913574,2.988560914993286,2.9962592124938965,2.9682421684265137,2.972243070602417,2.967297077178955,2.9956278800964355,2.988682270050049,3.0263516902923584,3.0229969024658203,2.996363639831543,3.0421059131622314,2.9582204818725586,3.0421059131622314,2.6812174320220947,0.31201171875,0.08228302001953125,0.09729385375976562,0.17330169677734375,0.10179328918457031,0.05869483947753906,0.01788330078125,-0.015115737915039062,-0.021083831787109375,-0.014135360717773438,0.04854774475097656,0.027429580688476562,0.023046493530273438,0.026041030883789062,-0.017404556274414062,-0.03118133544921875,0.020620346069335938,0.08737945556640625,-0.05937385559082031,0.9180316925048828,0.03434315444831565,0.04831745848059654,0.31201171875,-0.05937385559082031,0.0831749439239502,0.06498005241155624,0.1425527845110213,0.00738175710042233,0.007179314749581953,545.8179321289062,14.343005180358887,0.29831260442733765,7.031991481781006,0.6191930770874023,0.09769939631223679,0.3608884811401367,0.011383712560610602,1.2091445922851562,0.9824466705322266,0.8839359283447266,0.8920135498046875,1.01031494140625,0.5445613861083984,0.7843723297119141,1.4570770263671875,0.5023174285888672,0.035834972123453684,0.023039694477740756,0.044334516310153824,0.028391093777534484,0.03370637248333165,0.035612519343096394,0.020485938222784772,0.05414983562956979,0.033486062243468485,0.44812965393066406,0.27994346618652344,0.32935333251953125,0.3994731903076172,0.3006324768066406,0.3895893096923828,0.3669414520263672,0.4415168762207031,0.41663169860839844,0.9184648725721571,0.9184648725721571,1.4570770263671875,0.5023174285888672,1.4570770263671875,0.2999964791716512,0.9547595977783203,1.5864264970987776,0.4447683019063447,0.034337889401237096,0.034337889401237096,0.05414983562956979,0.020485938222784772,0.05414983562956979,0.010321859464082856,0.03366389740678502,1.5769699537188033,0.4346326788765926,0.3746901618109809,0.3746901618109809,0.44812965393066406,0.27994346618652344,0.44812965393066406,0.0602405511398526,0.16818618774414062,1.1960005563122456,0.3873654549290385
T0163,healthy,0,2013-02-19,28.083154678344727,34.81999969482422,21.719999313354492,2.755723714828491,7.594013690948486,28.704713821411133,34.689998626708984,21.920000076293945,3.039595127105713,9.23913860321045,28.083154678344727,28.26740264892578,28.376699447631836,28.410947799682617,28.498384475708008,28.609970092773438,28.57755470275879,28.624828338623047,28.670331954956055,28.63418960571289,28.65890884399414,28.654035568237305,28.670875549316406,28.719743728637695,28.74592399597168,28.64974594116211,28.687517166137695,28.734046936035156,28.664413452148438,28.704713821411133,2.755723714828491,2.8718326091766357,2.8931658267974854,2.9425182342529297,2.9410433769226074,2.9386587142944336,2.9470691680908203,2.9666495323181152,2.982701301574707,3.025336980819702,3.025987386703491,3.0110809803009033,3.0138309001922607,3.007700204849243,2.975781202316284,3.0441296100616455,3.0121676921844482,2.99924635887146,3.0493035316467285,3.039595127105713,2.9721760749816895,3.0493035316467285,2.755723714828491,0.1842479705810547,0.10929679870605469,0.03424835205078125,0.08743667602539062,0.11158561706542969,-0.03241539001464844,0.04727363586425781,0.04550361633300781,-0.03614234924316406,0.02471923828125,-0.0048732757568359375,0.016839981079101562,0.04886817932128906,0.026180267333984375,-0.09617805480957031,0.03777122497558594,0.04652976989746094,-0.06963348388671875,0.04030036926269531,0.6215591430664062,0.02376268573273263,0.0327136404812336,0.1842479705810547,-0.09617805480957031,0.0635768249630928,0.057897064834833145,0.09603631155831394,0.01430225372314371,-0.003300530569896549,543.2494506835938,9.669515609741211,0.7195396423339844,15.38267993927002,1.6667972803115845,0.0689767375588417,0.2838714122772217,0.009865697702967028,0.2009601593017578,0.9345340728759766,1.1807708740234375,-0.2652549743652344,0.7265968322753906,1.0554256439208984,-0.4028911590576172,0.7532024383544922,1.4024085998535156,0.005293172104912762,0.03620359807982439,0.05017620459535043,-0.012358542133991362,0.025280374512635907,0.045479240991119115,-0.02115424306769187,0.024262171580378057,0.06028630536301679,0.4694957733154297,0.334564208984375,0.5049819946289062,0.31281471252441406,0.2706317901611328,0.457763671875,0.29958534240722656,0.3536243438720703,0.5911979675292969,0.6206391652425131,0.7691160837809244,1.4024085998535156,-0.4028911590576172,1.4024085998535156,0.6373611165496692,1.8052997589111328,1.8234030092380027,0.5256546644578973,0.02371869800283936,0.031165983603213408,0.06028630536301679,-0.02115424306769187,0.06028630536301679,0.028115755863247206,0.08144054843070866,1.9343617319102862,0.5559542358578459,0.39940664503309464,0.39940664503309464,0.5911979675292969,0.2706317901611328,0.5911979675292969,0.10988293396011471,0.32056617736816406,1.4801905778968818,0.43555602363555
T0165,healthy,0,2013-03-06,28.020790100097656,33.970001220703125,21.149999618530273,3.027095317840576,9.16330623626709,28.995643615722656,34.880001068115234,21.469999313354492,3.3784093856811523,11.413649559020996,28.020790100097656,28.27802085876465,28.404125213623047,28.553691864013672,28.63808250427246,28.7163143157959,28.742008209228516,28.810588836669922,28.747852325439453,28.81891632080078,28.882545471191406,28.97319984436035,28.941686630249023,28.904403686523438,28.88499641418457,28.87980079650879,28.957969665527344,28.91804313659668,28.917240142822266,28.995643615722656,3.027095317840576,3.125523090362549,3.1940393447875977,3.2190263271331787,3.2310945987701416,3.2515928745269775,3.2708425521850586,3.2604751586914062,3.316039562225342,3.3191630840301514,3.322885274887085,3.3111884593963623,3.335598945617676,3.336224317550659,3.355801582336426,3.398287296295166,3.405379295349121,3.400784969329834,3.361318349838257,3.3784093856811523,3.2910385131835938,3.405379295349121,3.027095317840576,0.2572307586669922,0.12610435485839844,0.149566650390625,0.08439064025878906,0.0782318115234375,0.025693893432617188,0.06858062744140625,-0.06273651123046875,0.07106399536132812,0.063629150390625,0.09065437316894531,-0.031513214111328125,-0.03728294372558594,-0.019407272338867188,-0.00519561767578125,0.07816886901855469,-0.03992652893066406,-0.0008029937744140625,0.07840347290039062,0.974853515625,0.03688894286191491,0.051308080554008484,0.2572307586669922,-0.06273651123046875,0.07640597969293594,0.07203072309494019,0.13449636186872238,0.030142012096586037,0.0178750719342904,546.4777221679688,14.082691192626953,0.512243390083313,16.162105560302734,1.3008657693862915,0.09444534033536911,0.35131406784057617,0.014892269077157575,1.2307605743408203,1.4293365478515625,1.021108627319336,1.0724468231201172,1.0260639190673828,0.4577751159667969,0.9844627380371094,1.2923660278320312,0.26488685607910156,0.044913208753542155,0.05656390369386516,0.034404528051389945,0.041286857146069444,0.039537914534260046,0.021578371435178264,0.032390333476818654,0.04673424770957538,0.014778834178034798,0.5392208099365234,0.3507499694824219,0.2377300262451172,0.5077571868896484,0.25058555603027344,0.4058513641357422,0.4789409637451172,0.5042133331298828,0.26914215087890625,0.9754674699571397,0.9754674699571397,1.4293365478515625,0.26488685607910156,1.4293365478515625,0.38056793297859365,1.164449691772461,1.4652836483225098,0.4502072957327839,0.03690979988652598,0.03690979988652598,0.05656390369386516,0.014778834178034798,0.05656390369386516,0.012866905450567161,0.04178506951583036,1.5324897057926585,0.4461668299806239,0.3937990400526259,0.3937990400526259,0.5392208099365234,0.2377300262451172,0.5392208099365234,0.12040549912711777,0.30149078369140625,1.3692791027923097,0.43767143695425204
T0166,healthy,0,2013-01-14,28.30803108215332,34.40999984741211,22.780000686645508,3.205347776412964,10.27425479888916,28.116422653198242,34.29999923706055,22.75,3.2047152519226074,10.2701997756958,28.30803108215332,28.244291305541992,28.275712966918945,28.281347274780273,28.226377487182617,28.267799377441406,28.26247787475586,28.250539779663086,28.240970611572266,28.23641014099121,28.205848693847656,28.133739471435547,28.14582633972168,28.134925842285156,28.14582633972168,28.1403751373291,28.106426239013672,28.13693618774414,28.159378051757812,28.116422653198242,3.205347776412964,3.2273850440979004,3.207899570465088,3.208372116088867,3.2255334854125977,3.2114956378936768,3.1945090293884277,3.216270685195923,3.2037785053253174,3.1975011825561523,3.207273244857788,3.2255210876464844,3.229210376739502,3.232475757598877,3.229607105255127,3.211843252182007,3.211247205734253,3.216214179992676,3.193126916885376,3.2047152519226074,3.212966203689575,3.232475757598877,3.193126916885376,-0.06373977661132812,0.031421661376953125,0.005634307861328125,-0.05496978759765625,0.04142189025878906,-0.005321502685546875,-0.011938095092773438,-0.009569168090820312,-0.0045604705810546875,-0.030561447143554688,-0.07210922241210938,0.012086868286132812,-0.010900497436523438,0.010900497436523438,-0.005451202392578125,-0.03394889831542969,0.03050994873046875,0.022441864013671875,-0.04295539855957031,-0.19160842895507812,-0.009964045187585657,-0.010084654204547405,0.04142189025878906,-0.07210922241210938,0.031746990978717804,0.026339078322052956,-0.007121876307897318,-0.021055789220901226,-0.0016999925885872354,535.8074340820312,-2.045154571533203,0.6377785801887512,21.70096778869629,1.7066570520401,0.011695890687406063,-0.0006325244903564453,-1.0853243949750138e-05,-0.7053050994873047,0.026071548461914062,0.13257598876953125,-0.6108131408691406,-0.027851104736328125,0.38155555725097656,-0.8494758605957031,-0.40489959716796875,0.326995849609375,-0.03535550626597097,0.001094516954923304,0.008909553872014456,-0.03453069557821066,-0.0018928241012695964,0.024622433884698782,-0.051668746489331584,-0.0238208613001326,0.022561655546489565,0.39771461486816406,0.06569099426269531,0.28191375732421875,0.18387222290039062,0.0444488525390625,0.19330978393554688,0.12103652954101562,0.1366424560546875,0.2360992431640625,-0.19234953986273873,0.3850604163275825,0.38155555725097656,-0.8494758605957031,0.8494758605957031,0.460252447030087,1.2310314178466797,2.2060845584610362,0.6248930190566027,-0.010008941497421035,0.02271742155478239,0.024622433884698782,-0.051668746489331584,0.051668746489331584,0.027334311817416548,0.07629118037403036,2.274409691286358,0.5945263056036532,0.18452538384331596,0.18452538384331596,0.39771461486816406,0.0444488525390625,0.39771461486816406,0.11053181382927481,0.35326576232910156,2.1553381168007215,0.5514011681509933
T0168,healthy,0,2013-04-08,27.698225021362305,33.63999938964844,22.25,2.3699746131896973,5.616779804229736,28.339290618896484,34.150001525878906,22.219999313354492,2.5897939205169678,6.707033157348633,27.698225021362305,27.972623825073242,28.110719680786133,28.130237579345703,28.202444076538086,28.187057495117188,28.267061233520508,28.298999786376953,28.231597900390625,28.220651626586914,28.33161735534668,28.35476303100586,28.338239669799805,28.35499382019043,28.3021297454834,28.28673553466797,28.275253295898438,28.308317184448242,28.27206039428711,28.339290618896484,2.3699746131896973,2.4213736057281494,2.4117751121520996,2.4551913738250732,2.457648515701294,2.4977846145629883,2.487318992614746,2.48363995552063,2.4997758865356445,2.545483350753784,2.615988254547119,2.586761236190796,2.58771014213562,2.589460849761963,2.610898733139038,2.597519874572754,2.6410930156707764,2.6134109497070312,2.6247904300689697,2.5897939205169678,2.534369707107544,2.6410930156707764,2.3699746131896973,0.2743988037109375,0.13809585571289062,0.019517898559570312,0.07220649719238281,-0.015386581420898438,0.08000373840332031,0.03193855285644531,-0.06740188598632812,-0.010946273803710938,0.11096572875976562,0.023145675659179688,-0.016523361206054688,0.016754150390625,-0.05286407470703125,-0.015394210815429688,-0.01148223876953125,0.03306388854980469,-0.03625679016113281,0.067230224609375,0.6410655975341797,0.019078857020327505,0.033740293234586716,0.2743988037109375,-0.06740188598632812,0.07750869542360306,0.05755665525794029,0.09008974347795545,0.015383198147727673,0.00499550955636213,536.4642333984375,10.197985649108887,0.36002618074417114,14.318203926086426,0.9224185347557068,0.08013772964477539,0.2198193073272705,0.012931826060875859,0.6307544708251953,0.7684803009033203,0.6162738800048828,0.6243095397949219,0.5229530334472656,0.2960548400878906,0.8803348541259766,0.8978996276855469,0.5347633361816406,0.011097268412883584,0.030022311389893943,0.01956709381332933,0.015090874980266452,0.016333092424205893,0.004639695820055209,0.02124362171144391,0.03238029479980445,0.02138955109101393,0.3157939910888672,0.2777233123779297,0.359375,0.28323936462402344,0.23282241821289062,0.2359905242919922,0.32540130615234375,0.44838523864746094,0.3778190612792969,0.6413137647840712,0.6413137647840712,0.8978996276855469,0.2960548400878906,0.8978996276855469,0.18865720696746152,0.6018447875976562,1.4000940927674093,0.44123223956615826,0.019084867160321855,0.019084867160321855,0.03238029479980445,0.004639695820055209,0.03238029479980445,0.008678921020937574,0.02774059897974924,1.6966467495596065,0.4878335844629792,0.31739446851942277,0.31739446851942277,0.44838523864746094,0.23282241821289062,0.44838523864746094,0.06996262828266965,0.2155628204345703,1.4127064867009722,0.4150388426066091
T0169,healthy,0,2013-04-08,28.601125717163086,35.11000061035156,21.700000762939453,2.775547504425049,7.7036638259887695,29.285137176513672,35.0,21.469999313354492,3.025465250015259,9.15343952178955,28.601125717163086,28.897254943847656,28.991758346557617,29.12185287475586,29.169153213500977,29.166500091552734,29.175790786743164,29.21465492248535,29.176647186279297,29.30096435546875,29.3210391998291,29.265459060668945,29.292774200439453,29.240306854248047,29.301734924316406,29.229368209838867,29.257701873779297,29.228837966918945,29.238618850708008,29.285137176513672,2.775547504425049,2.877411365509033,2.8596558570861816,2.8899450302124023,2.8971307277679443,2.948282241821289,2.978802442550659,2.9547202587127686,3.014812707901001,2.955393075942993,2.955418825149536,3.008596658706665,2.984605312347412,3.023493528366089,2.9913806915283203,3.053467273712158,3.042548894882202,3.0532662868499756,3.0796995162963867,3.025465250015259,2.968482255935669,3.0796995162963867,2.775547504425049,0.2961292266845703,0.09450340270996094,0.1300945281982422,0.04730033874511719,-0.0026531219482421875,0.009290695190429688,0.0388641357421875,-0.03800773620605469,0.12431716918945312,0.020074844360351562,-0.05558013916015625,0.027315139770507812,-0.05246734619140625,0.061428070068359375,-0.07236671447753906,0.028333663940429688,-0.028863906860351562,0.0097808837890625,0.04651832580566406,0.6840114593505859,0.020398370843184445,0.03600060194730759,0.2961292266845703,-0.07236671447753906,0.08257710933685303,0.06230996921658516,0.10779032026018513,0.013437134878975989,-0.0024028778076166358,554.5335693359375,11.112160682678223,0.23137728869915009,8.864614486694336,0.7279120683670044,0.07508168369531631,0.24991774559020996,0.011749301458659867,0.7810745239257812,1.143484115600586,0.7342720031738281,0.3951854705810547,0.7334690093994141,0.6907215118408203,0.41750144958496094,0.7474842071533203,0.5134239196777344,0.029496722113816574,0.04349436078752762,0.016847214662938103,0.01646000281312343,0.026038049396714995,0.01012167679636046,0.01821798453653602,0.02070121908546356,0.0023570770607853025,0.2654075622558594,0.3692760467529297,0.3001861572265625,0.20113563537597656,0.3737983703613281,0.25154876708984375,0.26287841796875,0.4233589172363281,0.21811676025390625,0.6840684678819444,0.6840684678819444,1.143484115600586,0.3951854705810547,1.143484115600586,0.2272472395108202,0.7482986450195312,1.6715930532877539,0.4340115983829834,0.020414923028140672,0.020414923028140672,0.04349436078752762,0.0023570770607853025,0.04349436078752762,0.011790219633781037,0.04113728372674232,2.1305169469610035,0.5389800543441965,0.2961896260579427,0.2961896260579427,0.4233589172363281,0.20113563537597656,0.4233589172363281,0.07643081414558588,0.22222328186035156,1.429350880979197,0.43757002922576654
T0170,healthy,0,2013-04-08,27.627685546875,34.4900016784668,21.520000457763672,2.7077746391296387,7.332043647766113,28.08357810974121,34.65999984741211,21.40999984741211,2.931835174560547,8.595657348632812,27.627685546875,27.805524826049805,27.99782943725586,28.020456314086914,28.055866241455078,27.908010482788086,27.926015853881836,27.91950798034668,27.782711029052734,27.922447204589844,28.116926193237305,27.976457595825195,28.050453186035156,28.072891235351562,28.074247360229492,28.18560791015625,27.980628967285156,28.033708572387695,27.997802734375,28.08357810974121,2.7077746391296387,2.79805588722229,2.7909417152404785,2.852109670639038,2.88472056388855,2.893423080444336,2.910234212875366,2.9382920265197754,3.00788950920105,2.9547462463378906,2.884049892425537,2.959791660308838,2.939990520477295,2.9559292793273926,2.947503089904785,2.897949457168579,2.996321439743042,2.9710545539855957,3.0197033882141113,2.931835174560547,2.9121158123016357,3.0197033882141113,2.7077746391296387,0.1778392791748047,0.1923046112060547,0.022626876831054688,0.03540992736816406,-0.1478557586669922,0.01800537109375,-0.00650787353515625,-0.1367969512939453,0.13973617553710938,0.19447898864746094,-0.14046859741210938,0.07399559020996094,0.02243804931640625,0.0013561248779296875,0.11136054992675781,-0.20497894287109375,0.05307960510253906,-0.03590583801269531,0.08577537536621094,0.45589256286621094,0.013032313755578982,0.02399434521794319,0.19447898864746094,-0.20497894287109375,0.11455133557319641,0.09478528797626495,0.06215073721749584,0.02926871890113252,-0.013248062133789614,531.6827392578125,6.756699562072754,0.35391029715538025,11.192464828491211,0.967423677444458,0.07601514458656311,0.2240605354309082,0.01003549565049927,0.7795219421386719,0.9197044372558594,0.5666923522949219,0.5848617553710938,0.5377826690673828,-0.04783821105957031,0.4505023956298828,0.5810642242431641,-0.26401329040527344,0.02338976752489157,0.03381495511621363,0.017912097443315157,0.016696721987616816,0.01808678906662916,-0.004819793987991456,0.010427814856506875,0.018238727311442528,-0.016257383590354196,0.28796958923339844,0.27138519287109375,0.3481483459472656,0.43073081970214844,0.24260902404785156,0.5096569061279297,0.4339332580566406,0.2839832305908203,0.49332427978515625,0.4564753638373481,0.5257756974962022,0.9197044372558594,-0.26401329040527344,0.9197044372558594,0.37801721808932354,1.1837177276611328,1.7492334167274217,0.48269170903438896,0.013054410636474454,0.01773822787610682,0.03381495511621363,-0.016257383590354196,0.03381495511621363,0.015051797282191089,0.050072338706567826,1.9063311334753232,0.4725728569815814,0.3668600718180339,0.3668600718180339,0.5096569061279297,0.24260902404785156,0.5096569061279297,0.1018323374807676,0.2670478820800781,1.3892405616938297,0.435199064227185
T0171,healthy,0,2013-03-18,27.202842712402344,34.209999084472656,22.079999923706055,3.4944732189178467,12.211342811584473,28.4301815032959,35.27000045776367,22.489999771118164,3.992006540298462,15.936116218566895,27.202842712402344,27.478853225708008,27.68693733215332,27.779296875,27.816553115844727,27.87021827697754,28.00092124938965,28.032516479492188,28.05738639831543,28.11361312866211,28.12873649597168,28.15909767150879,28.150829315185547,28.18029022216797,28.305397033691406,28.372806549072266,28.413068771362305,28.373971939086914,28.344860076904297,28.4301815032959,3.4944732189178467,3.584775447845459,3.6565463542938232,3.7032828330993652,3.7416329383850098,3.7873635292053223,3.805459976196289,3.830825090408325,3.8489980697631836,3.878675937652588,3.9113848209381104,3.929962396621704,3.9455878734588623,3.9509196281433105,3.955271005630493,3.952099084854126,3.96573805809021,3.9836509227752686,3.994107484817505,3.992006540298462,3.845637798309326,3.994107484817505,3.4944732189178467,0.27601051330566406,0.2080841064453125,0.09235954284667969,0.03725624084472656,0.0536651611328125,0.13070297241210938,0.03159523010253906,0.024869918823242188,0.05622673034667969,0.015123367309570312,0.030361175537109375,-0.008268356323242188,0.029460906982421875,0.1251068115234375,0.06740951538085938,0.04026222229003906,-0.039096832275390625,-0.029111862182617188,0.08532142639160156,1.2273387908935547,0.05172098346222555,0.06459677964448929,0.27601051330566406,-0.039096832275390625,0.07553941011428833,0.07264699786901474,0.12692391531807928,0.025802430652436058,0.014313888549803875,533.0818481445312,16.227855682373047,0.5749921202659607,16.155357360839844,1.4365571737289429,0.1409495323896408,0.49753332138061523,0.022875332653074232,1.219970703125,1.448385238647461,1.7653694152832031,1.0356674194335938,1.4055328369140625,0.767791748046875,1.187032699584961,1.539886474609375,0.6786060333251953,0.05287766277341909,0.06288948202491729,0.07051837032002568,0.04793740752944314,0.06346376031861237,0.028438684277068124,0.05101247084768146,0.06593967380380168,0.022569082733382845,0.3923969268798828,0.31145668029785156,0.41912841796875,0.4122314453125,0.22432899475097656,0.27115631103515625,0.31464195251464844,0.4025917053222656,0.31651878356933594,1.227582507663303,1.227582507663303,1.7653694152832031,0.6786060333251953,1.7653694152832031,0.3568061502880857,1.0867633819580078,1.4380861488998515,0.43026219731892656,0.051738510514261295,0.051738510514261295,0.07051837032002568,0.022569082733382845,0.07051837032002568,0.016681548290033342,0.04794928758664284,1.3629761659030795,0.42934234343232053,0.3404945797390408,0.3404945797390408,0.41912841796875,0.22432899475097656,0.41912841796875,0.06916285168378905,0.19479942321777344,1.2309400225418416,0.4026664080893959
T0172,healthy,0,2013-03-18,28.681161880493164,34.75,23.059999465942383,2.4876832962036133,6.188568115234375,29.29583740234375,35.18000030517578,23.1299991607666,2.7283952236175537,7.444140434265137,28.681161880493164,28.904254913330078,28.956348419189453,29.0631160736084,29.05853843688965,29.12847900390625,29.157350540161133,29.117414474487305,29.139598846435547,29.120553970336914,29.155012130737305,29.200651168823242,29.192699432373047,29.283180236816406,29.322059631347656,29.30333709716797,29.279794692993164,29.320348739624023,29.324928283691406,29.29583740234375,2.4876832962036133,2.564920425415039,2.6075477600097656,2.6271538734436035,2.6475017070770264,2.6410131454467773,2.669926166534424,2.7014899253845215,2.696303367614746,2.7138614654541016,2.7185513973236084,2.722153902053833,2.725998878479004,2.7236523628234863,2.7026407718658447,2.7158946990966797,2.7292466163635254,2.7251834869384766,2.722372531890869,2.7283952236175537,2.678574800491333,2.7292466163635254,2.4876832962036133,0.22309303283691406,0.052093505859375,0.10676765441894531,-0.00457763671875,0.06994056701660156,0.028871536254882812,-0.039936065673828125,0.022184371948242188,-0.019044876098632812,0.034458160400390625,0.0456390380859375,-0.007951736450195312,0.09048080444335938,0.03887939453125,-0.0187225341796875,-0.023542404174804688,0.040554046630859375,0.0045795440673828125,-0.02909088134765625,0.6146755218505859,0.0248247877995766,0.03235134482383728,0.22309303283691406,-0.039936065673828125,0.06010626256465912,0.047389883548021317,0.08017725263323013,0.017557711828321214,-0.0007366725376681133,554.0161743164062,9.074090003967285,0.40700602531433105,9.965703964233398,1.1063218116760254,0.06343191862106323,0.24071192741394043,0.009195334750010484,0.9391651153564453,1.002288818359375,0.6252574920654297,0.9414463043212891,0.7920246124267578,-0.2197265625,1.108053207397461,0.6656112670898438,-0.3138751983642578,0.043278243846461735,0.04321021029823707,0.02557482611864025,0.041502893777717834,0.031079828649534593,-0.012342966409554441,0.049289635966594546,0.022712106633006147,-0.020497454019417476,0.22159767150878906,0.2587890625,0.2452068328857422,0.21889877319335938,0.2425556182861328,0.13185882568359375,0.31313323974609375,0.31920433044433594,0.17546844482421875,0.6155827840169271,0.7341609530978732,1.108053207397461,-0.3138751983642578,1.108053207397461,0.5242045458620349,1.4219284057617188,1.5092782960318512,0.46187091575341255,0.024867480540135586,0.03216535174657379,0.049289635966594546,-0.020497454019417476,0.049289635966594546,0.02508715927279108,0.06978708998601202,1.5323824539870068,0.46902810373510134,0.23630142211914062,0.23630142211914062,0.31920433044433594,0.13185882568359375,0.31920433044433594,0.059716094184860985,0.1873455047607422,1.3508353613506523,0.41901597098066345
T0173,healthy,0,2013-03-18,28.838125228881836,34.27000045776367,22.93000030517578,2.457306385040283,6.038354873657227,29.09087562561035,34.90999984741211,22.75,2.8418474197387695,8.076096534729004,28.838125228881836,28.9352970123291,29.058141708374023,29.09758758544922,29.138221740722656,29.119932174682617,29.190292358398438,29.208057403564453,29.157907485961914,29.251304626464844,29.247386932373047,29.153491973876953,29.131135940551758,29.211633682250977,29.093652725219727,29.361940383911133,29.302112579345703,29.250192642211914,29.153072357177734,29.09087562561035,2.457306385040283,2.5892648696899414,2.61169695854187,2.655413866043091,2.6846816539764404,2.6364288330078125,2.683462381362915,2.70733904838562,2.7181625366210938,2.7169244289398193,2.7177791595458984,2.801150321960449,2.8466989994049072,2.7929182052612305,2.881767511367798,2.6494674682617188,2.6583356857299805,2.7174906730651855,2.7949843406677246,2.8418474197387695,2.708156108856201,2.881767511367798,2.457306385040283,0.09717178344726562,0.12284469604492188,0.03944587707519531,0.0406341552734375,-0.018289566040039062,0.07036018371582031,0.017765045166015625,-0.05014991760253906,0.09339714050292969,-0.003917694091796875,-0.09389495849609375,-0.022356033325195312,0.08049774169921875,-0.11798095703125,0.26828765869140625,-0.05982780456542969,-0.05191993713378906,-0.09712028503417969,-0.06219673156738281,0.2527503967285156,0.012042131639064228,0.013302652165293694,0.26828765869140625,-0.11798095703125,0.09248089790344238,0.07410832494497299,0.05877870832170588,-0.0030045509338385307,-0.01978312901088204,554.02587890625,6.101482391357422,2.1662344932556152,15.84936237335205,3.0947840213775635,0.09806028008460999,0.38454103469848633,0.012001429106059799,-0.4705314636230469,0.5351047515869141,0.4685077667236328,-1.4104461669921875,0.21213340759277344,1.9139862060546875,-1.1034088134765625,0.4221477508544922,1.6916999816894531,-0.01084536645645495,0.019604781875035872,0.007990682214721668,-0.031159809657505762,0.004885254766707469,0.0574705912654556,-0.0024858489072419917,0.013004060616169452,0.04954494390272473,1.424539566040039,0.2972393035888672,0.4441108703613281,2.642171859741211,0.1770000457763672,1.8891983032226562,2.9327564239501953,0.31623077392578125,1.8250904083251953,0.25102149115668404,0.9142184787326388,1.9139862060546875,-1.4104461669921875,1.9139862060546875,1.1244666019124705,3.324432373046875,2.0935763492466717,0.6096442499285339,0.012001032179956898,0.021887926629113055,0.0574705912654556,-0.031159809657505762,0.0574705912654556,0.02783265237044304,0.08863040092296137,2.6256742350493742,0.701428489437514,1.3275930616590712,1.3275930616590712,2.9327564239501953,0.1770000457763672,2.9327564239501953,1.0645337672174184,2.755756378173828,2.2090778315716713,0.624700009214777
T0174,healthy,0,2013-03-20,27.30423355102539,32.599998474121094,20.90999984741211,3.1627466678619385,10.00296688079834,28.2744140625,34.310001373291016,20.940000534057617,3.747826099395752,14.0462007522583,27.30423355102539,27.552854537963867,27.68320655822754,27.87727165222168,27.826587677001953,27.979652404785156,27.94968032836914,28.07691764831543,28.071813583374023,28.06103515625,28.137889862060547,28.135709762573242,28.167442321777344,28.231468200683594,28.199016571044922,28.26300048828125,28.299440383911133,28.324371337890625,28.2858829498291,28.2744140625,3.1627466678619385,3.3002612590789795,3.3740861415863037,3.4073195457458496,3.47491192817688,3.4869282245635986,3.5316860675811768,3.537917375564575,3.5913922786712646,3.607069253921509,3.6247398853302,3.6553170680999756,3.6661202907562256,3.680269956588745,3.7077829837799072,3.696570634841919,3.7049572467803955,3.7239301204681396,3.722484588623047,3.747826099395752,3.570215940475464,3.747826099395752,3.1627466678619385,0.24862098693847656,0.13035202026367188,0.19406509399414062,-0.05068397521972656,0.15306472778320312,-0.029972076416015625,0.12723731994628906,-0.00510406494140625,-0.010778427124023438,0.07685470581054688,-0.0021800994873046875,0.03173255920410156,0.06402587890625,-0.032451629638671875,0.06398391723632812,0.03643989562988281,0.024930953979492188,-0.03848838806152344,-0.011468887329101562,0.9701805114746094,0.04170607373230403,0.05106213316321373,0.24862098693847656,-0.05068397521972656,0.08267895877361298,0.0701281875371933,0.12549596514020495,0.03206763948712806,0.013444737025670516,532.9125366210938,14.13212776184082,0.41664090752601624,16.386960983276367,1.0944116115570068,0.1560756415128708,0.5850794315338135,0.02535920376168155,1.1909866333007812,1.404214859008789,1.0912055969238281,0.5062332153320312,1.406972885131836,0.700225830078125,0.33917236328125,1.3929634094238281,0.7015743255615234,0.05579228508741291,0.060380195675039224,0.043921882227846765,0.02840724600885067,0.06170592057077425,0.024521690024468218,0.018632435619382683,0.05534517245184964,0.026786762610413743,0.3144855499267578,0.3896446228027344,0.28404808044433594,0.3110389709472656,0.31995201110839844,0.27867889404296875,0.2952690124511719,0.4563636779785156,0.26874542236328125,0.9703943464491103,0.9703943464491103,1.406972885131836,0.33917236328125,1.406972885131836,0.4152956724343042,1.067800521850586,1.4498980499848164,0.48137945890355316,0.0417215100306709,0.0417215100306709,0.06170592057077425,0.018632435619382683,0.06170592057077425,0.017194516615937166,0.04307348495139157,1.4789950252390647,0.47371886285801396,0.3242473602294922,0.3242473602294922,0.4563636779785156,0.26874542236328125,0.4563636779785156,0.06086091195528089,0.18761825561523438,1.4074552945657375,0.3995441789561101
T0176,healthy,0,2013-03-20,28.458301544189453,34.08000183105469,21.0,3.3795344829559326,11.421253204345703,29.3730525970459,35.11000061035156,21.1299991607666,3.7664589881896973,14.186212539672852,28.458301544189453,28.723379135131836,28.848350524902344,28.936939239501953,28.993053436279297,28.987323760986328,29.085250854492188,29.081295013427734,29.111618041992188,29.1612606048584,29.174625396728516,29.190364837646484,29.191434860229492,29.23410415649414,29.289426803588867,29.292125701904297,29.304180145263672,29.34903335571289,29.3555850982666,29.3730525970459,3.3795344829559326,3.4662773609161377,3.502138614654541,3.529611349105835,3.576504945755005,3.636282205581665,3.650541305541992,3.676030397415161,3.690983533859253,3.7060797214508057,3.718705654144287,3.7189977169036865,3.7506139278411865,3.733489751815796,3.7376017570495605,3.7511544227600098,3.757357120513916,3.7529103755950928,3.751155138015747,3.7664589881896973,3.662621259689331,3.7664589881896973,3.3795344829559326,0.2650775909423828,0.12497138977050781,0.08858871459960938,0.05611419677734375,-0.00572967529296875,0.09792709350585938,-0.003955841064453125,0.030323028564453125,0.04964256286621094,0.013364791870117188,0.01573944091796875,0.0010700225830078125,0.04266929626464844,0.05532264709472656,0.0026988983154296875,0.012054443359375,0.04485321044921875,0.0065517425537109375,0.017467498779296875,0.9147510528564453,0.03628807928329053,0.04814479127526283,0.2650775909423828,-0.00572967529296875,0.062274228781461716,0.04916432127356529,0.10122064862932499,0.021931875319706355,0.018667439052035422,553.2249755859375,12.517298698425293,0.45752203464508057,14.830575942993164,1.3652329444885254,0.10990005731582642,0.38692450523376465,0.017142860692246454,0.7391128540039062,1.2709941864013672,0.8520393371582031,0.5209465026855469,0.834228515625,1.3027324676513672,0.40044212341308594,1.3932723999023438,0.9175300598144531,0.02138022229187366,0.05460219132272764,0.032601803944522216,0.005368119433409932,0.0296869579114402,0.07233332440369047,0.006154608188713994,0.05479641534332004,0.04945461015055838,0.2787132263183594,0.34888458251953125,0.2572288513183594,0.32517051696777344,0.27860260009765625,0.28033447265625,0.24295806884765625,0.4062385559082031,0.1927490234375,0.9145887162950304,0.9145887162950304,1.3932723999023438,0.40044212341308594,1.3932723999023438,0.34772295501028627,0.9928302764892578,1.5233868074740495,0.4819408596158519,0.03626425033225073,0.03626425033225073,0.07233332440369047,0.005368119433409932,0.07233332440369047,0.023168013916399544,0.06696520497028054,1.9946173930193911,0.5568138313033532,0.29009776645236546,0.29009776645236546,0.4062385559082031,0.1927490234375,0.4062385559082031,0.06256100372407997,0.21348953247070312,1.400350464164651,0.41376612231603677
T0177,healthy,0,2013-03-20,26.862621307373047,32.630001068115234,20.6299991607666,3.3487935066223145,11.214418411254883,27.7999324798584,34.349998474121094,20.760000228881836,3.754763603210449,14.098250389099121,26.862621307373047,27.14244842529297,27.26879119873047,27.3477725982666,27.46259117126465,27.509654998779297,27.6037540435791,27.610504150390625,27.66522216796875,27.710453033447266,27.7277774810791,27.677881240844727,27.668935775756836,27.78090476989746,27.781810760498047,27.784141540527344,27.847490310668945,27.85352897644043,27.816356658935547,27.7999324798584,3.3487935066223145,3.472835063934326,3.5448694229125977,3.560828685760498,3.598583459854126,3.640693426132202,3.654341459274292,3.678844928741455,3.7029924392700195,3.7353928089141846,3.731205701828003,3.7410333156585693,3.760866641998291,3.734416961669922,3.7456157207489014,3.741594076156616,3.744208335876465,3.7562694549560547,3.7352423667907715,3.754763603210449,3.6691696643829346,3.760866641998291,3.3487935066223145,0.2798271179199219,0.1263427734375,0.07898139953613281,0.11481857299804688,0.04706382751464844,0.09409904479980469,0.0067501068115234375,0.054718017578125,0.045230865478515625,0.017324447631835938,-0.049896240234375,-0.008945465087890625,0.111968994140625,0.0009059906005859375,0.002330780029296875,0.06334877014160156,0.006038665771484375,-0.03717231750488281,-0.016424179077148438,0.9373111724853516,0.03917798494037755,0.04933216795325279,0.2798271179199219,-0.049896240234375,0.0742388591170311,0.06116776540875435,0.12213080269949875,0.01889898663475276,0.005522646222794068,524.5912475585938,14.201491355895996,0.45008957386016846,13.386346817016602,1.1129999160766602,0.10901594907045364,0.40597009658813477,0.01603555033977758,0.8961181640625,1.1749439239501953,1.4010601043701172,0.651641845703125,1.0014686584472656,0.6729793548583984,0.5966072082519531,1.393341064453125,0.6480522155761719,0.03687682044237167,0.046801547000282225,0.06332479204450273,0.025020237972861414,0.03970426114878249,0.03514490055858553,0.02022434033845546,0.05049215904752021,0.03493658653775474,0.7299671173095703,0.39431190490722656,0.4938201904296875,0.6329612731933594,0.34214019775390625,0.7491645812988281,0.6488056182861328,0.5314731597900391,0.916839599609375,0.9373569488525391,0.9373569488525391,1.4010601043701172,0.5966072082519531,1.4010601043701172,0.323368384416378,0.8044528961181641,1.4946921673096853,0.47051269386608385,0.03916951612123516,0.03916951612123516,0.06332479204450273,0.02022434033845546,0.06332479204450273,0.013080074921759484,0.04310045170604727,1.616685171234996,0.455622153374314,0.6043870713975694,0.6043870713975694,0.916839599609375,0.34214019775390625,0.916839599609375,0.182891163670868,0.5746994018554688,1.5169741839770934,0.4404777091447213
T0182,healthy,0,2013-05-24,27.612695693969727,33.65999984741211,20.739999771118164,3.9013559818267822,15.220579147338867,27.384033203125,33.29999923706055,19.549999237060547,4.187265872955322,17.5331974029541,27.612695693969727,27.590957641601562,27.549348831176758,27.58048439025879,27.614681243896484,27.598106384277344,27.62413787841797,27.546653747558594,27.67747688293457,27.59063720703125,27.5837459564209,27.49275779724121,27.526031494140625,27.5008602142334,27.46761703491211,27.441715240478516,27.450803756713867,27.423391342163086,27.474807739257812,27.384033203125,3.9013559818267822,3.9613938331604004,4.0024309158325195,4.018513202667236,4.039506912231445,4.056696891784668,4.075272083282471,4.097023963928223,4.071951389312744,4.100836753845215,4.1128435134887695,4.141689777374268,4.151516437530518,4.159143924713135,4.1835808753967285,4.200599193572998,4.192957401275635,4.1868062019348145,4.188863754272461,4.187265872955322,4.1015119552612305,4.200599193572998,3.9013559818267822,-0.021738052368164062,-0.04160881042480469,0.03113555908203125,0.03419685363769531,-0.016574859619140625,0.026031494140625,-0.077484130859375,0.13082313537597656,-0.08683967590332031,-0.0068912506103515625,-0.0909881591796875,0.03327369689941406,-0.025171279907226562,-0.03324317932128906,-0.02590179443359375,0.009088516235351562,-0.02741241455078125,0.05141639709472656,-0.0907745361328125,-0.22866249084472656,-0.010901112664015505,-0.012034867890179157,0.13082313537597656,-0.0909881591796875,0.054658517241477966,0.04529441148042679,0.0008388519287120512,-0.018179802667527837,-0.009887259347095787,523.2326049804688,-1.4086389541625977,0.12559545040130615,3.718069076538086,0.3136630952358246,0.08323968946933746,0.28590989112854004,0.013780029017226128,-0.2716083526611328,0.3620929718017578,-0.21992111206054688,-0.5197639465332031,-0.14352989196777344,-0.30995941162109375,-0.22912979125976562,0.03379058837890625,-0.7570648193359375,-0.014838179968354065,0.0200707471460326,-0.013796595523232338,-0.021405149760999692,-0.004926586868172166,-0.018108967372349762,-0.00967842905144963,0.00033705144896453243,-0.03559884809909908,0.10626220703125,0.12483596801757812,0.2128429412841797,0.11698341369628906,0.07398796081542969,0.2138500213623047,0.14670181274414062,0.07753753662109375,0.1931629180908203,-0.228343751695421,0.316317876180013,0.3620929718017578,-0.7570648193359375,0.7570648193359375,0.31575297409265357,1.1191577911376953,2.393367091815669,0.5756943516953611,-0.010882773116517733,0.015417839470961543,0.0200707471460326,-0.03559884809909908,0.03559884809909908,0.015487453550268229,0.05566959524513168,2.308937323985881,0.5554513623778539,0.14068497551812065,0.14068497551812065,0.2138500213623047,0.07398796081542969,0.2138500213623047,0.054525229957214594,0.139862060546875,1.5200628594069847,0.4895538762393182
T0183,healthy,0,2013-05-24,26.994478225708008,33.41999816894531,20.06999969482422,3.7981503009796143,14.425945281982422,27.478769302368164,34.20000076293945,20.579999923706055,3.9306259155273438,15.449820518493652,26.994478225708008,27.1691951751709,27.237585067749023,27.31778907775879,27.31462860107422,27.384105682373047,27.308086395263672,27.3125057220459,27.299070358276367,27.340728759765625,27.397321701049805,27.36474609375,27.402978897094727,27.37540626525879,27.33976936340332,27.427074432373047,27.349092483520508,27.4646053314209,27.43099594116211,27.478769302368164,3.7981503009796143,3.857740640640259,3.894824266433716,3.9292635917663574,3.943335771560669,3.970658302307129,3.991508722305298,4.011425495147705,4.034232139587402,4.050137042999268,3.977952241897583,3.972348213195801,3.9865562915802,3.975177526473999,3.9563615322113037,3.9512248039245605,3.955439567565918,3.9291930198669434,3.9372799396514893,3.9306259155273438,3.952671527862549,4.050137042999268,3.7981503009796143,0.17471694946289062,0.068389892578125,0.08020401000976562,-0.0031604766845703125,0.06947708129882812,-0.076019287109375,0.0044193267822265625,-0.01343536376953125,0.04165840148925781,0.05659294128417969,-0.03257560729980469,0.03823280334472656,-0.0275726318359375,-0.03563690185546875,0.08730506896972656,-0.07798194885253906,0.11551284790039062,-0.03360939025878906,0.04777336120605469,0.48429107666015625,0.014646236161540087,0.02548900432884693,0.17471694946289062,-0.07798194885253906,0.06491193175315857,0.05706706643104553,0.07041833060128146,0.014014584677559824,0.023493630545479805,519.4723510742188,6.57722282409668,1.1955578327178955,16.933147430419922,2.458116054534912,0.05580507218837738,0.1324756145477295,0.0031478430095471213,0.4673614501953125,0.9583072662353516,-0.03301048278808594,-0.33737945556640625,0.7721652984619141,0.7277946472167969,0.26984596252441406,0.7439231872558594,0.7894535064697266,0.007380924368262244,0.04646078554311088,-0.019554047835501694,-0.008792639137210945,0.029027091291613336,0.010107054746240164,0.02504000699609745,0.024408598591509942,0.01790403351747877,0.6018486022949219,0.4979286193847656,0.3996868133544922,1.592702865600586,0.29240989685058594,0.6674137115478516,1.104207992553711,0.26924896240234375,0.6844024658203125,0.4842734866672092,0.5665823618570963,0.9583072662353516,-0.33737945556640625,0.9583072662353516,0.4353743402567746,1.2956867218017578,1.6913820722912576,0.49417667048159153,0.014664645342400017,0.020963909114113936,0.04646078554311088,-0.019554047835501694,0.04646078554311088,0.02007905674033925,0.06601483337861258,2.2162261402655004,0.5328092302480459,0.6788722144232856,0.6788722144232856,1.592702865600586,0.26924896240234375,1.592702865600586,0.42572304747896045,1.3234539031982422,2.346101089868003,0.5534200278706022
T0184,healthy,0,2013-05-24,29.42911720275879,36.59000015258789,20.020000457763672,4.749533176422119,22.558063507080078,28.930322647094727,35.849998474121094,19.170000076293945,4.646838665008545,21.593109130859375,29.42911720275879,29.36198616027832,29.312915802001953,29.310075759887695,29.2314395904541,29.219022750854492,29.17462158203125,29.1737117767334,29.204814910888672,29.115495681762695,29.11672592163086,29.07575798034668,29.075666427612305,29.045747756958008,29.090126037597656,29.12434959411621,29.009517669677734,28.956289291381836,28.896080017089844,28.930322647094727,4.749533176422119,4.7415924072265625,4.691315174102783,4.701222896575928,4.697280406951904,4.67371940612793,4.701534748077393,4.6598639488220215,4.659762859344482,4.682501316070557,4.684974670410156,4.696966171264648,4.666835784912109,4.648715496063232,4.647497177124023,4.633332252502441,4.659307479858398,4.679576396942139,4.677466869354248,4.646838665008545,4.679991722106934,4.749533176422119,4.633332252502441,-0.06713104248046875,-0.04907035827636719,-0.0028400421142578125,-0.07863616943359375,-0.012416839599609375,-0.04440116882324219,-0.0009098052978515625,0.031103134155273438,-0.08931922912597656,0.0012302398681640625,-0.04096794128417969,-9.1552734375e-05,-0.029918670654296875,0.04437828063964844,0.03422355651855469,-0.11483192443847656,-0.05322837829589844,-0.06020927429199219,0.03424263000488281,-0.4987945556640625,-0.02313571298929121,-0.026252344250679016,0.04437828063964844,-0.11483192443847656,0.044495128095149994,0.04153422266244888,-0.04128434317452731,-0.021170048486622038,-0.04391583033970595,553.674072265625,-5.479162216186523,0.25424259901046753,5.477198600769043,0.5373253226280212,0.02920904941856861,-0.10269451141357422,-0.0037011533751524343,-0.5564823150634766,0.1642932891845703,-0.5767765045166016,-0.42786407470703125,-0.5373039245605469,-0.3168201446533203,-0.9275112152099609,-0.7996063232421875,-0.5115299224853516,-0.029059210755772218,0.008421140685116424,-0.02000405447823755,-0.016640039314901187,-0.024667321111923494,-0.025807261646242446,-0.028112225066451394,-0.03306874440128702,-0.03921017897756548,0.2541694641113281,0.1295909881591797,0.2699737548828125,0.3369255065917969,0.08594512939453125,0.3566780090332031,0.3702392578125,0.0996856689453125,0.3934478759765625,-0.49884457058376735,0.5353541904025607,0.1642932891845703,-0.9275112152099609,0.9275112152099609,0.3088630771761959,1.0918045043945312,1.7325187969245723,0.47816610209540195,-0.023127543896362707,0.024998908493055246,0.008421140685116424,-0.03921017897756548,0.03921017897756548,0.013574910397892867,0.0476313196626819,1.568475011767335,0.4504113523314791,0.2551839616563585,0.2551839616563585,0.3934478759765625,0.08594512939453125,0.3934478759765625,0.1215278859769939,0.30750274658203125,1.5418204890485678,0.48782460511664155
T0185,healthy,0,2013-05-24,26.645832061767578,32.93000030517578,19.260000228881836,4.0895209312438965,16.72418212890625,27.18304443359375,33.47999954223633,19.110000610351562,4.354931831359863,18.965431213378906,26.645832061767578,27.014392852783203,27.01846694946289,27.05765724182129,27.09290885925293,27.104419708251953,27.151622772216797,27.1129150390625,27.131750106811523,27.070932388305664,27.143657684326172,27.143587112426758,27.079143524169922,27.1249942779541,27.133394241333008,27.13018226623535,27.19622039794922,27.209415435791016,27.148468017578125,27.18304443359375,4.0895209312438965,4.111954689025879,4.188340663909912,4.2076287269592285,4.261852741241455,4.275588512420654,4.2806901931762695,4.270525932312012,4.306982040405273,4.3197197914123535,4.323580741882324,4.357219219207764,4.371781349182129,4.34823751449585,4.35930061340332,4.371530532836914,4.372321605682373,4.355435371398926,4.362645626068115,4.354931831359863,4.294489860534668,4.372321605682373,4.0895209312438965,0.368560791015625,0.0040740966796875,0.03919029235839844,0.035251617431640625,0.011510848999023438,0.04720306396484375,-0.038707733154296875,0.018835067749023438,-0.060817718505859375,0.07272529602050781,-7.05718994140625e-05,-0.06444358825683594,0.04585075378417969,0.00839996337890625,-0.00321197509765625,0.06603813171386719,0.013195037841796875,-0.060947418212890625,0.034576416015625,0.5372123718261719,0.013214750935259686,0.028274334967136383,0.368560791015625,-0.06444358825683594,0.08956789970397949,0.05229528248310089,0.07336218697684023,-0.0029407228742351008,0.009037235804964865,514.9785766601562,8.707757949829102,0.8276455402374268,17.514686584472656,1.8819962739944458,0.08335883915424347,0.2654109001159668,0.012816185341741693,-1.1007804870605469,0.7162857055664062,0.6538295745849609,0.22813034057617188,1.6072235107421875,0.8020229339599609,-0.10987472534179688,1.5499591827392578,0.4865245819091797,-0.0694276938761095,0.027166867076902062,0.03052437000704801,-0.010236907901621189,0.05201114138266147,0.036667911271402835,-0.01199210030692007,0.034973369684434506,0.028979926718804817,0.4698143005371094,0.2566795349121094,0.1930828094482422,0.6926155090332031,0.9099407196044922,0.4627876281738281,0.19559669494628906,0.7243080139160156,0.4216785430908203,0.5370356241861979,0.8060701158311632,1.6072235107421875,-1.1007804870605469,1.6072235107421875,0.8281164165659779,2.7080039978027344,1.9939003558591517,0.5869303552089158,0.013185209339622549,0.033553365358433826,0.05201114138266147,-0.0694276938761095,0.0694276938761095,0.03756095851727659,0.12143883525877097,2.0691716745170456,0.5235664295287829,0.48072263929578996,0.48072263929578996,0.9099407196044922,0.1930828094482422,0.9099407196044922,0.2516486225104357,0.71685791015625,1.892860094978806,0.5378162991782929
T0188,healthy,0,2013-08-12,30.512022018432617,35.86000061035156,23.25,2.8366475105285645,8.046568870544434,30.542818069458008,35.7599983215332,23.149999618530273,2.7710988521575928,7.678989410400391,30.512022018432617,30.527633666992188,30.533811569213867,30.580537796020508,30.5565242767334,30.524208068847656,30.543655395507812,30.578821182250977,30.546689987182617,30.496543884277344,30.553972244262695,30.554471969604492,30.497793197631836,30.51654052734375,30.502288818359375,30.498779296875,30.52698516845703,30.470706939697266,30.52849578857422,30.542818069458008,2.8366475105285645,2.811666488647461,2.7985687255859375,2.8014137744903564,2.805039405822754,2.809852361679077,2.810304641723633,2.811065196990967,2.8152403831481934,2.814932346343994,2.8101682662963867,2.8020858764648438,2.8223869800567627,2.8224334716796875,2.811109781265259,2.801985025405884,2.8374297618865967,2.822758436203003,2.7893056869506836,2.7710988521575928,2.810274600982666,2.8374297618865967,2.7710988521575928,0.015611648559570312,0.0061779022216796875,0.046726226806640625,-0.024013519287109375,-0.03231620788574219,0.01944732666015625,0.03516578674316406,-0.032131195068359375,-0.05014610290527344,0.05742835998535156,0.000499725341796875,-0.05667877197265625,0.018747329711914062,-0.014251708984375,-0.003509521484375,0.02820587158203125,-0.056278228759765625,0.057788848876953125,0.014322280883789062,0.030796051025390625,-0.0017966994665626684,0.001620844821445644,0.057788848876953125,-0.05667877197265625,0.03538012132048607,0.029970871284604073,0.005552237374440647,-0.0061210677737284286,0.0067290714808879255,580.0658569335938,0.3374614715576172,0.5368587374687195,14.511503219604492,1.5792258977890015,0.014639480039477348,-0.06554865837097168,-0.0005409796435134999,-0.43024253845214844,0.2730827331542969,0.8315620422363281,-0.5786685943603516,0.0194244384765625,0.5362319946289062,-0.818359375,-0.2478485107421875,0.6828517913818359,-0.03678825062916726,0.013019022547212246,0.04873529735364361,-0.04539381758611046,0.0017348784253106342,0.03459603876099502,-0.059628812173255594,-0.014817838740528416,0.04176093223399654,0.2222118377685547,0.0607757568359375,0.2965526580810547,0.2361583709716797,0.10878753662109375,0.24364280700683594,0.27094459533691406,0.040996551513671875,0.2882823944091797,0.029781553480360243,0.4909191131591797,0.8315620422363281,-0.818359375,0.8315620422363281,0.5877289666242206,1.6499214172363281,1.6938880622230224,0.5279831557690928,-0.0018647277564337425,0.032941654272246636,0.04873529735364361,-0.059628812173255594,0.059628812173255594,0.03975917830744695,0.1083641095268992,1.8101335646084187,0.5186203888314233,0.19648361206054688,0.19648361206054688,0.2965526580810547,0.040996551513671875,0.2965526580810547,0.09920227808498387,0.2555561065673828,1.5092996300204162,0.4839417700104963
T0189,healthy,0,2013-09-30,29.05575180053711,34.029998779296875,23.18000030517578,2.244875907897949,5.0394673347473145,29.824655532836914,35.22999954223633,23.100000381469727,2.5771243572235107,6.641570091247559,29.05575180053711,29.2806453704834,29.337295532226562,29.430553436279297,29.517528533935547,29.407209396362305,29.449296951293945,29.463829040527344,29.554931640625,29.4931697845459,29.610179901123047,29.72169303894043,29.749664306640625,29.839351654052734,29.879030227661133,29.708911895751953,29.696361541748047,29.781513214111328,29.777795791625977,29.824655532836914,2.244875907897949,2.320281744003296,2.348865270614624,2.3633415699005127,2.3668596744537354,2.483046054840088,2.460822820663452,2.468015670776367,2.4662461280822754,2.5012056827545166,2.4564316272735596,2.4911787509918213,2.521714925765991,2.495394229888916,2.4797682762145996,2.551041841506958,2.5657718181610107,2.5333192348480225,2.606985092163086,2.5771243572235107,2.4651145935058594,2.606985092163086,2.244875907897949,0.22489356994628906,0.05665016174316406,0.09325790405273438,0.08697509765625,-0.11031913757324219,0.042087554931640625,0.014532089233398438,0.09110260009765625,-0.06176185607910156,0.11701011657714844,0.11151313781738281,0.027971267700195312,0.08968734741210938,0.03967857360839844,-0.1701183319091797,-0.01255035400390625,0.08515167236328125,-0.0037174224853515625,0.0468597412109375,0.7689037322998047,0.033314253154553955,0.040468618273735046,0.22489356994628906,-0.1701183319091797,0.08592654019594193,0.07820199429988861,0.07317701067243386,0.056867304302394124,0.0005694253104070136,562.13916015625,10.079880714416504,0.5361030101776123,13.357048034667969,1.3376705646514893,0.09071662276983261,0.3322484493255615,0.014377521751518582,0.9535026550292969,0.8709354400634766,0.6858005523681641,0.9409084320068359,0.7893562316894531,0.138641357421875,1.1498279571533203,1.1016254425048828,0.29506874084472656,0.0469511964267355,0.03878577669760296,0.02515008682595132,0.05095426229605925,0.03465597970144994,-0.006564528960035421,0.06357184531993425,0.045658842961590396,0.0010427331565906015,0.2291736602783203,0.23904800415039062,0.4152030944824219,0.5477485656738281,0.2031383514404297,0.6749019622802734,0.5139923095703125,0.31442832946777344,0.6148834228515625,0.7695185343424479,0.7695185343424479,1.1498279571533203,0.138641357421875,1.1498279571533203,0.34622087452078215,1.0111865997314453,1.4942173461665516,0.46276497821942636,0.03335624382509764,0.034815028038438854,0.06357184531993425,-0.006564528960035421,0.06357184531993425,0.02317107770016201,0.07013637427996967,1.8259881046157511,0.5153499252964509,0.4169464111328125,0.4169464111328125,0.6749019622802734,0.2031383514404297,0.6749019622802734,0.17866888676859896,0.47176361083984375,1.6186779117724883,0.4896802874009683
T0190,healthy,0,2013-09-30,28.69064712524414,33.720001220703125,22.93000030517578,1.9621309041976929,3.8499577045440674,29.55185890197754,33.91999816894531,22.760000228881836,2.3220155239105225,5.391756534576416,28.69064712524414,28.910409927368164,29.010295867919922,29.109384536743164,29.196382522583008,29.13341522216797,29.146686553955078,29.155012130737305,29.277080535888672,29.251667022705078,29.214195251464844,29.319108963012695,29.335886001586914,29.37978172302246,29.445404052734375,29.446260452270508,29.492616653442383,29.521484375,29.531341552734375,29.55185890197754,1.9621309041976929,2.017094612121582,2.087862253189087,2.125941753387451,2.1532270908355713,2.1806416511535645,2.1998584270477295,2.2443466186523438,2.237353801727295,2.235654830932617,2.2878835201263428,2.2875876426696777,2.2898879051208496,2.3038721084594727,2.2613823413848877,2.2926034927368164,2.293356418609619,2.3211915493011475,2.3131790161132812,2.3220155239105225,2.220853328704834,2.3220155239105225,1.9621309041976929,0.21976280212402344,0.09988594055175781,0.09908866882324219,0.08699798583984375,-0.06296730041503906,0.013271331787109375,0.008325576782226562,0.12206840515136719,-0.02541351318359375,-0.037471771240234375,0.10491371154785156,0.01677703857421875,0.043895721435546875,0.06562232971191406,0.0008563995361328125,0.046356201171875,0.028867721557617188,0.009857177734375,0.020517349243164062,0.8612117767333984,0.03590218967064827,0.04532693699002266,0.21976280212402344,-0.06296730041503906,0.06440316885709763,0.058574575930833817,0.09059562683105583,0.031245821998231678,0.023325293404714103,555.9976806640625,10.875370979309082,0.17247693240642548,6.097445964813232,0.4289504587650299,0.10106965154409409,0.3598846197128296,0.015763993818957073,0.8896522521972656,1.1024856567382812,0.7929000854492188,0.66412353515625,1.0478687286376953,0.7022762298583984,0.6774120330810547,1.169565200805664,0.7064094543457031,0.039278591127323265,0.048824591385690175,0.03386436835267393,0.029518180502984506,0.04485120271381529,0.025912347951329365,0.028972029148187577,0.049243199914916776,0.022772890822330978,0.1935138702392578,0.1902332305908203,0.1658763885498047,0.20082855224609375,0.26129150390625,0.18102073669433594,0.2692108154296875,0.33597755432128906,0.19899749755859375,0.8614103529188368,0.8614103529188368,1.169565200805664,0.66412353515625,1.169565200805664,0.19857653365070171,0.5054416656494141,1.3577329123864532,0.4282279082140656,0.03591526687991688,0.03591526687991688,0.049243199914916776,0.022772890822330978,0.049243199914916776,0.010009777982145345,0.026470309092585798,1.3710934229899425,0.4421486769301473,0.2218833499484592,0.2218833499484592,0.33597755432128906,0.1658763885498047,0.33597755432128906,0.05521609381103836,0.17010116577148438,1.5142079802619384,0.4339016021604161
T0191,healthy,0,2013-09-06,29.492942810058594,35.90999984741211,23.1200008392334,2.989839792251587,8.939141273498535,30.492666244506836,36.040000915527344,23.209999084472656,3.4005484580993652,11.563729286193848,29.492942810058594,29.652006149291992,29.780071258544922,29.867509841918945,29.975332260131836,30.06940460205078,30.039209365844727,30.13825225830078,30.146699905395508,30.192935943603516,30.288408279418945,30.1754207611084,30.248701095581055,30.219919204711914,30.272815704345703,30.335664749145508,30.453977584838867,30.429407119750977,30.479814529418945,30.492666244506836,2.989839792251587,3.0226547718048096,3.06630277633667,3.0955138206481934,3.1276378631591797,3.1614484786987305,3.2083826065063477,3.2201085090637207,3.250734329223633,3.259446382522583,3.2585487365722656,3.312629461288452,3.3141942024230957,3.349199056625366,3.3434505462646484,3.349567413330078,3.368476390838623,3.3897242546081543,3.385943651199341,3.4005484580993652,3.243717670440674,3.4005484580993652,2.989839792251587,0.15906333923339844,0.1280651092529297,0.08743858337402344,0.10782241821289062,0.09407234191894531,-0.030195236206054688,0.09904289245605469,0.008447647094726562,0.04623603820800781,0.09547233581542969,-0.11298751831054688,0.07328033447265625,-0.028781890869140625,0.05289649963378906,0.06284904479980469,0.11831283569335938,-0.024570465087890625,0.05040740966796875,0.012851715087890625,0.9997234344482422,0.04377805379996597,0.05261702463030815,0.15906333923339844,-0.11298751831054688,0.06580906361341476,0.0733049288392067,0.11256359645298467,0.023795809064591136,0.04306090218680252,572.7583618164062,12.392441749572754,1.019339680671692,16.108280181884766,2.225175619125366,0.1251055896282196,0.4107086658477783,0.021127358056548758,0.3394432067871094,1.823831558227539,1.8890132904052734,-0.5558052062988281,0.9776363372802734,2.3565101623535156,-0.8465003967285156,1.1514339447021484,1.8473548889160156,0.016567964482127863,0.08349725680243696,0.07422733450294393,-0.023917516550623855,0.05015994767497247,0.0956555144231117,-0.02760680779478694,0.04962689249138998,0.07525638350866705,0.1936206817626953,0.2280120849609375,0.4403858184814453,0.1498851776123047,0.17652511596679688,0.38181304931640625,0.12902450561523438,0.23668479919433594,0.3203468322753906,0.9981019761827257,1.3097254435221355,2.3565101623535156,-0.8465003967285156,2.3565101623535156,1.1356166814709343,3.2030105590820312,1.7992397994681628,0.5168919067598046,0.04371855217113768,0.05516840202567341,0.0956555144231117,-0.02760680779478694,0.0956555144231117,0.04566277646315162,0.12326232221789864,1.7338819609054004,0.512389017120369,0.2506997850206163,0.2506997850206163,0.4403858184814453,0.12902450561523438,0.4403858184814453,0.10750680580820207,0.31136131286621094,1.7566261609636744,0.506380656278885
T0193,healthy,0,2013-10-02,29.05575180053711,34.029998779296875,23.18000030517578,2.244875907897949,5.0394673347473145,29.824655532836914,35.22999954223633,23.100000381469727,2.5771243572235107,6.641570091247559,29.05575180053711,29.2806453704834,29.337295532226562,29.430553436279297,29.517528533935547,29.407209396362305,29.449296951293945,29.463829040527344,29.554931640625,29.4931697845459,29.610179901123047,29.72169303894043,29.749664306640625,29.839351654052734,29.879030227661133,29.708911895751953,29.696361541748047,29.781513214111328,29.777795791625977,29.824655532836914,2.244875907897949,2.320281744003296,2.348865270614624,2.3633415699005127,2.3668596744537354,2.483046054840088,2.460822820663452,2.468015670776367,2.4662461280822754,2.5012056827545166,2.4564316272735596,2.4911787509918213,2.521714925765991,2.495394229888916,2.4797682762145996,2.551041841506958,2.5657718181610107,2.5333192348480225,2.606985092163086,2.5771243572235107,2.4651145935058594,2.606985092163086,2.244875907897949,0.22489356994628906,0.05665016174316406,0.09325790405273438,0.08697509765625,-0.11031913757324219,0.042087554931640625,0.014532089233398438,0.09110260009765625,-0.06176185607910156,0.11701011657714844,0.11151313781738281,0.027971267700195312,0.08968734741210938,0.03967857360839844,-0.1701183319091797,-0.01255035400390625,0.08515167236328125,-0.0037174224853515625,0.0468597412109375,0.7689037322998047,0.033314253154553955,0.040468618273735046,0.22489356994628906,-0.1701183319091797,0.08592654019594193,0.07820199429988861,0.07317701067243386,0.056867304302394124,0.0005694253104070136,562.13916015625,10.079880714416504,0.5361030101776123,13.357048034667969,1.3376705646514893,0.09071662276983261,0.3322484493255615,0.014377521751518582,0.9535026550292969,0.8709354400634766,0.6858005523681641,0.9409084320068359,0.7893562316894531,0.138641357421875,1.1498279571533203,1.1016254425048828,0.29506874084472656,0.0469511964267355,0.03878577669760296,0.02515008682595132,0.05095426229605925,0.03465597970144994,-0.006564528960035421,0.06357184531993425,0.045658842961590396,0.0010427331565906015,0.2291736602783203,0.23904800415039062,0.4152030944824219,0.5477485656738281,0.2031383514404297,0.6749019622802734,0.5139923095703125,0.31442832946777344,0.6148834228515625,0.7695185343424479,0.7695185343424479,1.1498279571533203,0.138641357421875,1.1498279571533203,0.34622087452078215,1.0111865997314453,1.4942173461665516,0.46276497821942636,0.03335624382509764,0.034815028038438854,0.06357184531993425,-0.006564528960035421,0.06357184531993425,0.02317107770016201,0.07013637427996967,1.8259881046157511,0.5153499252964509,0.4169464111328125,0.4169464111328125,0.6749019622802734,0.2031383514404297,0.6749019622802734,0.17866888676859896,0.47176361083984375,1.6186779117724883,0.4896802874009683
T0194,healthy,0,2013-10-02,28.985258102416992,33.75,23.6299991607666,2.7380032539367676,7.49666166305542,29.65438461303711,35.09000015258789,23.3799991607666,3.439117670059204,11.827529907226562,28.985258102416992,28.83424186706543,29.03884506225586,29.251516342163086,29.148643493652344,29.211191177368164,29.32746124267578,29.198537826538086,29.378496170043945,29.429182052612305,29.505477905273438,29.660049438476562,29.4504337310791,29.43905258178711,29.55778694152832,29.57648468017578,29.644922256469727,29.565052032470703,29.65689468383789,29.65438461303711,2.7380032539367676,2.882819890975952,2.951829195022583,2.9744746685028076,3.0594887733459473,3.1059842109680176,3.151603937149048,3.200897216796875,3.2065820693969727,3.2385075092315674,3.2530009746551514,3.268730878829956,3.3225064277648926,3.324993848800659,3.3572146892547607,3.372016668319702,3.3799495697021484,3.4407660961151123,3.449847936630249,3.439117670059204,3.2059168815612793,3.449847936630249,2.7380032539367676,-0.1510162353515625,0.2046031951904297,0.21267127990722656,-0.10287284851074219,0.06254768371582031,0.11627006530761719,-0.1289234161376953,0.17995834350585938,0.050685882568359375,0.07629585266113281,0.154571533203125,-0.20961570739746094,-0.011381149291992188,0.11873435974121094,0.018697738647460938,0.06843757629394531,-0.07987022399902344,0.0918426513671875,-0.00251007080078125,0.6691265106201172,0.03796471617275515,0.03521718457341194,0.21267127990722656,-0.20961570739746094,0.12001211196184158,0.10744767636060715,0.06530118669782169,0.03525683993384899,0.018409946986605995,558.194091796875,7.474186897277832,0.6267266273498535,14.807454109191895,1.4701049327850342,0.19502152502536774,0.7011144161224365,0.03254697322845455,0.8954124450683594,0.89056396484375,0.6225700378417969,0.7129364013671875,1.307821273803711,-0.2924823760986328,0.77655029296875,1.272857666015625,-0.1554737091064453,0.061036495696332564,0.061038341378805885,0.052766841515561644,0.030616027430483618,0.061290812671632514,-0.01502753236240085,0.03664785686292074,0.05963691051741211,-0.00593814132805209,0.45910072326660156,0.18588638305664062,0.5680427551269531,0.6216907501220703,0.26709938049316406,0.4833946228027344,0.5144710540771484,0.2691059112548828,0.5845718383789062,0.6700839996337891,0.7696297963460287,1.307821273803711,-0.2924823760986328,1.307821273803711,0.5582268559686422,1.6003036499023438,1.6992861542263464,0.5018417651898955,0.03800751248696624,0.04266655108484467,0.061290812671632514,-0.01502753236240085,0.061290812671632514,0.029767753218217455,0.07631834503403337,1.436506976734135,0.47751599401335576,0.43926260206434464,0.43926260206434464,0.6216907501220703,0.18588638305664062,0.6216907501220703,0.15881184283374736,0.4358043670654297,1.4153054073971654,0.44880906490948186
T0195,healthy,0,2013-10-07,29.431406021118164,34.18000030517578,23.989999771118164,1.9506003856658936,3.8048417568206787,30.79193115234375,35.119998931884766,23.780000686645508,2.3124916553497314,5.347617149353027,29.431406021118164,29.678550720214844,29.889450073242188,29.98746109008789,30.102272033691406,30.14924430847168,30.331985473632812,30.34440803527832,30.288667678833008,30.360401153564453,30.467390060424805,30.5251522064209,30.70134162902832,30.634313583374023,30.653047561645508,30.679410934448242,30.689659118652344,30.786481857299805,30.8381290435791,30.79193115234375,1.9506003856658936,2.0114200115203857,2.06640625,2.140207052230835,2.164105176925659,2.246159553527832,2.264421224594116,2.253828525543213,2.314431667327881,2.3006861209869385,2.246506929397583,2.237553596496582,2.22192645072937,2.261821746826172,2.282026767730713,2.308220148086548,2.3282110691070557,2.2877042293548584,2.260329246520996,2.3124916553497314,2.2229530811309814,2.3282110691070557,1.9506003856658936,0.2471446990966797,0.21089935302734375,0.09801101684570312,0.11481094360351562,0.04697227478027344,0.1827411651611328,0.012422561645507812,-0.0557403564453125,0.07173347473144531,0.10698890686035156,0.05776214599609375,0.17618942260742188,-0.06702804565429688,0.018733978271484375,0.026363372802734375,0.010248184204101562,0.09682273864746094,0.051647186279296875,-0.04619789123535156,1.360525131225586,0.06296768762115222,0.0716065838932991,0.2471446990966797,-0.06702804565429688,0.0860164687037468,0.0893925130367279,0.14166761125836952,0.05615960984002772,0.03621128627231991,577.2190551757812,18.022319793701172,0.5231558680534363,10.616498947143555,0.8048306107521057,0.10224660485982895,0.3618912696838379,0.013771776328409454,0.6733245849609375,1.446249008178711,1.8717021942138672,0.32430267333984375,1.37738037109375,2.036558151245117,0.5349006652832031,1.8541145324707031,2.117067337036133,0.05782343928975198,0.06299069053248252,0.06864069314827473,0.04809707268736421,0.05966288057484921,0.05860688919411501,0.05969583611739276,0.0818441706492486,0.06931198808483606,0.3281421661376953,0.2520465850830078,0.5800342559814453,0.2587566375732422,0.2939739227294922,0.85772705078125,0.31998443603515625,0.32741355895996094,0.701202392578125,1.3595110575358074,1.3595110575358074,2.117067337036133,0.32430267333984375,2.117067337036133,0.6864391814769492,1.792764663696289,1.5572269969625478,0.4924423743024814,0.06296374003092389,0.06296374003092389,0.0818441706492486,0.04809707268736421,0.0818441706492486,0.00946702794359385,0.03374709796188438,1.299861755518879,0.3878720036073121,0.4354756673177083,0.4354756673177083,0.85772705078125,0.2520465850830078,0.85772705078125,0.22114441564201648,0.6056804656982422,1.9696325086727666,0.5457541040526315
T0196,healthy,0,2013-10-07,29.127424240112305,33.290000915527344,23.479999542236328,2.2588064670562744,5.102206230163574,29.616382598876953,34.31999969482422,23.469999313354492,2.6444590091705322,6.993163108825684,29.127424240112305,29.332027435302734,29.441696166992188,29.50185203552246,29.479284286499023,29.41463851928711,29.573577880859375,29.457956314086914,29.421018600463867,29.60403060913086,29.56907844543457,29.433059692382812,29.505144119262695,29.5320987701416,29.585342407226562,29.55290412902832,29.56485939025879,29.629730224609375,29.63516616821289,29.616382598876953,2.2588064670562744,2.3314783573150635,2.3579320907592773,2.4105310440063477,2.4083003997802734,2.467833995819092,2.4576146602630615,2.510000467300415,2.539118766784668,2.5319528579711914,2.549945592880249,2.5819661617279053,2.556591749191284,2.602073907852173,2.5820536613464355,2.619601249694824,2.6309475898742676,2.6235408782958984,2.622144937515259,2.6444590091705322,2.5143446922302246,2.6444590091705322,2.2588064670562744,0.2046031951904297,0.10966873168945312,0.06015586853027344,-0.0225677490234375,-0.06464576721191406,0.15893936157226562,-0.11562156677246094,-0.036937713623046875,0.1830120086669922,-0.03495216369628906,-0.1360187530517578,0.07208442687988281,0.02695465087890625,0.05324363708496094,-0.03243827819824219,0.01195526123046875,0.06487083435058594,0.005435943603515625,-0.0187835693359375,0.48895835876464844,0.015320363439114712,0.02573464997112751,0.2046031951904297,-0.1360187530517578,0.0910082757472992,0.0743626058101654,0.055371366228374574,-0.0006338528224405552,0.013338797433036476,560.6053466796875,7.184308052062988,0.27626273036003113,9.223784446716309,0.7293663620948792,0.10876743495464325,0.3856525421142578,0.01794080411581165,0.3054332733154297,1.071207046508789,0.5245609283447266,-0.06599044799804688,0.8147029876708984,0.48847389221191406,-0.010007858276367188,0.7838306427001953,0.4882240295410156,0.000428757631689144,0.04645678154507875,0.03007197702737583,-0.020849100270665662,0.03388407140746109,0.02438336279159109,-0.02378294951933755,0.027729167794821895,0.019431389543346382,0.24893951416015625,0.28034019470214844,0.4416027069091797,0.19464683532714844,0.21375465393066406,0.6639595031738281,0.2601737976074219,0.2551746368408203,0.6800727844238281,0.4889371660020616,0.5058256785074869,1.071207046508789,-0.06599044799804688,1.071207046508789,0.374826292301659,1.137197494506836,2.1177395115490136,0.5864428496598355,0.015305939772373442,0.02522417305904082,0.04645678154507875,-0.02378294951933755,0.04645678154507875,0.02460633060925524,0.0702397310644163,1.8417556452210953,0.48636249247389085,0.35985162523057723,0.35985162523057723,0.6800727844238281,0.19464683532714844,0.6800727844238281,0.19034832688806233,0.4854259490966797,1.8898699292781236,0.5513491499136585
T0197,healthy,0,2013-10-07,29.916032791137695,34.599998474121094,23.280000686645508,2.783989191055298,7.750595569610596,30.51154899597168,35.150001525878906,23.469999313354492,2.986288070678711,8.917916297912598,29.916032791137695,30.159465789794922,30.182796478271484,30.241334915161133,30.232648849487305,30.16836929321289,30.12320899963379,30.09581756591797,30.268024444580078,30.290992736816406,30.317575454711914,30.379667282104492,30.368648529052734,30.42569923400879,30.428903579711914,30.427135467529297,30.407787322998047,30.446136474609375,30.459550857543945,30.51154899597168,2.783989191055298,2.8269991874694824,2.852959632873535,2.8567590713500977,2.9012107849121094,2.9185967445373535,2.9516501426696777,2.9768171310424805,2.962639331817627,2.9742119312286377,2.9648189544677734,2.9550092220306396,2.9852705001831055,2.971205234527588,3.0024542808532715,3.0017449855804443,3.0041298866271973,2.99249005317688,3.0059473514556885,2.986288070678711,2.9437594413757324,3.0059473514556885,2.783989191055298,0.24343299865722656,0.0233306884765625,0.05853843688964844,-0.008686065673828125,-0.06427955627441406,-0.04516029357910156,-0.027391433715820312,0.17220687866210938,0.022968292236328125,0.026582717895507812,0.062091827392578125,-0.011018753051757812,0.05705070495605469,0.003204345703125,-0.0017681121826171875,-0.01934814453125,0.038349151611328125,0.013414382934570312,0.051998138427734375,0.5955162048339844,0.0232011235746216,0.03134295716881752,0.24343299865722656,-0.06427955627441406,0.07049660384654999,0.05004320666193962,0.04399343218122335,0.04575116293770662,0.0156806400844029,575.6375122070312,7.232931137084961,0.14563225209712982,4.093697547912598,0.35817185044288635,0.06379842013120651,0.20229887962341309,0.00970078016582278,0.6910648345947266,0.8922615051269531,0.07764625549316406,0.7189407348632812,0.8004398345947266,0.3416004180908203,0.8833503723144531,0.7174587249755859,0.2421894073486328,0.021279712189408585,0.03830378109351046,-0.00297768098071148,0.030745025864221107,0.0338948830626058,0.011209703029545694,0.041995824369272135,0.02860753769264985,0.006012073316071604,0.32988739013671875,0.2177448272705078,0.21754074096679688,0.28067588806152344,0.2542228698730469,0.2317066192626953,0.2923297882080078,0.34429168701171875,0.20976829528808594,0.5961057874891493,0.5961057874891493,0.8922615051269531,0.07764625549316406,0.8922615051269531,0.29783223408271364,0.8146152496337891,1.4968173584038906,0.4801630406510864,0.02323009551517486,0.02389180239977741,0.041995824369272135,-0.00297768098071148,0.041995824369272135,0.015451937581692244,0.044973505349983615,1.7577496284737022,0.5310723611567598,0.26424090067545575,0.26424090067545575,0.34429168701171875,0.20976829528808594,0.34429168701171875,0.05030603752237607,0.1345233917236328,1.3029461869913945,0.40640897454715424
T0199,healthy,0,2013-10-07,27.959375381469727,33.189998626708984,23.709999084472656,2.403230667114258,5.775517463684082,28.959514617919922,34.790000915527344,23.530000686645508,3.217827320098877,10.354412078857422,27.959375381469727,28.170166015625,28.25765609741211,28.398664474487305,28.3513126373291,28.326175689697266,28.366437911987305,28.316755294799805,28.296913146972656,28.509567260742188,28.557676315307617,28.633808135986328,28.64519500732422,28.65972328186035,28.604095458984375,28.690176010131836,28.867734909057617,28.8741512298584,28.89539337158203,28.959514617919922,2.403230667114258,2.588367462158203,2.6718554496765137,2.7394890785217285,2.791287422180176,2.8305346965789795,2.876938581466675,2.9110045433044434,2.955667495727539,2.9743404388427734,2.9990341663360596,3.0196361541748047,3.0592095851898193,3.09279465675354,3.1283698081970215,3.1568851470947266,3.1719322204589844,3.197256565093994,3.209923267364502,3.217827320098877,2.9497792720794678,3.217827320098877,2.403230667114258,0.21079063415527344,0.08749008178710938,0.1410083770751953,-0.047351837158203125,-0.025136947631835938,0.04026222229003906,-0.0496826171875,-0.019842147827148438,0.21265411376953125,0.04810905456542969,0.07613182067871094,0.011386871337890625,0.014528274536132812,-0.05562782287597656,0.08608055114746094,0.17755889892578125,0.00641632080078125,0.021242141723632812,0.06412124633789062,1.0001392364501953,0.0433530965245753,0.052638906985521317,0.21265411376953125,-0.05562782287597656,0.08175379037857056,0.07344326376914978,0.07195570809500436,0.056595121111187544,0.06854754856654535,541.8810424804688,10.652915000915527,0.39180266857147217,11.140298843383789,0.8771389722824097,0.21934300661087036,0.8145966529846191,0.03662952713500281,0.9689178466796875,1.7350215911865234,0.6753158569335938,1.1013126373291016,1.8524532318115234,0.11386299133300781,1.3098564147949219,1.7037601470947266,-0.44673728942871094,0.0533854391341815,0.07895362251683222,0.019312153005957927,0.055618339194390486,0.07999189706673233,-0.006168834428142295,0.06025382020419607,0.07194488209889276,-0.02245866158851202,0.4607105255126953,0.38193511962890625,0.6049537658691406,0.40863609313964844,0.4433612823486328,0.25533103942871094,0.38196372985839844,0.4707679748535156,0.17105484008789062,1.0015292697482638,1.1008042229546442,1.8524532318115234,-0.44673728942871094,1.8524532318115234,0.7788725242794996,2.2991905212402344,1.6828180491633784,0.5340777077558311,0.04342585080050323,0.04978751658198196,0.07999189706673233,-0.02245866158851202,0.07999189706673233,0.037625683337858706,0.10245055865524436,1.6066654151821491,0.5152795372119465,0.39763493008083767,0.39763493008083767,0.6049537658691406,0.17105484008789062,0.6049537658691406,0.1257979543605395,0.43389892578125,1.5213798006436654,0.4293251997168326
T0200,healthy,0,2013-10-07,28.572471618652344,33.959999084472656,23.34000015258789,2.547447443008423,6.4894890785217285,29.43646812438965,34.56999969482422,23.40999984741211,2.9842822551727295,8.905941009521484,28.572471618652344,28.702959060668945,28.721019744873047,28.948652267456055,29.06412124633789,29.113121032714844,29.157245635986328,29.17375373840332,29.239215850830078,29.239667892456055,29.245189666748047,29.328285217285156,29.344200134277344,29.385549545288086,29.250381469726562,29.351940155029297,29.339027404785156,29.391897201538086,29.46533203125,29.43646812438965,2.547447443008423,2.66900372505188,2.7619173526763916,2.767756938934326,2.7969858646392822,2.834531545639038,2.8585293292999268,2.878537893295288,2.8814709186553955,2.896921396255493,2.9153358936309814,2.926725149154663,2.9330506324768066,2.9379189014434814,2.9657020568847656,2.96883225440979,3.0060226917266846,2.983285427093506,2.9815845489501953,2.9842822551727295,2.8747920989990234,3.0060226917266846,2.547447443008423,0.13048744201660156,0.018060684204101562,0.2276325225830078,0.11546897888183594,0.048999786376953125,0.044124603271484375,0.016508102416992188,0.06546211242675781,0.0004520416259765625,0.0055217742919921875,0.08309555053710938,0.0159149169921875,0.04134941101074219,-0.13516807556152344,0.10155868530273438,-0.012912750244140625,0.05286979675292969,0.07343482971191406,-0.028863906860351562,0.8639965057373047,0.03882613074510628,0.045473501086235046,0.2276325225830078,-0.13516807556152344,0.07210758328437805,0.0640992596745491,0.11469617571149575,0.03241772878737498,0.037813677106585314,554.466064453125,11.589068412780762,0.336540162563324,12.331311225891113,0.809149980545044,0.1147608831524849,0.43683481216430664,0.018109040690543872,1.2372550964355469,1.1296348571777344,0.626861572265625,0.7451515197753906,1.1593055725097656,0.42113304138183594,0.9357852935791016,1.287740707397461,0.23926353454589844,0.06812819574112304,0.055670275006973774,0.016168983000561618,0.04949679410547241,0.05331091199602314,0.006794229665196772,0.046971315369569826,0.05110879195363876,0.0022154843896847434,0.4500999450683594,0.26164817810058594,0.25439453125,0.3096199035644531,0.2217731475830078,0.19416236877441406,0.20687294006347656,0.36257171630859375,0.3499431610107422,0.8646812438964844,0.8646812438964844,1.287740707397461,0.23926353454589844,1.287740707397461,0.37725623812317577,1.0484771728515625,1.489266364448816,0.47343089948718103,0.038873886803138226,0.038873886803138226,0.06812819574112304,0.0022154843896847434,0.06812819574112304,0.023882325797061774,0.0659127113514383,1.7525435148972037,0.5062220776144413,0.2901206546359592,0.2901206546359592,0.4500999450683594,0.19416236877441406,0.4500999450683594,0.0849250234192707,0.2559375762939453,1.551423252229002,0.44526103933242056
T0201,healthy,0,2013-10-28,28.910961151123047,33.650001525878906,23.3700008392334,2.1430258750915527,4.592560291290283,29.596181869506836,34.439998626708984,23.510000228881836,2.525921583175659,6.380280017852783,28.910961151123047,29.24932861328125,29.437301635742188,29.495182037353516,29.61884117126465,29.664867401123047,29.680082321166992,29.603544235229492,29.786771774291992,29.87467384338379,29.911924362182617,29.962770462036133,29.954378128051758,29.95111083984375,30.00373649597168,29.884931564331055,29.61102867126465,29.618633270263672,29.541608810424805,29.596181869506836,2.1430258750915527,2.243190288543701,2.285682439804077,2.3238561153411865,2.354020595550537,2.367802619934082,2.4046690464019775,2.440582752227783,2.4147050380706787,2.42006516456604,2.3901100158691406,2.3843486309051514,2.40946626663208,2.4138927459716797,2.4085257053375244,2.4541304111480713,2.4817452430725098,2.5185818672180176,2.51887845993042,2.525921583175659,2.39516019821167,2.525921583175659,2.1430258750915527,0.3383674621582031,0.1879730224609375,0.057880401611328125,0.12365913391113281,0.04602622985839844,0.015214920043945312,-0.0765380859375,0.1832275390625,0.08790206909179688,0.037250518798828125,0.050846099853515625,-0.008392333984375,-0.0032672882080078125,0.05262565612792969,-0.118804931640625,-0.27390289306640625,0.0076045989990234375,-0.07702445983886719,0.05457305908203125,0.6852207183837891,0.024366443318531224,0.03606424853205681,0.3383674621582031,-0.27390289306640625,0.12527716159820557,0.09479372203350067,0.14102712358747288,0.050197805677141286,-0.08743247985839854,564.1043090820312,14.796025276184082,0.24340909719467163,9.742216110229492,0.49448153376579285,0.09187538176774979,0.38289570808410645,0.014107851336773178,0.7507209777832031,0.9436683654785156,0.5970859527587891,0.7423229217529297,0.8824710845947266,0.5188674926757812,0.6007671356201172,0.8375263214111328,0.29659080505371094,0.018770782929613705,0.02878585327836796,0.03689900305038045,0.019979063908855624,0.031206085090349948,0.023759480526572254,0.015816770281110375,0.029073989122433305,0.014996175837695296,0.47374725341796875,0.5393028259277344,0.3399810791015625,0.36797332763671875,0.3597736358642578,0.2294445037841797,0.2714557647705078,0.3909015655517578,0.2514934539794922,0.6855578952365451,0.6855578952365451,0.9436683654785156,0.29659080505371094,0.9436683654785156,0.2031183651782257,0.6470775604248047,1.376496949813323,0.43171096865052644,0.024365244891708767,0.024365244891708767,0.03689900305038045,0.014996175837695296,0.03689900305038045,0.00756113128750136,0.021902827212685154,1.5144107137141742,0.44315888500419737,0.3582303788926866,0.3582303788926866,0.5393028259277344,0.2294445037841797,0.5393028259277344,0.10194210113569317,0.3098583221435547,1.50546364197285,0.4354589557959189
T0206,healthy,0,2013-10-18,29.2919921875,33.58000183105469,23.8700008392334,2.065476894378662,4.266194820404053,30.145790100097656,34.599998474121094,23.93000030517578,2.3806841373443604,5.667657375335693,29.2919921875,29.50025749206543,29.747867584228516,29.84701156616211,29.890565872192383,29.994611740112305,30.010147094726562,30.009944915771484,30.05419921875,30.08066749572754,30.117450714111328,30.156511306762695,30.126976013183594,30.109756469726562,30.12369728088379,30.18903350830078,30.210853576660156,30.164134979248047,30.14973258972168,30.145790100097656,2.065476894378662,2.153280735015869,2.167300224304199,2.2261743545532227,2.2654507160186768,2.2582385540008545,2.3009302616119385,2.3268344402313232,2.3137011528015137,2.321971893310547,2.3332064151763916,2.3300368785858154,2.3329005241394043,2.3659796714782715,2.381524085998535,2.353909969329834,2.3435044288635254,2.371335744857788,2.3892276287078857,2.3806841373443604,2.2990834712982178,2.3892276287078857,2.065476894378662,0.2082653045654297,0.24761009216308594,0.09914398193359375,0.04355430603027344,0.10404586791992188,0.015535354614257812,-0.000202178955078125,0.044254302978515625,0.026468276977539062,0.03678321838378906,0.03906059265136719,-0.029535293579101562,-0.01721954345703125,0.013940811157226562,0.06533622741699219,0.021820068359375,-0.046718597412109375,-0.014402389526367188,-0.0039424896240234375,0.8537979125976562,0.03331447257135067,0.044936731457710266,0.24761009216308594,-0.046718597412109375,0.07368611544370651,0.056728363037109375,0.1366619110107434,0.01935881660097939,-0.001547350202288618,570.2023315429688,13.654458999633789,0.2632639706134796,9.072595596313477,0.7205933928489685,0.08436392992734909,0.31520724296569824,0.012943156500507962,1.2133331298828125,1.2754955291748047,1.0007076263427734,0.7995166778564453,1.0574378967285156,0.6748237609863281,0.4884223937988281,0.91766357421875,0.2597484588623047,0.05299075133818376,0.05234823585452874,0.03871335768161858,0.04031657312149336,0.04532236084902094,0.014571435110909126,0.027327098703025122,0.03411122372275792,-0.0056255354917145095,0.35383033752441406,0.31141090393066406,0.26810264587402344,0.2996826171875,0.25082969665527344,0.3017692565917969,0.24825477600097656,0.2735137939453125,0.2374248504638672,0.8541276719835069,0.8541276719835069,1.2754955291748047,0.2597484588623047,1.2754955291748047,0.3345885955353335,1.0157470703125,1.493331215085749,0.46132402651461774,0.03334172232109145,0.03459184131925023,0.05299075133818376,-0.0056255354917145095,0.05299075133818376,0.018960186248950395,0.05861628682989827,1.5318853810144186,0.4839334538515925,0.28275765313042533,0.28275765313042533,0.35383033752441406,0.2374248504638672,0.35383033752441406,0.0372245799602026,0.11640548706054688,1.2513554313865072,0.3799918738974802
T0208,healthy,0,2013-10-28,29.135969161987305,34.58000183105469,23.420000076293945,2.2621469497680664,5.117309093475342,29.402339935302734,34.060001373291016,23.3700008392334,2.2098336219787598,4.883365154266357,29.135969161987305,29.33243179321289,29.34649658203125,29.377607345581055,29.425630569458008,29.497793197631836,29.459033966064453,29.477603912353516,29.420764923095703,29.606117248535156,29.408802032470703,29.51304054260254,29.548412322998047,29.542112350463867,29.419986724853516,29.363677978515625,29.387815475463867,29.41512680053711,29.378381729125977,29.402339935302734,2.2621469497680664,2.2470948696136475,2.273524284362793,2.2445950508117676,2.2404232025146484,2.198655843734741,2.210097312927246,2.2149603366851807,2.221416473388672,2.221475601196289,2.3055880069732666,2.2847421169281006,2.2453761100769043,2.234250068664551,2.3094334602355957,2.2929468154907227,2.277747869491577,2.223639488220215,2.1869447231292725,2.2098336219787598,2.2452445030212402,2.3094334602355957,2.1869447231292725,0.19646263122558594,0.014064788818359375,0.031110763549804688,0.048023223876953125,0.07216262817382812,-0.03875923156738281,0.0185699462890625,-0.0568389892578125,0.18535232543945312,-0.19731521606445312,0.10423851013183594,0.03537178039550781,-0.0062999725341796875,-0.12212562561035156,-0.056308746337890625,0.024137496948242188,0.027311325073242188,-0.03674507141113281,0.023958206176757812,0.2663707733154297,0.0049907655644224015,0.014019514434039593,0.19646263122558594,-0.19731521606445312,0.0904386043548584,0.06816612929105759,0.060566493443078906,0.012084552219934553,-0.000480324881416926,559.1900024414062,5.606575965881348,0.290401428937912,9.939529418945312,0.7873511910438538,0.03497305512428284,-0.05231332778930664,-0.0001231543103555681,0.2093372344970703,0.526092529296875,0.5079250335693359,-0.0022830963134765625,0.2711772918701172,0.6727218627929688,-0.11516761779785156,0.3674812316894531,-0.04152679443359375,0.006668736163834724,0.01346312644786251,0.008912219857810797,0.0011345841830824998,0.010029088644156189,0.00897850093984851,-3.177241275290892e-05,0.01546542088788178,-0.019623438039221237,0.1650867462158203,0.27373504638671875,0.4121284484863281,0.1938457489013672,0.19554519653320312,0.5458889007568359,0.19350242614746094,0.24406814575195312,0.2826194763183594,0.26619529724121094,0.3015236324734158,0.6727218627929688,-0.11516761779785156,0.6727218627929688,0.2777074431210916,0.7878894805908203,2.2310750071688994,0.6289315093072777,0.0049996074080558735,0.009367431952939018,0.01546542088788178,-0.019623438039221237,0.019623438039221237,0.010529326682462571,0.03508885892710302,2.0948555793360875,0.5758957661908699,0.27849112616644967,0.27849112616644967,0.5458889007568359,0.1650867462158203,0.5458889007568359,0.12485672217644053,0.3808021545410156,1.9601661592222703,0.49498358357433264
T0211,healthy,0,2013-11-08,28.85416030883789,34.310001373291016,23.049999237060547,2.7860777378082275,7.762228965759277,29.67266273498535,35.0,22.860000610351562,3.1460161209106445,9.897417068481445,28.85416030883789,29.107744216918945,29.271751403808594,29.318498611450195,29.37605857849121,29.55431365966797,29.639934539794922,29.62310791015625,29.663818359375,29.73839569091797,29.644895553588867,29.71839141845703,29.71112060546875,29.685726165771484,29.68895149230957,29.73541259765625,29.723859786987305,29.687959671020508,29.648635864257812,29.67266273498535,2.7860777378082275,2.9335639476776123,2.9910924434661865,3.046813488006592,3.0672607421875,3.0199031829833984,3.021965742111206,3.060513973236084,3.0495309829711914,3.0766398906707764,3.095811367034912,3.1025729179382324,3.105632781982422,3.103773593902588,3.1203551292419434,3.1171536445617676,3.1251142024993896,3.1336722373962402,3.1518428325653076,3.1460161209106445,3.06276535987854,3.1518428325653076,2.7860777378082275,0.2535839080810547,0.16400718688964844,0.04674720764160156,0.057559967041015625,0.1782550811767578,0.08562088012695312,-0.016826629638671875,0.04071044921875,0.07457733154296875,-0.09350013732910156,0.07349586486816406,-0.00727081298828125,-0.025394439697265625,0.0032253265380859375,0.04646110534667969,-0.011552810668945312,-0.035900115966796875,-0.03932380676269531,0.024026870727539062,0.8185024261474609,0.031770663153856245,0.04307907447218895,0.2535839080810547,-0.09350013732910156,0.08227232843637466,0.06726525723934174,0.12435591561453645,0.00989076069422994,-0.010790688650950394,561.802001953125,13.572941780090332,0.3228001892566681,17.177410125732422,1.2100343704223633,0.08330261707305908,0.359938383102417,0.012132039285243902,0.6287708282470703,1.2425613403320312,0.3847064971923828,0.8071880340576172,0.8094310760498047,0.9612445831298828,0.6600818634033203,0.9972305297851562,0.8764705657958984,0.0300092152186797,0.04880373818533687,0.01497764300582948,0.030561953379695108,0.030164114873211526,0.03543356271614626,0.025667381286620057,0.03110372500312041,0.039242007320088944,0.6730213165283203,0.33316802978515625,0.49187660217285156,0.29739952087402344,0.2998828887939453,0.2823314666748047,0.2598590850830078,0.4531822204589844,0.2150859832763672,0.8186317019992404,0.8186317019992404,1.2425613403320312,0.3847064971923828,1.2425613403320312,0.2462187905843012,0.8578548431396484,1.517851461309117,0.4344697568834661,0.031773704554303145,0.031773704554303145,0.04880373818533687,0.01497764300582948,0.04880373818533687,0.009261536291938348,0.03382609517950739,1.5359783667071223,0.4318011654103158,0.36731190151638454,0.36731190151638454,0.6730213165283203,0.2150859832763672,0.6730213165283203,0.1452967014860576,0.4579353332519531,1.832288296205442,0.4894659847471223
T0212,healthy,0,2013-11-08,28.530426025390625,33.619998931884766,22.829999923706055,2.5637972354888916,6.573056221008301,29.688535690307617,34.599998474121094,22.690000534057617,3.2543535232543945,10.59081745147705,28.530426025390625,28.902103424072266,29.0584659576416,29.127092361450195,29.229801177978516,29.368186950683594,29.38070297241211,29.460582733154297,29.486465454101562,29.440656661987305,29.522626876831055,29.5200252532959,29.538671493530273,29.61708641052246,29.601301193237305,29.655254364013672,29.730764389038086,29.694602966308594,29.72458267211914,29.688535690307617,2.5637972354888916,2.702251672744751,2.8188998699188232,2.874391555786133,2.907477855682373,2.928868532180786,2.963995933532715,2.9612784385681152,3.022966146469116,3.0701169967651367,3.081350088119507,3.1144118309020996,3.1468358039855957,3.1326687335968018,3.1648786067962646,3.158108711242676,3.1420860290527344,3.1975760459899902,3.1986966133117676,3.2543535232543945,3.0202503204345703,3.2543535232543945,2.5637972354888916,0.3716773986816406,0.15636253356933594,0.06862640380859375,0.10270881652832031,0.13838577270507812,0.012516021728515625,0.0798797607421875,0.025882720947265625,-0.04580879211425781,0.08197021484375,-0.00260162353515625,0.018646240234375,0.0784149169921875,-0.01578521728515625,0.05395317077636719,0.07551002502441406,-0.03616142272949219,0.029979705810546875,-0.03604698181152344,1.1581096649169922,0.04690361883407212,0.06095314025878906,0.3716773986816406,-0.04580879211425781,0.09214067459106445,0.07531145960092545,0.1497292654854904,0.026521160489035713,0.01737131391252828,559.1683959960938,17.09035873413086,0.9014683961868286,12.396722793579102,2.018178701400757,0.17544420063495636,0.6905562877655029,0.02856797060572109,0.5668888092041016,1.7341060638427734,1.4737834930419922,-0.22511863708496094,1.419485092163086,2.0682125091552734,-0.03857612609863281,1.4588375091552734,1.9558982849121094,0.006271514318938751,0.07274251091749112,0.07073830626064602,-0.02754268359420875,0.05565234879801989,0.10949159206304232,-0.020915157633617166,0.0524502761381907,0.10257614537289264,0.47382164001464844,0.4534015655517578,0.38980865478515625,0.2802619934082031,0.38785552978515625,0.38777923583984375,0.3569774627685547,0.5186824798583984,0.41335105895996094,1.1570574442545574,1.2156562805175781,2.0682125091552734,-0.22511863708496094,2.0682125091552734,0.8477794222617729,2.2933311462402344,1.7013135417369583,0.52630162223482,0.04682942807126617,0.05759783723300527,0.10949159206304232,-0.02754268359420875,0.10949159206304232,0.05018999865747786,0.13703427565725107,1.9009667430816823,0.5494231044108839,0.4068821801079644,0.4068821801079644,0.5186824798583984,0.2802619934082031,0.5186824798583984,0.06957701811152353,0.2384204864501953,1.2747731222169452,0.3948469475563528
T0216,healthy,0,2013-11-11,27.573713302612305,33.38999938964844,22.360000610351562,2.5170984268188477,6.335783958435059,28.6245174407959,35.02000045776367,23.18000030517578,2.846771717071533,8.104108810424805,27.573713302612305,28.01637077331543,28.16119384765625,28.176422119140625,28.285327911376953,28.32176399230957,28.356735229492188,28.37376594543457,28.370140075683594,28.421018600463867,28.460039138793945,28.56220054626465,28.529325485229492,28.514436721801758,28.43514633178711,28.434947967529297,28.601978302001953,28.61892318725586,28.588531494140625,28.6245174407959,2.5170984268188477,2.6386501789093018,2.704591989517212,2.74645733833313,2.758937120437622,2.7736451625823975,2.792229413986206,2.8052470684051514,2.8307368755340576,2.83300518989563,2.8332672119140625,2.8370602130889893,2.8459808826446533,2.8579390048980713,2.859466075897217,2.873565196990967,2.85514235496521,2.863293170928955,2.8470189571380615,2.846771717071533,2.7960047721862793,2.873565196990967,2.5170984268188477,0.442657470703125,0.1448230743408203,0.015228271484375,0.10890579223632812,0.03643608093261719,0.03497123718261719,0.017030715942382812,-0.0036258697509765625,0.05087852478027344,0.039020538330078125,0.10216140747070312,-0.03287506103515625,-0.014888763427734375,-0.07929039001464844,-0.0001983642578125,0.16703033447265625,0.01694488525390625,-0.030391693115234375,0.03598594665527344,1.0508041381835938,0.03552883693150042,0.05530548095703125,0.442657470703125,-0.07929039001464844,0.10913362354040146,0.07228128612041473,0.13035294669015207,0.02972512018112659,0.04070145743233984,539.3273315429688,15.426830291748047,0.28022775053977966,11.338028907775879,0.6478438377380371,0.08676537871360779,0.32967329025268555,0.01226740600471202,1.3101577758789062,1.6686878204345703,1.1452388763427734,0.7792320251464844,1.303201675415039,0.5523681640625,0.9383010864257812,1.3234386444091797,0.4414043426513672,0.03614314516684172,0.06586314036433784,0.04756076353833133,0.0211347020658339,0.04267682957469932,0.02085447096286804,0.026897837703388675,0.04189466605509069,0.01683459604593132,0.5890293121337891,0.49150657653808594,0.4573631286621094,0.476165771484375,0.5111732482910156,0.29723548889160156,0.49268150329589844,0.5655021667480469,0.3512287139892578,1.0513367123074002,1.0513367123074002,1.6686878204345703,0.4414043426513672,1.6686878204345703,0.40345521627942593,1.2272834777832031,1.5872058732736465,0.454689326646034,0.03554001683081365,0.03554001683081365,0.06586314036433784,0.01683459604593132,0.06586314036433784,0.01582493276706873,0.04902854431840652,1.8532102037478955,0.4880280581251304,0.4702095455593533,0.4702095455593533,0.5890293121337891,0.29723548889160156,0.5890293121337891,0.09361648329214195,0.2917938232421875,1.2526953252429969,0.3936081356274836
T0217,healthy,0,2013-11-11,28.168180465698242,33.86000061035156,22.6299991607666,2.3305115699768066,5.431283950805664,28.637239456176758,34.560001373291016,22.93000030517578,2.479160785675049,6.146237850189209,28.168180465698242,28.504886627197266,28.517513275146484,28.613691329956055,28.75011444091797,28.73055076599121,28.684288024902344,28.7170352935791,28.731822967529297,28.760387420654297,28.766998291015625,28.76042938232422,28.738298416137695,28.696561813354492,28.766965866088867,28.706506729125977,28.61199951171875,28.71763038635254,28.679615020751953,28.637239456176758,2.3305115699768066,2.4101293087005615,2.427339792251587,2.4261856079101562,2.4047625064849854,2.4283788204193115,2.460404396057129,2.450202226638794,2.455477714538574,2.418497085571289,2.4411637783050537,2.466273546218872,2.4659671783447266,2.4671292304992676,2.4525463581085205,2.464304208755493,2.495425224304199,2.460204839706421,2.4758501052856445,2.479160785675049,2.443995952606201,2.495425224304199,2.3305115699768066,0.33670616149902344,0.01262664794921875,0.09617805480957031,0.13642311096191406,-0.019563674926757812,-0.04626274108886719,0.03274726867675781,0.014787673950195312,0.028564453125,0.006610870361328125,-0.00656890869140625,-0.022130966186523438,-0.041736602783203125,0.070404052734375,-0.060459136962890625,-0.09450721740722656,0.10563087463378906,-0.03801536560058594,-0.04237556457519531,0.4690589904785156,0.011274420946164095,0.02468731440603733,0.33670616149902344,-0.09450721740722656,0.09422902762889862,0.0638052299618721,0.10410608564104441,0.0033888362702871886,-0.017819322858537448,544.8580322265625,9.662576675415039,0.2408829778432846,10.539437294006348,0.702162504196167,0.03511403501033783,0.1486492156982422,0.004803081741906579,0.6050510406494141,0.9306850433349609,0.6507625579833984,0.4701423645019531,0.6187019348144531,0.436126708984375,0.08786773681640625,0.33870506286621094,0.08454704284667969,0.01823449385793569,0.03325525871793017,0.01258701525236333,0.016418277769159995,0.01878442835986961,0.007688849312918002,-0.007794867780872018,0.004649777519971439,-0.0022805880783192075,0.4116859436035156,0.43524742126464844,0.3820629119873047,0.2957115173339844,0.40714454650878906,0.26299095153808594,0.3814868927001953,0.3752098083496094,0.1531829833984375,0.4691766103108724,0.4691766103108724,0.9306850433349609,0.08454704284667969,0.9306850433349609,0.27345831221526423,0.8461380004882812,1.983656054127968,0.5210427238250397,0.011282516103439666,0.013521506294371051,0.03325525871793017,-0.007794867780872018,0.03325525871793017,0.012350606762189964,0.041050126498802186,2.459432654884585,0.5774683318981917,0.3449692196316189,0.3449692196316189,0.43524742126464844,0.1531829833984375,0.43524742126464844,0.09084309272627633,0.28206443786621094,1.2616992585960045,0.4039258628725975
T0218,healthy,0,2013-11-11,28.15570068359375,34.33000183105469,22.649999618530273,2.885883331298828,8.328322410583496,28.26214599609375,34.77000045776367,22.399999618530273,3.4197704792022705,11.694830894470215,28.15570068359375,28.207792282104492,28.2718563079834,28.232707977294922,28.334922790527344,28.28963851928711,28.254674911499023,28.38363265991211,28.245849609375,28.416969299316406,28.435497283935547,28.451322555541992,28.42938804626465,28.394359588623047,28.40495491027832,28.420637130737305,28.42282485961914,28.249027252197266,28.311901092529297,28.26214599609375,2.885883331298828,3.0132575035095215,3.116675853729248,3.1449830532073975,3.179600477218628,3.2160086631774902,3.241652488708496,3.2555432319641113,3.28521466255188,3.2636404037475586,3.2901294231414795,3.2976419925689697,3.308195114135742,3.2997138500213623,3.3321943283081055,3.339507579803467,3.3663108348846436,3.3748691082000732,3.3662302494049072,3.4197704792022705,3.2498512268066406,3.4197704792022705,2.885883331298828,0.05209159851074219,0.06406402587890625,-0.03914833068847656,0.10221481323242188,-0.045284271240234375,-0.03496360778808594,0.12895774841308594,-0.13778305053710938,0.17111968994140625,0.018527984619140625,0.015825271606445312,-0.02193450927734375,-0.03502845764160156,0.010595321655273438,0.015682220458984375,0.0021877288818359375,-0.173797607421875,0.06287384033203125,-0.049755096435546875,0.1064453125,0.007326027145958862,0.00560238491743803,0.17111968994140625,-0.173797607421875,0.0813278928399086,0.0622018501162529,0.028912353515622442,0.021922815413700048,-0.034687151227679944,538.3668823242188,3.408567428588867,0.7004854083061218,11.407584190368652,1.5508302450180054,0.1266939640045166,0.5338871479034424,0.01987418160402675,-1.6202220916748047,0.5812187194824219,1.4339637756347656,-1.6597537994384766,0.6197967529296875,1.251455307006836,-1.4709224700927734,0.4717979431152344,1.3333053588867188,-0.040821303460831564,0.028717821164237912,0.040636013862781525,-0.04793199955072703,0.02613948162336934,0.041051223582790904,-0.04629163240131623,0.01513760071948006,0.048787241770808204,0.36030006408691406,0.23125648498535156,0.48644256591796875,0.3586292266845703,0.2444171905517578,0.3809852600097656,0.31940650939941406,0.16765785217285156,0.47176170349121094,0.10451549953884548,1.1602706909179688,1.4339637756347656,-1.6597537994384766,1.6597537994384766,1.3129097454024468,3.093717575073242,1.4304884180263562,0.4549607253859097,0.007269383034510348,0.03727936868181587,0.048787241770808204,-0.04793199955072703,0.048787241770808204,0.040442847803466304,0.09671924132153523,1.3086924593677747,0.42624371518564835,0.3356507619222005,0.3356507619222005,0.48644256591796875,0.16765785217285156,0.48644256591796875,0.10733265712974148,0.3187847137451172,1.4492520399468047,0.44331445952153997
T0219,healthy,0,2013-11-11,28.144203186035156,33.90999984741211,22.110000610351562,2.095871925354004,4.392679214477539,28.639297485351562,33.86000061035156,22.450000762939453,2.2272119522094727,4.960473537445068,28.144203186035156,28.411115646362305,28.44976234436035,28.561647415161133,28.55451202392578,28.591764450073242,28.616849899291992,28.6011905670166,28.5764102935791,28.48478889465332,28.6355037689209,28.598466873168945,28.665178298950195,28.643272399902344,28.69205665588379,28.651399612426758,28.71106719970703,28.653825759887695,28.65614891052246,28.639297485351562,2.095871925354004,2.1611135005950928,2.176007032394409,2.1887452602386475,2.20147705078125,2.1854119300842285,2.2018322944641113,2.2080540657043457,2.224541187286377,2.230414390563965,2.2152183055877686,2.2390737533569336,2.216485023498535,2.2017672061920166,2.2207274436950684,2.2286956310272217,2.2205188274383545,2.2284953594207764,2.2427477836608887,2.2272119522094727,2.2057204246520996,2.2427477836608887,2.095871925354004,0.26691246032714844,0.038646697998046875,0.11188507080078125,-0.0071353912353515625,0.03725242614746094,0.02508544921875,-0.015659332275390625,-0.0247802734375,-0.09162139892578125,0.15071487426757812,-0.037036895751953125,0.06671142578125,-0.021905899047851562,0.04878425598144531,-0.04065704345703125,0.05966758728027344,-0.05724143981933594,0.002323150634765625,-0.016851425170898438,0.49509429931640625,0.01598942835528039,0.026057595387101173,0.26691246032714844,-0.09162139892578125,0.08073702454566956,0.05899329110980034,0.07942515781947608,0.008592628297350911,-0.008765411376953088,543.1466674804688,8.406850814819336,0.1778719276189804,8.726424217224121,0.5378051996231079,0.032634615898132324,0.13134002685546875,0.004339074729976727,0.5612335205078125,0.66302490234375,0.5134620666503906,0.4420204162597656,0.5904903411865234,0.3197174072265625,0.5097675323486328,0.6161270141601562,0.24190711975097656,0.021421408115472346,0.023733217913404624,0.015237858420923095,0.02043395365091187,0.020059564059837987,0.00769349578627884,0.016919259379680904,0.01737584852634468,0.0011423612895752181,0.23524856567382812,0.2884330749511719,0.29164886474609375,0.23531532287597656,0.303955078125,0.1964569091796875,0.2962474822998047,0.40328216552734375,0.212493896484375,0.4953055911593967,0.4953055911593967,0.66302490234375,0.24190711975097656,0.66302490234375,0.13899385011765525,0.42111778259277344,1.3386178165394473,0.4194138565647675,0.016001885238047728,0.016001885238047728,0.023733217913404624,0.0011423612895752181,0.023733217913404624,0.007231879040584702,0.022590856623829404,1.4831504368916324,0.4554225549042265,0.27367570665147567,0.27367570665147567,0.40328216552734375,0.1964569091796875,0.40328216552734375,0.06266886656421894,0.20682525634765625,1.4735767223400427,0.4074103024894582
T0220,healthy,0,2013-11-18,25.568464279174805,31.920000076293945,21.110000610351562,1.8548723459243774,3.440551280975342,26.265884399414062,32.95000076293945,21.84000015258789,2.1015915870666504,4.416687488555908,25.568464279174805,25.78048324584961,25.901321411132812,25.9426326751709,26.011295318603516,26.03496551513672,26.025100708007812,26.049381256103516,26.11967658996582,26.10296630859375,26.10323143005371,26.080595016479492,26.137168884277344,26.15280532836914,26.117353439331055,26.227741241455078,26.251441955566406,26.273544311523438,26.28167152404785,26.265884399414062,1.8548723459243774,1.9315462112426758,1.9515774250030518,1.9772344827651978,1.9832215309143066,2.0128531455993652,2.0281801223754883,2.04059100151062,2.0319907665252686,2.0510098934173584,2.053640127182007,2.069890022277832,2.062627077102661,2.075808048248291,2.0929789543151855,2.081524133682251,2.081685781478882,2.0960633754730225,2.10056471824646,2.1015915870666504,2.0339722633361816,2.1015915870666504,1.8548723459243774,0.2120189666748047,0.12083816528320312,0.04131126403808594,0.06866264343261719,0.023670196533203125,-0.00986480712890625,0.024280548095703125,0.07029533386230469,-0.016710281372070312,0.0002651214599609375,-0.02263641357421875,0.05657386779785156,0.015636444091796875,-0.03545188903808594,0.11038780212402344,0.023700714111328125,0.02210235595703125,0.008127212524414062,-0.015787124633789062,0.6974201202392578,0.02684761993867061,0.03670632094144821,0.2120189666748047,-0.03545188903808594,0.05876293033361435,0.04728006199002266,0.08760724748883886,0.014474891480945171,0.02647280011858364,495.5105285644531,9.709729194641113,0.17110759019851685,8.10256290435791,0.4461263418197632,0.0636785700917244,0.24671924114227295,0.010111654969982621,0.7134571075439453,1.040985107421875,0.8875770568847656,0.37920570373535156,0.7415904998779297,0.5510520935058594,0.5035495758056641,0.9568252563476562,0.5032577514648438,0.01912432505672102,0.04572658682227986,0.042019684870439944,0.00856308757810569,0.028362368820304174,0.02564612797328351,0.016607367723507047,0.03299474787891249,0.02253831132013888,0.24758338928222656,0.32279396057128906,0.2697772979736328,0.14212417602539062,0.259613037109375,0.16007041931152344,0.15091323852539062,0.33571815490722656,0.19163894653320312,0.69750001695421,0.69750001695421,1.040985107421875,0.37920570373535156,1.040985107421875,0.2295823825795715,0.6617794036865234,1.4924517092387355,0.4596395612779722,0.026842512004854737,0.026842512004854737,0.04572658682227986,0.00856308757810569,0.04572658682227986,0.011966297739779206,0.03716349924417417,1.7035130608819005,0.49979183332550475,0.23113695780436197,0.23113695780436197,0.33571815490722656,0.14212417602539062,0.33571815490722656,0.0732140246774276,0.19359397888183594,1.4524641302354706,0.4462430787586393
T0221,healthy,0,2013-11-18,26.411569595336914,33.25,21.209999084472656,2.8739266395568848,8.259454727172852,27.229068756103516,34.209999084472656,21.6299991607666,3.2406604290008545,10.501880645751953,26.411569595336914,26.668407440185547,26.74620246887207,26.802074432373047,26.991975784301758,27.005455017089844,27.03665542602539,27.082744598388672,27.198986053466797,27.1547908782959,27.108373641967773,27.224571228027344,27.181373596191406,27.222078323364258,27.18150520324707,27.23699951171875,27.20856475830078,27.270505905151367,27.054269790649414,27.229068756103516,2.8739266395568848,3.007546901702881,3.0582809448242188,3.1192378997802734,3.118272066116333,3.1445209980010986,3.167510986328125,3.1769585609436035,3.1674728393554688,3.16217041015625,3.1878695487976074,3.2009165287017822,3.2135825157165527,3.2197210788726807,3.2224762439727783,3.2316620349884033,3.2425456047058105,3.240650177001953,3.255308151245117,3.2406604290008545,3.162564516067505,3.255308151245117,2.8739266395568848,0.2568378448486328,0.07779502868652344,0.05587196350097656,0.18990135192871094,0.013479232788085938,0.031200408935546875,0.04608917236328125,0.116241455078125,-0.04419517517089844,-0.046417236328125,0.11619758605957031,-0.0431976318359375,0.04070472717285156,-0.0405731201171875,0.05549430847167969,-0.02843475341796875,0.06194114685058594,-0.21623611450195312,0.17479896545410156,0.8174991607666016,0.031084380472512448,0.04302627220749855,0.2568378448486328,-0.21623611450195312,0.10276077687740326,0.08713722229003906,0.11417154584612152,0.02168385187784595,-0.007098007202150669,514.1958618164062,12.376030921936035,0.2989656925201416,11.278669357299805,0.7839065194129944,0.09115298837423325,0.3667337894439697,0.013640548412064801,0.9953041076660156,1.4786567687988281,0.8397941589355469,0.7929725646972656,0.8983116149902344,0.4852867126464844,0.4733753204345703,0.9281024932861328,0.4687690734863281,0.03736689718145993,0.06006665767583568,0.04029362757403113,0.026837761957841863,0.032962229735868556,0.0221841668724111,0.010887229173702427,0.029921069898102857,0.019292759716061928,0.5432796478271484,0.3905143737792969,0.48200225830078125,0.4517097473144531,0.2646312713623047,0.2458629608154297,0.3887748718261719,0.4189910888671875,0.24304771423339844,0.8178414238823785,0.8178414238823785,1.4786567687988281,0.4687690734863281,1.4786567687988281,0.323844928212166,1.0098876953125,1.8079993352494876,0.4622008980365001,0.03109026664281283,0.03109026664281283,0.06006665767583568,0.010887229173702427,0.06006665767583568,0.01420099798156043,0.049179428502133256,1.9320078224431416,0.49221255961090926,0.3809793260362413,0.3809793260362413,0.5432796478271484,0.24304771423339844,0.5432796478271484,0.10837713843652391,0.30023193359375,1.4260081753501404,0.4307587630662883
T0222,healthy,0,2013-11-18,26.548179626464844,33.349998474121094,21.209999084472656,2.7748594284057617,7.6998443603515625,27.185422897338867,33.75,21.450000762939453,2.932002544403076,8.596638679504395,26.548179626464844,26.95389175415039,26.929136276245117,27.04168128967285,27.149059295654297,27.14928436279297,27.20040512084961,27.22099494934082,27.2296199798584,27.295984268188477,27.24559211730957,27.2634334564209,27.18365478515625,27.21202278137207,27.165433883666992,27.263473510742188,27.21298599243164,27.17892837524414,27.21516227722168,27.185422897338867,2.7748594284057617,2.891547679901123,2.9495811462402344,2.9760851860046387,2.9818460941314697,3.020348310470581,3.0070416927337646,2.9749178886413574,2.9729185104370117,2.95169997215271,2.975513458251953,2.9376401901245117,2.979661703109741,2.982980251312256,2.971592903137207,2.9282402992248535,2.943403720855713,2.9310669898986816,2.929178476333618,2.932002544403076,2.95060658454895,3.020348310470581,2.7748594284057617,0.4057121276855469,-0.024755477905273438,0.11254501342773438,0.10737800598144531,0.000225067138671875,0.051120758056640625,0.020589828491210938,0.008625030517578125,0.06636428833007812,-0.05039215087890625,0.017841339111328125,-0.07977867126464844,0.028367996215820312,-0.046588897705078125,0.09803962707519531,-0.050487518310546875,-0.0340576171875,0.03623390197753906,-0.0297393798828125,0.6372432708740234,0.017949350973716593,0.033539120107889175,0.4057121276855469,-0.07977867126464844,0.10343330353498459,0.0667811930179596,0.10581632341657268,-0.0006467728387749764,-0.0022584642682743072,515.9775390625,11.562132835388184,0.35689979791641235,7.803363800048828,0.925552248954773,0.05000019446015358,0.15714311599731445,0.001253892066783437,1.0123558044433594,1.192789077758789,0.6941623687744141,0.7676506042480469,0.7634468078613281,0.07189750671386719,0.8501758575439453,0.4755840301513672,-0.08709716796875,0.045066044742898784,0.04260445501571281,0.015849926597193052,0.0332709491701047,0.01968495074967628,-0.009094601107719834,0.031775546253175156,-0.0005780012087723445,-0.016736280111442382,0.5964374542236328,0.547332763671875,0.3085823059082031,0.5371112823486328,0.4858512878417969,0.22388458251953125,0.5850448608398438,0.5483818054199219,0.2796173095703125,0.6378849877251519,0.6572399139404297,1.192789077758789,-0.08709716796875,1.192789077758789,0.41851955453251594,1.279886245727539,1.8148457424915956,0.5165238361510475,0.017982554455647358,0.023851194995188372,0.045066044742898784,-0.016736280111442382,0.045066044742898784,0.02251178962620876,0.061802324854341166,1.8894661612270822,0.5634073322766481,0.4569159613715278,0.4569159613715278,0.5964374542236328,0.22388458251953125,0.5964374542236328,0.14466958562540566,0.37255287170410156,1.305354795178865,0.4206618728174955
T0224,healthy,0,2013-11-18,26.097187042236328,31.8700008392334,19.65999984741211,2.7090089321136475,7.3387298583984375,26.761520385742188,32.75,21.0,2.824676752090454,7.978798866271973,26.097187042236328,26.403104782104492,26.41773796081543,26.521989822387695,26.540109634399414,26.606416702270508,26.67852210998535,26.663333892822266,26.659318923950195,26.669780731201172,26.7052059173584,26.67915916442871,26.68418312072754,26.713289260864258,26.7257080078125,26.72178077697754,26.744586944580078,26.774675369262695,26.737581253051758,26.761520385742188,2.7090089321136475,2.741060495376587,2.7868142127990723,2.79201078414917,2.829350233078003,2.83209228515625,2.7769088745117188,2.838683843612671,2.858616590499878,2.875169277191162,2.8511300086975098,2.8559632301330566,2.873246908187866,2.884355306625366,2.89495587348938,2.873605251312256,2.847349166870117,2.846508502960205,2.8517284393310547,2.824676752090454,2.8321616649627686,2.89495587348938,2.7090089321136475,0.30591773986816406,0.0146331787109375,0.10425186157226562,0.01811981201171875,0.06630706787109375,0.07210540771484375,-0.015188217163085938,-0.0040149688720703125,0.010461807250976562,0.03542518615722656,-0.0260467529296875,0.005023956298828125,0.02910614013671875,0.012418746948242188,-0.0039272308349609375,0.022806167602539062,0.030088424682617188,-0.0370941162109375,0.023939132690429688,0.6643333435058594,0.022609641856716683,0.0349649116396904,0.30591773986816406,-0.0370941162109375,0.0718442052602768,0.04404610022902489,0.08746899196079752,0.005268596467516,0.007330049787247275,506.07586669921875,10.229284286499023,0.679009735584259,9.506479263305664,1.3891702890396118,0.04725562781095505,0.11566781997680664,0.005743891314456328,-0.0997314453125,1.143218994140625,1.2438488006591797,0.09640121459960938,0.6417198181152344,1.2122993469238281,-0.18348121643066406,0.8118820190429688,1.105478286743164,-0.011887282177918804,0.045879528934794446,0.045790071415721695,-0.0004769346767804569,0.02060108901862732,0.050761158305003044,-0.019286981740392922,0.024959092391163822,0.046792007388924334,0.4730415344238281,0.37874603271484375,0.4625377655029297,0.4025592803955078,0.3058204650878906,0.47310638427734375,0.578948974609375,0.44683074951171875,0.5733928680419922,0.6635150909423828,0.7264512379964193,1.2438488006591797,-0.18348121643066406,1.2438488006591797,0.5817487240267087,1.4273300170898438,1.7122261185313712,0.5505251569328506,0.022570194317682497,0.029603794005480757,0.050761158305003044,-0.019286981740392922,0.050761158305003044,0.027258048559797955,0.07004814004539597,1.7146836364544664,0.5383419932171427,0.45499822828504777,0.45499822828504777,0.578948974609375,0.3058204650878906,0.578948974609375,0.08730431145990991,0.2731285095214844,1.2724202554970652,0.3969363986038387
T0225,healthy,0,2013-11-18,26.55897331237793,33.22999954223633,21.09000015258789,2.9231913089752197,8.54504680633545,26.999921798706055,33.4900016784668,21.139999389648438,3.19636869430542,10.21677303314209,26.55897331237793,26.84107780456543,26.907562255859375,27.035364151000977,27.09360694885254,26.966758728027344,26.95781707763672,26.988697052001953,27.073116302490234,27.024389266967773,27.056846618652344,26.98651123046875,27.041812896728516,27.042173385620117,27.045469284057617,27.044208526611328,27.06542205810547,27.054431915283203,26.994966506958008,26.999921798706055,2.9231913089752197,3.011796712875366,3.050589084625244,3.064812421798706,3.0604238510131836,3.1316466331481934,3.1512291431427,3.1521387100219727,3.1476285457611084,3.1469690799713135,3.153611660003662,3.1802380084991455,3.1766815185546875,3.1552464962005615,3.1613330841064453,3.1754136085510254,3.1863694190979004,3.1698594093322754,3.1744332313537598,3.19636869430542,3.1284992694854736,3.19636869430542,2.9231913089752197,0.2821044921875,0.06648445129394531,0.12780189514160156,0.0582427978515625,-0.1268482208251953,-0.008941650390625,0.030879974365234375,0.08441925048828125,-0.04872703552246094,0.03245735168457031,-0.07033538818359375,0.055301666259765625,0.0003604888916015625,0.0032958984375,-0.0012607574462890625,0.021213531494140625,-0.010990142822265625,-0.05946540832519531,0.004955291748046875,0.440948486328125,0.010813274240135104,0.02320781536400318,0.2821044921875,-0.1268482208251953,0.08376755565404892,0.057583458721637726,0.08355189732142614,0.007484708513530508,-0.011041532244002193,512.9996948242188,8.379186630249023,0.6691279411315918,15.560254096984863,1.6959480047225952,0.06845540553331375,0.2731773853302002,0.009858540484779695,0.8388633728027344,1.0553607940673828,0.6008853912353516,0.4327716827392578,0.7313880920410156,-0.011304855346679688,0.11802101135253906,0.4087047576904297,-0.20175552368164062,0.010937068336887755,0.041755274722449456,0.031156564296636224,-0.00242090727153607,0.022601288243342867,0.005058252721800186,-0.01973437402481488,0.005701552656359481,0.0022367563462789815,0.7998924255371094,0.4175853729248047,0.4652843475341797,0.6597461700439453,0.3373908996582031,0.3843860626220703,0.6630344390869141,0.3349037170410156,0.3884735107421875,0.44143719143337673,0.48878394232855904,1.0553607940673828,-0.20175552368164062,1.0553607940673828,0.41363658131105646,1.2571163177490234,2.15915598095981,0.5968581811046718,0.010810164003044888,0.015733559846678433,0.041755274722449456,-0.01973437402481488,0.041755274722449456,0.018545007281070457,0.061489648747264335,2.6538970576511947,0.6745179762100332,0.4945218827989366,0.4945218827989366,0.7998924255371094,0.3349037170410156,0.7998924255371094,0.16928712145313976,0.46498870849609375,1.6175066001826752,0.476930479886413
T0226,healthy,0,2013-11-18,26.080230712890625,32.939998626708984,20.549999237060547,2.9819788932800293,8.892197608947754,26.3194580078125,33.4900016784668,20.959999084472656,3.145319938659668,9.893036842346191,26.080230712890625,26.214406967163086,26.246341705322266,26.22867202758789,26.212186813354492,26.262479782104492,26.273700714111328,26.198322296142578,26.266855239868164,26.336910247802734,26.33827781677246,26.26064109802246,26.350303649902344,26.331863403320312,26.322790145874023,26.26387596130371,26.290733337402344,26.226152420043945,26.345531463623047,26.3194580078125,2.9819788932800293,3.1660780906677246,3.1453301906585693,3.209026336669922,3.176421880722046,3.1835033893585205,3.1963932514190674,3.1815237998962402,3.169965982437134,3.1696319580078125,3.184244155883789,3.1650712490081787,3.1595051288604736,3.16361403465271,3.1469547748565674,3.1474924087524414,3.1520802974700928,3.155864953994751,3.1383860111236572,3.145319938659668,3.156919479370117,3.209026336669922,2.9819788932800293,0.13417625427246094,0.03193473815917969,-0.017669677734375,-0.016485214233398438,0.05029296875,0.011220932006835938,-0.07537841796875,0.06853294372558594,0.07005500793457031,0.0013675689697265625,-0.07763671875,0.08966255187988281,-0.01844024658203125,-0.009073257446289062,-0.0589141845703125,0.026857376098632812,-0.06458091735839844,0.11937904357910156,-0.026073455810546875,0.239227294921875,0.007172584533690751,0.01259091030806303,0.13417625427246094,-0.07763671875,0.061696115881204605,0.05093323439359665,0.025340434483118606,0.013687746865407984,0.004677854265485835,499.1698913574219,3.645505905151367,0.2394464612007141,11.787881851196289,0.8039776682853699,0.04397457838058472,0.16334104537963867,0.0007997412430612202,-0.24048233032226562,0.5966739654541016,0.6859550476074219,-0.30977630615234375,0.25029563903808594,0.44364356994628906,-0.07353782653808594,0.4710655212402344,0.3257102966308594,0.0005031815148833585,0.019800560456468067,0.025982321832412336,-0.012928903909554871,0.007093901383249411,0.017494059684580707,-0.007585165554420268,0.0017188452240213224,0.012312815960187849,0.5589561462402344,0.2818622589111328,0.20440673828125,0.29520606994628906,0.17040252685546875,0.2545051574707031,0.3137092590332031,0.6136627197265625,0.20440101623535156,0.23883861965603298,0.3774600558810764,0.6859550476074219,-0.30977630615234375,0.6859550476074219,0.36397416493610185,0.9957313537597656,1.8172917074187678,0.5162266699381755,0.007154624065758657,0.011713306168864243,0.025982321832412336,-0.012928903909554871,0.025982321832412336,0.012953355471538185,0.038911225741967204,2.2181866738539218,0.6002379312975182,0.3219013214111328,0.3219013214111328,0.6136627197265625,0.17040252685546875,0.6136627197265625,0.15764200060237601,0.44326019287109375,1.9063690014465695,0.5130378718249363
T0233,healthy,0,2013-12-11,28.57440757751465,34.38999938964844,24.6299991607666,2.6250553131103516,6.890915393829346,28.993181228637695,34.869998931884766,24.25,2.9910380840301514,8.946308135986328,28.57440757751465,28.81455421447754,28.789722442626953,28.690380096435547,28.76594352722168,28.77995491027832,28.983491897583008,28.971885681152344,29.053319931030273,28.87891960144043,28.854841232299805,28.880651473999023,28.944082260131836,29.123363494873047,29.084436416625977,29.080461502075195,29.08448600769043,29.16439437866211,29.183332443237305,28.993181228637695,2.6250553131103516,2.6491308212280273,2.692502737045288,2.7302253246307373,2.7602624893188477,2.7706527709960938,2.7967636585235596,2.8024051189422607,2.8244545459747314,2.8775718212127686,2.8882827758789062,2.913147211074829,2.915469169616699,2.9118525981903076,2.9266304969787598,2.9372968673706055,2.9438958168029785,2.9643609523773193,2.9757800102233887,2.9910380840301514,2.844839096069336,2.9910380840301514,2.6250553131103516,0.24014663696289062,-0.024831771850585938,-0.09934234619140625,0.07556343078613281,0.014011383056640625,0.2035369873046875,-0.011606216430664062,0.08143424987792969,-0.17440032958984375,-0.024078369140625,0.02581024169921875,0.0634307861328125,0.17928123474121094,-0.03892707824707031,-0.00397491455078125,0.004024505615234375,0.07990837097167969,0.018938064575195312,-0.19015121459960938,0.4187736511230469,0.023659711852108932,0.02204071916639805,0.24014663696289062,-0.19015121459960938,0.10889419913291931,0.0817577987909317,0.022358921595981684,0.0035476230439683396,-0.0019358498709542977,549.9120483398438,6.998271942138672,0.20534591376781464,8.703685760498047,0.5335220098495483,0.10841896384954453,0.3659827709197998,0.018316697715816635,0.43421363830566406,0.7830753326416016,0.08145332336425781,0.5238285064697266,0.8170356750488281,0.13518524169921875,0.367462158203125,0.7964839935302734,-0.16416358947753906,0.027483841171837345,0.04065001638311989,-0.004773016621295604,0.03622508801911937,0.043976673326993794,0.002367639183100991,0.028087835383594075,0.04449619780805622,-0.005207960946219954,0.3231773376464844,0.2949542999267578,0.284454345703125,0.3659648895263672,0.27490806579589844,0.2236194610595703,0.31018829345703125,0.29526710510253906,0.16080474853515625,0.41939714219835067,0.45587793986002606,0.8170356750488281,-0.16416358947753906,0.8170356750488281,0.35034286064683173,0.9811992645263672,1.792224597174952,0.5841219974401579,0.02370070152314513,0.025918696538148583,0.04449619780805622,-0.005207960946219954,0.04449619780805622,0.020684623692193635,0.049704158754276175,1.7167599680394643,0.5535381328246894,0.2814820607503255,0.2814820607503255,0.3659648895263672,0.16080474853515625,0.3659648895263672,0.059197304583730695,0.20516014099121094,1.3001357015416373,0.394471760580931
T0234,healthy,0,2013-12-11,28.148176193237305,33.7400016784668,24.43000030517578,2.7246103286743164,7.423501014709473,28.40992546081543,34.099998474121094,24.239999771118164,2.8388469219207764,8.059051513671875,28.148176193237305,28.236034393310547,28.366451263427734,28.347793579101562,28.353593826293945,28.39249610900879,28.354764938354492,28.325090408325195,28.355472564697266,28.387815475463867,28.406734466552734,28.53274154663086,28.54224967956543,28.43187141418457,28.415035247802734,28.377744674682617,28.394046783447266,28.407093048095703,28.372291564941406,28.40992546081543,2.7246103286743164,2.7085351943969727,2.6984996795654297,2.723505973815918,2.7650110721588135,2.7671046257019043,2.7894108295440674,2.788349151611328,2.7935335636138916,2.7986602783203125,2.782416343688965,2.791841506958008,2.8042876720428467,2.809417486190796,2.8126251697540283,2.8248846530914307,2.817168951034546,2.8128104209899902,2.8265843391418457,2.8388469219207764,2.783905029296875,2.8388469219207764,2.6984996795654297,0.08785820007324219,0.1304168701171875,-0.018657684326171875,0.0058002471923828125,0.03890228271484375,-0.037731170654296875,-0.029674530029296875,0.030382156372070312,0.03234291076660156,0.018918991088867188,0.126007080078125,0.009508132934570312,-0.11037826538085938,-0.016836166381835938,-0.03729057312011719,0.016302108764648438,0.0130462646484375,-0.034801483154296875,0.03763389587402344,0.261749267578125,0.00837992904777788,0.01377627719193697,0.1304168701171875,-0.11037826538085938,0.05644612014293671,0.043815210461616516,0.04444629124232736,0.025907947903585665,-0.0008246285574783799,539.2783203125,4.463024139404297,0.22756382822990417,8.274471282958984,0.6860332489013672,0.039721645414829254,0.11423659324645996,0.006297987923586203,-0.13076400756835938,0.9200973510742188,0.6384067535400391,0.018121719360351562,0.39733314514160156,0.34670448303222656,-0.08917999267578125,0.06626319885253906,0.1868877410888672,-0.005173185534943864,0.04086120863606074,0.015504905872774082,-0.0011533565091019803,0.018728983312620517,0.008074417687896298,-0.0067057129135710235,0.0010009636556278286,0.004266740325697603,0.3863811492919922,0.18442535400390625,0.36359405517578125,0.20972633361816406,0.14079666137695312,0.2704353332519531,0.19837570190429688,0.1306896209716797,0.2776355743408203,0.26154115464952254,0.3104175991482205,0.9200973510742188,-0.13076400756835938,0.9200973510742188,0.3502292994947156,1.0508613586425781,2.9640630040252773,0.700073867562026,0.008378329392562243,0.011274386049810438,0.04086120863606074,-0.0067057129135710235,0.04086120863606074,0.014943684076792875,0.04756692154963177,3.6242481154232435,0.7400756811740948,0.24022886488172743,0.24022886488172743,0.3863811492919922,0.1306896209716797,0.3863811492919922,0.09122286281394619,0.2556915283203125,1.6083876240198867,0.47529248806669583
T0235,healthy,0,2014-05-21,28.539960861206055,35.779998779296875,22.600000381469727,3.057939291000366,9.350993156433105,28.76431655883789,34.880001068115234,22.530000686645508,3.093618631362915,9.570476531982422,28.539960861206055,28.593441009521484,28.6289119720459,28.59222412109375,28.589693069458008,28.614410400390625,28.659589767456055,28.622730255126953,28.684856414794922,28.65870475769043,28.726770401000977,28.79802703857422,28.587785720825195,28.781522750854492,28.801054000854492,28.800661087036133,28.748092651367188,28.768991470336914,28.787555694580078,28.76431655883789,3.057939291000366,3.018054962158203,3.0398151874542236,3.024582624435425,3.075718879699707,3.0775773525238037,3.0805909633636475,3.0959293842315674,3.0963478088378906,3.076216459274292,3.0747714042663574,3.0714213848114014,3.110689878463745,3.067336082458496,3.0468039512634277,3.069200038909912,3.06838059425354,3.068479299545288,3.0854194164276123,3.093618631362915,3.0699448585510254,3.110689878463745,3.018054962158203,0.05348014831542969,0.03547096252441406,-0.03668785095214844,-0.0025310516357421875,0.024717330932617188,0.04517936706542969,-0.03685951232910156,0.06212615966796875,-0.026151657104492188,0.06806564331054688,0.07125663757324219,-0.21024131774902344,0.19373703002929688,0.01953125,-0.000392913818359375,-0.05256843566894531,0.020898818969726562,0.018564224243164062,-0.0232391357421875,0.22435569763183594,0.012614298942393121,0.01180819422006607,0.19373703002929688,-0.21024131774902344,0.07514484971761703,0.05272102355957031,0.009266172136577577,0.012933163415816165,-0.005774416242328027,545.09716796875,2.837904930114746,0.6051904559135437,12.02977180480957,1.373708963394165,0.022860227152705193,0.03567934036254883,0.0017883944332150624,0.6612205505371094,0.7431850433349609,0.08789825439453125,0.7432746887207031,0.38878440856933594,-0.14577865600585938,0.1341991424560547,0.04744720458984375,-0.6345882415771484,0.04122847363464711,0.03317524615983198,-0.0010031320098655963,0.04583516945516169,0.023423417170244577,-0.016159228274697342,0.02689228631499994,0.004156013718223945,-0.04355659915092294,0.3911857604980469,0.18016624450683594,0.38170814514160156,0.4847393035888672,0.1588134765625,0.3406219482421875,0.44223976135253906,0.12815093994140625,0.43175315856933594,0.22507137722439235,0.39848624335394967,0.7432746887207031,-0.6345882415771484,0.7432746887207031,0.45950700263944266,1.3778629302978516,1.865245494580462,0.5988441152608752,0.012665738557513705,0.02615884065428835,0.04583516945516169,-0.04355659915092294,0.04583516945516169,0.029380875163932115,0.08939176860608464,1.7521859068241479,0.5548166229655913,0.3265976376003689,0.3265976376003689,0.4847393035888672,0.12815093994140625,0.4847393035888672,0.13500917340957935,0.35658836364746094,1.484209415317049,0.4622514959151861
T0236,healthy,0,2014-05-21,29.6683292388916,35.709999084472656,22.479999542236328,3.5011534690856934,12.258075714111328,29.676799774169922,35.369998931884766,22.3700008392334,3.721771478652954,13.851583480834961,29.6683292388916,29.628211975097656,29.634538650512695,29.602502822875977,29.684680938720703,29.585886001586914,29.54098892211914,29.569238662719727,29.570058822631836,29.553260803222656,29.559274673461914,29.539527893066406,29.543743133544922,29.616344451904297,29.590110778808594,29.566770553588867,29.52935218811035,29.525718688964844,29.58165740966797,29.676799774169922,3.5011534690856934,3.55863094329834,3.594414234161377,3.6263163089752197,3.61991286277771,3.653416872024536,3.664274215698242,3.678968906402588,3.676387071609497,3.691530466079712,3.706707000732422,3.714343786239624,3.701779842376709,3.689647674560547,3.7072649002075195,3.7184598445892334,3.7423086166381836,3.7444024085998535,3.739352226257324,3.721771478652954,3.6725516319274902,3.7444024085998535,3.5011534690856934,-0.04011726379394531,0.0063266754150390625,-0.03203582763671875,0.08217811584472656,-0.09879493713378906,-0.04489707946777344,0.028249740600585938,0.000820159912109375,-0.016798019409179688,0.0060138702392578125,-0.019746780395507812,0.004215240478515625,0.072601318359375,-0.026233673095703125,-0.023340225219726562,-0.037418365478515625,-0.0036334991455078125,0.055938720703125,0.09514236450195312,0.008470535278320312,-0.003126544522163643,0.00044581765541806817,0.09514236450195312,-0.09879493713378906,0.04747553542256355,0.036552730947732925,-0.00785271780831475,0.0037432398114871333,0.013556344168528007,562.0944213867188,-1.6038236618041992,0.24529719352722168,8.119205474853516,0.7194600701332092,0.06265213340520859,0.22061800956726074,0.009782775362631333,-0.19270706176757812,0.16860580444335938,-0.33739662170410156,0.2021617889404297,0.24298477172851562,-0.13110923767089844,0.1833171844482422,0.3147411346435547,-0.3702392578125,-0.030531407119637238,0.006972681490101971,-0.003514887874288332,-0.012701859151510975,0.00998439645408584,0.0060011799174146015,-0.007032958009189582,0.007014843933564086,-0.0043652512973420795,0.2081012725830078,0.08496856689453125,0.2845592498779297,0.2205657958984375,0.06649398803710938,0.24225616455078125,0.1993732452392578,0.12010574340820312,0.1744384765625,0.00892872280544705,0.23814031812879774,0.3147411346435547,-0.3702392578125,0.3702392578125,0.26587774701084177,0.6849803924560547,1.5547104546368846,0.47701895412071765,-0.0031303624063113,0.009791051694126078,0.00998439645408584,-0.030531407119637238,0.030531407119637238,0.012843833817250782,0.04051580357372308,3.1182938146487067,0.6039262328331271,0.1778736114501953,0.1778736114501953,0.2845592498779297,0.06649398803710938,0.2845592498779297,0.07340912877447035,0.2180652618408203,1.5997833043367051,0.4668615850729117
T0237,healthy,0,2014-05-21,30.0183162689209,34.97999954223633,22.420000076293945,2.9818806648254395,8.891613006591797,29.925228118896484,34.310001373291016,22.350000381469727,3.026754140853882,9.161240577697754,30.0183162689209,29.95546531677246,29.860370635986328,29.839797973632812,29.924589157104492,29.96426773071289,29.967939376831055,29.79440689086914,29.72113037109375,29.767738342285156,29.90814208984375,29.927629470825195,29.916728973388672,29.8914737701416,29.924131393432617,29.918346405029297,29.973093032836914,29.814716339111328,29.954212188720703,29.925228118896484,2.9818806648254395,2.995758295059204,3.0017001628875732,3.000863552093506,3.0095670223236084,2.999110221862793,3.0154948234558105,3.001734495162964,3.0485799312591553,3.0427613258361816,3.0304083824157715,3.02376127243042,3.0151710510253906,3.0439181327819824,3.0449039936065674,3.050842761993408,3.016918182373047,3.016127347946167,3.03562331199646,3.026754140853882,3.0200939178466797,3.050842761993408,2.9818806648254395,-0.0628509521484375,-0.09509468078613281,-0.020572662353515625,0.08479118347167969,0.03967857360839844,0.0036716461181640625,-0.17353248596191406,-0.07327651977539062,0.04660797119140625,0.14040374755859375,0.019487380981445312,-0.010900497436523438,-0.025255203247070312,0.032657623291015625,-0.0057849884033203125,0.05474662780761719,-0.15837669372558594,0.139495849609375,-0.02898406982421875,-0.09308815002441406,-0.00025233218544505967,-0.004899376537650824,0.14040374755859375,-0.17353248596191406,0.08262860774993896,0.0640089139342308,-0.010955538068499351,0.009955383482433473,-0.0012941632952002563,567.9959106445312,-2.352057456970215,0.15494562685489655,6.751282691955566,0.46675342321395874,0.019466977566480637,0.04487347602844238,0.0022563409088248794,0.2388458251953125,0.2955341339111328,-0.7251033782958984,0.5043163299560547,-0.12038421630859375,-0.5985221862792969,0.36026573181152344,-0.09406852722167969,-0.6905593872070312,0.012311310158635421,0.020402706117557675,-0.023061342167675518,0.019669535644071704,-0.0016373770577570303,-0.01968581407590067,0.011040013535577492,0.0011240980678922342,-0.02213317756366106,0.11508750915527344,0.21796417236328125,0.2885284423828125,0.1505565643310547,0.15097999572753906,0.20452308654785156,0.2163715362548828,0.13116455078125,0.18575286865234375,-0.09218618604871961,0.40306663513183594,0.5043163299560547,-0.7251033782958984,0.7251033782958984,0.4790937676891005,1.2294197082519531,1.7989664663488343,0.5552390296102535,-0.00021889414902886135,0.014562819376525423,0.020402706117557675,-0.023061342167675518,0.023061342167675518,0.01764000780112487,0.04346404828523319,1.5835756618043804,0.5004923775627778,0.18454763624403211,0.18454763624403211,0.2885284423828125,0.11508750915527344,0.2885284423828125,0.053965900427642335,0.17344093322753906,1.5634360462191097,0.435216836970631
T0238,healthy,0,2014-05-21,30.185441970825195,36.33000183105469,22.31999969482422,3.6809728145599365,13.549561500549316,30.370149612426758,36.0,22.709999084472656,3.6159448623657227,13.075057983398438,30.185441970825195,30.193695068359375,30.3439884185791,30.374921798706055,30.174509048461914,30.288856506347656,30.379589080810547,30.440582275390625,30.373798370361328,30.388811111450195,30.385683059692383,30.3592586517334,30.368131637573242,30.372821807861328,30.46941375732422,30.432083129882812,30.463518142700195,30.431198120117188,30.407516479492188,30.370149612426758,3.6809728145599365,3.6802492141723633,3.6536247730255127,3.6304123401641846,3.6727750301361084,3.689305543899536,3.6175897121429443,3.6048636436462402,3.638446807861328,3.619910478591919,3.6217875480651855,3.6589832305908203,3.641369104385376,3.624811887741089,3.6132214069366455,3.6130788326263428,3.6017394065856934,3.57961368560791,3.598196029663086,3.6159448623657227,3.632844924926758,3.689305543899536,3.57961368560791,0.008253097534179688,0.15029335021972656,0.030933380126953125,-0.20041275024414062,0.11434745788574219,0.09073257446289062,0.060993194580078125,-0.06678390502929688,0.015012741088867188,-0.0031280517578125,-0.026424407958984375,0.00887298583984375,0.0046901702880859375,0.09659194946289062,-0.03733062744140625,0.03143501281738281,-0.03232002258300781,-0.023681640625,-0.03736686706542969,0.1847076416015625,0.010230275204307169,0.009721455164253712,0.15029335021972656,-0.20041275024414062,0.07512035965919495,0.05471600964665413,0.014012799944195667,-0.00543299175444351,-0.017209734235490583,576.9261474609375,3.4027748107910156,0.39766725897789,12.231413841247559,1.1201090812683105,0.03000289388000965,-0.06502795219421387,-0.0038783430156852316,-0.1445751190185547,0.4509563446044922,0.131439208984375,0.11910438537597656,0.5598220825195312,0.5243377685546875,-0.0036296844482421875,0.00269317626953125,0.0215911865234375,-0.006932482325044567,0.021544169662589614,0.010092828506813367,0.001872310781837315,0.03142360888029359,0.02527979226936926,0.016644004592321154,-0.0022800531602448397,-0.005565600287645606,0.21772003173828125,0.17829513549804688,0.5193157196044922,0.4886436462402344,0.2366008758544922,0.5937480926513672,0.3898639678955078,0.11742401123046875,0.39643287658691406,0.18463770548502603,0.21757210625542533,0.5598220825195312,-0.1445751190185547,0.5598220825195312,0.2592593865764655,0.7043972015380859,2.573041491503954,0.7839629272844816,0.010230953213365476,0.013514983385128812,0.03142360888029359,-0.006932482325044567,0.03142360888029359,0.014209319959850688,0.03835609120533815,2.3250924351076985,0.6432988907322514,0.3486715952555339,0.3486715952555339,0.5937480926513672,0.11742401123046875,0.5937480926513672,0.1676915973808863,0.47632408142089844,1.7028862795300526,0.5104158103010876
T0239,healthy,0,2014-05-26,28.58299446105957,35.560001373291016,22.110000610351562,2.857801914215088,8.167031288146973,28.554443359375,35.18000030517578,22.1299991607666,2.6719696521759033,7.139421463012695,28.58299446105957,28.67999267578125,28.622278213500977,28.583744049072266,28.632259368896484,28.64580726623535,28.693082809448242,28.621213912963867,28.65485954284668,28.52744483947754,28.62487030029297,28.619739532470703,28.596195220947266,28.576217651367188,28.596982955932617,28.659778594970703,28.641338348388672,28.64788818359375,28.599010467529297,28.554443359375,2.857801914215088,2.792250871658325,2.787515163421631,2.8354849815368652,2.7390902042388916,2.7020437717437744,2.6891071796417236,2.735238790512085,2.727731466293335,2.6944403648376465,2.669405937194824,2.6409289836883545,2.660214900970459,2.636265993118286,2.6069092750549316,2.617656707763672,2.604301929473877,2.671940565109253,2.666266918182373,2.6719696521759033,2.7003283500671387,2.857801914215088,2.604301929473877,0.09699821472167969,-0.05771446228027344,-0.03853416442871094,0.04851531982421875,0.013547897338867188,0.047275543212890625,-0.071868896484375,0.0336456298828125,-0.12741470336914062,0.09742546081542969,-0.005130767822265625,-0.0235443115234375,-0.019977569580078125,0.020765304565429688,0.06279563903808594,-0.01844024658203125,0.006549835205078125,-0.048877716064453125,-0.044567108154296875,-0.028551101684570312,-0.0014090860696668794,-0.0015026895562186837,0.09742546081542969,-0.12741470336914062,0.056703150272369385,0.0465046726167202,0.0037808554513102106,-0.011322430201941961,-0.011098643711635636,543.7914428710938,0.7145280838012695,0.4426196813583374,15.617639541625977,1.0977797508239746,0.0708882287144661,-0.18583226203918457,-0.010251103307967873,0.4448566436767578,0.13893508911132812,-0.2028656005859375,0.33063316345214844,-0.6794109344482422,-0.6719551086425781,0.28627777099609375,0.6292533874511719,-0.5265769958496094,0.018140587770848586,0.005530575343539965,-0.00787471111555814,0.01510818309353622,-0.030501590814805614,-0.03496261969544834,0.014038103146660066,0.027934599281252623,-0.019822398881267845,0.27153778076171875,0.06261253356933594,0.41134071350097656,0.1972808837890625,0.1767253875732422,0.20227432250976562,0.24545860290527344,0.2140789031982422,0.2894744873046875,-0.0278725094265408,0.4345294104682075,0.6292533874511719,-0.6794109344482422,0.6794109344482422,0.5036122328080846,1.308664321899414,1.5635556591684259,0.5064532336624256,-0.0013788079856936078,0.019323707682546376,0.027934599281252623,-0.03496261969544834,0.03496261969544834,0.022792257318171482,0.06289721897670096,1.809311244855713,0.5370421197713254,0.23008706834581164,0.23008706834581164,0.41134071350097656,0.06261253356933594,0.41134071350097656,0.09442949734332545,0.3487281799316406,1.7877610357707616,0.4695579826765577
T0243,healthy,0,2014-04-15,28.365861892700195,35.75,22.020000457763672,3.6328868865966797,13.197867393493652,28.5397891998291,34.63999938964844,21.549999237060547,3.6633200645446777,13.419914245605469,28.365861892700195,28.293718338012695,28.397769927978516,28.433446884155273,28.351045608520508,28.31389617919922,28.27178382873535,28.3725643157959,28.3842830657959,28.354515075683594,28.245342254638672,28.32476234436035,28.344804763793945,28.34952163696289,28.777992248535156,28.793710708618164,28.638164520263672,28.5637264251709,28.560989379882812,28.5397891998291,3.6328868865966797,3.688006639480591,3.680908441543579,3.6881449222564697,3.6972479820251465,3.683244466781616,3.703049898147583,3.696596145629883,3.7043802738189697,3.6950583457946777,3.7064015865325928,3.6989028453826904,3.710002899169922,3.6997435092926025,3.642930746078491,3.6416211128234863,3.6683454513549805,3.680241584777832,3.6736862659454346,3.6633200645446777,3.6827361583709717,3.710002899169922,3.6328868865966797,-0.0721435546875,0.10405158996582031,0.03567695617675781,-0.08240127563476562,-0.03714942932128906,-0.04211235046386719,0.10078048706054688,0.01171875,-0.029767990112304688,-0.10917282104492188,0.07942008972167969,0.02004241943359375,0.0047168731689453125,0.4284706115722656,0.015718460083007812,-0.1555461883544922,-0.07443809509277344,-0.0027370452880859375,-0.021200180053710938,0.17392730712890625,0.016663696174334268,0.009154069237411022,0.4284706115722656,-0.1555461883544922,0.11910029500722885,0.07511921972036362,-0.0014905657087066428,0.0014003799075142482,-0.05610335213797512,540.224853515625,1.2734870910644531,1.1511154174804688,23.672565460205078,2.7087271213531494,0.022116152569651604,0.030433177947998047,-0.0006530308185665054,0.8702201843261719,1.1170520782470703,0.8341484069824219,-0.18157577514648438,0.005687713623046875,0.11163902282714844,-0.8152198791503906,-0.5165386199951172,0.13727951049804688,0.057832538633417564,0.07042688498819687,0.05505115394305423,-0.017289794118781076,0.0011164356891367538,0.03580953985228506,-0.05583929908006716,-0.030029539237346102,0.03255191315385643,1.0152111053466797,1.4149284362792969,0.9787521362304688,0.3326835632324219,0.12242507934570312,1.2697067260742188,0.24283790588378906,0.1719074249267578,1.2390575408935547,0.17363251580132377,0.5099290211995443,1.1170520782470703,-0.8152198791503906,1.1170520782470703,0.6543378780912562,1.932271957397461,2.190603024933381,0.6147741583439469,0.01662553709152807,0.03954967763290459,0.07042688498819687,-0.05583929908006716,0.07042688498819687,0.044030438341616636,0.12626618406826404,1.7807191207650155,0.517208085707025,0.7541677686903212,0.7541677686903212,1.4149284362792969,0.12242507934570312,1.4149284362792969,0.5283604388654537,1.2925033569335938,1.8761454364126304,0.5780754274756773
T0244,healthy,0,2014-05-06,27.917688369750977,34.060001373291016,20.65999984741211,3.8740153312683105,15.007994651794434,28.452415466308594,35.0,21.139999389648438,3.9267563819885254,15.419415473937988,27.917688369750977,27.980796813964844,28.302024841308594,28.312849044799805,28.210269927978516,28.2092227935791,28.172611236572266,28.199283599853516,28.252004623413086,28.262096405029297,28.648197174072266,28.561845779418945,28.568124771118164,28.582822799682617,28.650653839111328,28.452743530273438,28.537092208862305,28.563278198242188,28.501136779785156,28.452415466308594,3.8740153312683105,3.9440724849700928,3.849140167236328,3.8610458374023438,3.9125359058380127,3.916599988937378,3.9074032306671143,3.8882033824920654,3.8770129680633545,3.9610142707824707,3.879706382751465,3.8847832679748535,3.914673089981079,3.890852451324463,3.866713285446167,4.004054546356201,3.9356322288513184,3.9010138511657715,3.9296557903289795,3.9267563819885254,3.9062442779541016,4.004054546356201,3.849140167236328,0.06310844421386719,0.32122802734375,0.010824203491210938,-0.10257911682128906,-0.0010471343994140625,-0.03661155700683594,0.02667236328125,0.05272102355957031,0.010091781616210938,0.38610076904296875,-0.08635139465332031,0.00627899169921875,0.014698028564453125,0.06783103942871094,-0.19791030883789062,0.08434867858886719,0.026185989379882812,-0.06214141845703125,-0.0487213134765625,0.5347270965576172,0.028955605872590977,0.02814353071153164,0.38610076904296875,-0.19791030883789062,0.13023985922336578,0.08449745178222656,0.06162616184779463,0.07180132184709545,-0.023423603602819327,539.152099609375,8.71602725982666,0.9471659064292908,13.877079963684082,1.8665592670440674,0.03644414246082306,0.052741050720214844,0.002271387451573333,0.055477142333984375,0.5117301940917969,0.6059341430664062,0.3116950988769531,0.5325050354003906,0.6212520599365234,0.6002540588378906,0.9231052398681641,0.6493053436279297,0.009500038892702472,0.025462983783921637,0.022090788532916475,0.020387838836898913,0.029395484924316383,0.03770324735713071,0.02813303380980438,0.049067338068682013,0.038805802424150715,1.6147518157958984,0.42830848693847656,1.6509437561035156,1.5402717590332031,0.4239063262939453,1.709096908569336,1.576700210571289,0.270233154296875,1.640451431274414,0.5345842573377821,0.5345842573377821,0.9231052398681641,0.055477142333984375,0.9231052398681641,0.23999321722529104,0.8676280975341797,1.726772178435418,0.45594364192831366,0.028949617403391525,0.028949617403391525,0.049067338068682013,0.009500038892702472,0.049067338068682013,0.011673415394843826,0.039567299175979544,1.6949212293811298,0.4819729136098769,1.2060737609863281,1.2060737609863281,1.709096908569336,0.270233154296875,1.709096908569336,0.6273155045564285,1.438863754272461,1.4170749332950299,0.4606768261974192
T0272,healthy,0,2015-03-13,27.825111389160156,32.72999954223633,22.950000762939453,2.0618221759796143,4.251110553741455,29.043590545654297,34.459999084472656,23.079999923706055,2.515882730484009,6.3296661376953125,27.825111389160156,28.098493576049805,28.219999313354492,28.335941314697266,28.53040313720703,28.609697341918945,28.74114990234375,28.734302520751953,28.809064865112305,28.82630157470703,28.67620086669922,28.692129135131836,28.709245681762695,28.998327255249023,29.001432418823242,29.088401794433594,28.97466468811035,29.06144142150879,29.06599998474121,29.043590545654297,2.0618221759796143,2.1858272552490234,2.234391927719116,2.26763916015625,2.289573907852173,2.3402018547058105,2.331200361251831,2.372433662414551,2.3943119049072266,2.408113956451416,2.439673662185669,2.4437973499298096,2.472846031188965,2.476487874984741,2.4904236793518066,2.4945945739746094,2.5212764739990234,2.483191728591919,2.4901418685913086,2.515882730484009,2.3856918811798096,2.5212764739990234,2.0618221759796143,0.27338218688964844,0.1215057373046875,0.11594200134277344,0.19446182250976562,0.07929420471191406,0.1314525604248047,-0.006847381591796875,0.07476234436035156,0.017236709594726562,-0.1501007080078125,0.015928268432617188,0.017116546630859375,0.2890815734863281,0.00310516357421875,0.08696937561035156,-0.11373710632324219,0.0867767333984375,0.004558563232421875,-0.022409439086914062,1.2184791564941406,0.05365518699014953,0.06413048505783081,0.2890815734863281,-0.1501007080078125,0.1093825176358223,0.09498254954814911,0.15241715567452563,0.013976778302873173,0.0065817696707599965,545.6075439453125,16.930431365966797,0.38860875368118286,13.41411304473877,0.8912743926048279,0.12194326519966125,0.45406055450439453,0.01965119946271854,1.4291534423828125,1.9713363647460938,1.0186443328857422,1.4042987823486328,1.5829143524169922,0.5942211151123047,1.2560901641845703,1.3420696258544922,0.3754158020019531,0.05612388123246889,0.09068271378825415,0.04429125821680038,0.05809300788363078,0.07181485254961702,0.03221942930293202,0.048588778560322586,0.058745653826490926,0.022628141704357625,0.3022747039794922,0.4462013244628906,0.33046722412109375,0.4019031524658203,0.3122425079345703,0.36680030822753906,0.4216289520263672,0.32074928283691406,0.37763214111328125,1.219349331325955,1.219349331325955,1.9713363647460938,0.3754158020019531,1.9713363647460938,0.49188284071944194,1.5959205627441406,1.6167117149564432,0.45410413451918313,0.05368752411831937,0.05368752411831937,0.09068271378825415,0.022628141704357625,0.09068271378825415,0.020273209674980475,0.06805457208389654,1.6890832346369808,0.45788253254755634,0.36443328857421875,0.36443328857421875,0.4462013244628906,0.3022747039794922,0.4462013244628906,0.05146687273814004,0.14392662048339844,1.224370347628976,0.38712569926840845
T0276,healthy,0,2015-03-13,28.101181030273438,34.029998779296875,23.260000228881836,2.42714524269104,5.8910346031188965,29.187538146972656,34.779998779296875,23.1200008392334,3.0692942142486572,9.420567512512207,28.101181030273438,28.44318389892578,28.650699615478516,28.6936092376709,28.8314266204834,28.945728302001953,28.9437313079834,28.98267936706543,29.03650665283203,29.11760711669922,29.076770782470703,29.043092727661133,29.11162757873535,29.028968811035156,29.085620880126953,29.136037826538086,29.11846351623535,29.204885482788086,29.295413970947266,29.187538146972656,2.42714524269104,2.6504085063934326,2.7280988693237305,2.797837018966675,2.825237989425659,2.8573460578918457,2.9004669189453125,2.9261105060577393,2.939192533493042,2.953420877456665,2.99743914604187,3.019684314727783,3.0205118656158447,3.0555107593536377,3.0648794174194336,3.0558559894561768,3.0761868953704834,3.074406147003174,3.023998975753784,3.0692942142486572,2.9231514930725098,3.0761868953704834,2.42714524269104,0.34200286865234375,0.20751571655273438,0.04290962219238281,0.1378173828125,0.11430168151855469,-0.0019969940185546875,0.03894805908203125,0.05382728576660156,0.0811004638671875,-0.040836334228515625,-0.03367805480957031,0.06853485107421875,-0.08265876770019531,0.056652069091796875,0.05041694641113281,-0.017574310302734375,0.08642196655273438,0.09052848815917969,-0.10787582397460938,1.0863571166992188,0.04119900151302884,0.05717669054865837,0.34200286865234375,-0.10787582397460938,0.10013218224048615,0.08713672310113907,0.15515354701450898,0.01452768416631746,0.030689620971678797,550.390380859375,16.467973709106445,0.4067414402961731,10.907669067382812,0.8339326977729797,0.16539841890335083,0.6421489715576172,0.025272504906905247,0.8014774322509766,1.9007396697998047,-0.2171154022216797,2.061260223388672,1.5377044677734375,0.3347187042236328,2.059192657470703,1.2965126037597656,0.01738739013671875,0.025359152313461107,0.07601023939319083,-0.016422222969228694,0.07934647323493617,0.06300395449301309,0.015110147806037841,0.07980338075107206,0.04895719800676516,0.00020776906407953146,0.30283164978027344,0.5892658233642578,0.4035167694091797,0.6901397705078125,0.41756439208984375,0.3852043151855469,0.625885009765625,0.44992828369140625,0.3654918670654297,1.0879864162868924,1.1362342834472656,2.061260223388672,-0.2171154022216797,2.061260223388672,0.8871142464286816,2.2783756256103516,1.8141154824107042,0.5888058507033318,0.0412640102325919,0.04491339311464273,0.07980338075107206,-0.016422222969228694,0.07980338075107206,0.036443403533592524,0.09622560372030076,1.7768277444345884,0.5817618488823286,0.4699808756510417,0.4699808756510417,0.6901397705078125,0.30283164978027344,0.6901397705078125,0.13257822700675098,0.38730812072753906,1.4684422102652013,0.45044163800494424
T0138,sick,1,2013-09-06,27.820852279663086,34.34000015258789,20.739999771118164,3.550696611404419,12.60744571685791,27.654401779174805,34.5,20.850000381469727,3.4656691551208496,12.010863304138184,27.820852279663086,27.776229858398438,27.758769989013672,27.710351943969727,27.77257537841797,27.683382034301758,27.69523048400879,27.672929763793945,27.792369842529297,27.70835304260254,27.70915412902832,27.690868377685547,27.653902053833008,27.74816131591797,27.793529510498047,27.7491512298584,27.708688735961914,27.700899124145508,27.682666778564453,27.654401779174805,3.550696611404419,3.5627329349517822,3.5651495456695557,3.571044683456421,3.5358588695526123,3.5592103004455566,3.5304901599884033,3.531385898590088,3.5053651332855225,3.5126540660858154,3.5081300735473633,3.5024521350860596,3.4922351837158203,3.4573965072631836,3.4495279788970947,3.466369152069092,3.4561915397644043,3.4585049152374268,3.45889949798584,3.4656691551208496,3.506998062133789,3.571044683456421,3.4495279788970947,-0.04462242126464844,-0.017459869384765625,-0.04841804504394531,0.06222343444824219,-0.08919334411621094,0.01184844970703125,-0.02230072021484375,0.11944007873535156,-0.08401679992675781,0.00080108642578125,-0.018285751342773438,-0.03696632385253906,0.09425926208496094,0.045368194580078125,-0.04437828063964844,-0.040462493896484375,-0.00778961181640625,-0.018232345581054688,-0.028264999389648438,-0.16645050048828125,-0.0037123916740712023,-0.008760552853345871,0.11944007873535156,-0.08919334411621094,0.053515881299972534,0.04391218349337578,-0.02133522033691493,-0.000337214696976569,-0.02579661778041444,526.744873046875,-1.8513526916503906,0.24738894402980804,15.333773612976074,0.9329618215560913,0.04113880917429924,-0.08502745628356934,-0.006726052886561425,-0.15731430053710938,0.06387519836425781,-0.09516525268554688,-0.16313552856445312,-0.25510406494140625,-0.2457599639892578,-0.21761703491210938,-0.11071586608886719,-0.3163585662841797,0.002631163059320179,0.006453535610570709,-0.006575666155134763,0.007546109364444607,-0.01134174031422651,-0.014224215916225687,0.0057660611948570925,-0.006505401152417649,-0.017034443159749578,0.33725929260253906,0.14289474487304688,0.1820812225341797,0.3177299499511719,0.03798675537109375,0.1638813018798828,0.25388336181640625,0.1170501708984375,0.15077972412109375,-0.16636615329318577,0.1805606418185764,0.06387519836425781,-0.3163585662841797,0.3163585662841797,0.11212278239884675,0.3802337646484375,1.7520902981788649,0.5028920428400705,-0.003698288607617956,0.00867537065854964,0.007546109364444607,-0.017034443159749578,0.017034443159749578,0.009502378627379697,0.024580552524194187,1.9635384117654862,0.5456109358420632,0.18928294711642796,0.18928294711642796,0.33725929260253906,0.03798675537109375,0.33725929260253906,0.09683002403886999,0.2992725372314453,1.7817731598259576,0.5335179205293065
T0179,sick,1,2013-08-16,28.365781784057617,35.66999816894531,23.3700008392334,2.8969266414642334,8.392184257507324,28.863317489624023,35.36000061035156,23.3700008392334,3.1271679401397705,9.779179573059082,28.365781784057617,28.452131271362305,28.460641860961914,28.567432403564453,28.614051818847656,28.653772354125977,28.70058250427246,28.75838851928711,28.767362594604492,28.80609703063965,28.808290481567383,28.810630798339844,28.937164306640625,28.852685928344727,28.9287052154541,28.924179077148438,28.97193717956543,28.96205711364746,28.821617126464844,28.863317489624023,2.8969266414642334,2.909763813018799,2.9623029232025146,2.966001033782959,2.9921646118164062,3.001556158065796,3.0076088905334473,3.0303313732147217,3.050631284713745,3.0632293224334717,3.0429346561431885,3.0809175968170166,3.065749168395996,3.0770697593688965,3.0836446285247803,3.1019716262817383,3.0930652618408203,3.0954413414001465,3.130669116973877,3.1271679401397705,3.038957118988037,3.130669116973877,2.8969266414642334,0.0863494873046875,0.008510589599609375,0.10679054260253906,0.046619415283203125,0.03972053527832031,0.046810150146484375,0.05780601501464844,0.008974075317382812,0.03873443603515625,0.002193450927734375,0.0023403167724609375,0.12653350830078125,-0.08447837829589844,0.076019287109375,-0.0045261383056640625,0.04775810241699219,-0.00988006591796875,-0.1404399871826172,0.04170036315917969,0.49753570556640625,0.027436560437195237,0.02618608996272087,0.12653350830078125,-0.1404399871826172,0.06050962209701538,0.051378149539232254,0.058071572440011945,0.02488810675484803,-0.018414415631975434,546.4122924804688,7.462423324584961,0.7924373745918274,14.185493469238281,1.8604810237884521,0.06544387340545654,0.2302412986755371,0.010871758496850875,0.9325389862060547,0.9111461639404297,0.5903568267822266,1.1184577941894531,0.7037773132324219,-0.766326904296875,1.1298789978027344,0.4399871826171875,-0.5714893341064453,0.0667245090455933,0.04264381236599711,0.019999886993178655,0.06575935621906881,0.034624420969108796,-0.044143045755258195,0.06661050696121944,0.027091257195723414,-0.03173201998373682,0.33132362365722656,0.1865386962890625,0.4112815856933594,0.2721748352050781,0.12396812438964844,0.12872695922851562,0.19997787475585938,0.1264667510986328,0.12039756774902344,0.4987030029296875,0.7959955003526475,1.1298789978027344,-0.766326904296875,1.1298789978027344,0.7018117542653203,1.8962059020996094,1.4194539832293367,0.4440108535438984,0.027508742667877166,0.04436986838765383,0.0667245090455933,-0.044143045755258195,0.0667245090455933,0.04109385736393793,0.11086755480085149,1.50382447440198,0.4985725034553596,0.2112062242296007,0.2112062242296007,0.4112815856933594,0.12039756774902344,0.4112815856933594,0.1053270975450504,0.29088401794433594,1.9472985122506294,0.5338542370238957
T0180,sick,1,2013-08-16,29.31633186340332,34.9900016784668,23.3799991607666,2.5834569931030273,6.67425012588501,29.665132522583008,35.540000915527344,23.280000686645508,2.5477936267852783,6.4912519454956055,29.31633186340332,29.534345626831055,29.533954620361328,29.555410385131836,29.65606117248535,29.516494750976562,29.52774429321289,29.441640853881836,29.523298263549805,29.4167537689209,29.43482780456543,29.432331085205078,29.3944034576416,29.491910934448242,29.500295639038086,29.372333526611328,29.4018611907959,29.518190383911133,29.4315128326416,29.665132522583008,2.5834569931030273,2.596238851547241,2.7230796813964844,2.6323041915893555,2.623753070831299,2.743250846862793,2.7654812335968018,2.806877374649048,2.769397497177124,2.807990312576294,2.877563714981079,2.8500585556030273,2.951450824737549,2.8019700050354004,2.8064677715301514,2.8478832244873047,2.809976577758789,2.9075968265533447,2.8200643062591553,2.5477936267852783,2.7636327743530273,2.951450824737549,2.5477936267852783,0.21801376342773438,-0.0003910064697265625,0.021455764770507812,0.10065078735351562,-0.13956642150878906,0.011249542236328125,-0.08610343933105469,0.08165740966796875,-0.10654449462890625,0.01807403564453125,-0.0024967193603515625,-0.03792762756347656,0.09750747680664062,0.00838470458984375,-0.1279621124267578,0.029527664184570312,0.11632919311523438,-0.08667755126953125,0.23361968994140625,0.3488006591796875,-0.00102420462701561,0.018357928842306137,0.23361968994140625,-0.13956642150878906,0.10284783691167831,0.0802178606390953,0.03964048113141796,-0.008831523713610859,0.031944329398018126,560.174072265625,3.163797378540039,1.0358771085739136,16.631946563720703,1.7895872592926025,0.11000098288059235,-0.03566336631774902,0.009420418201532518,0.4643516540527344,0.9719676971435547,-0.8164119720458984,1.6254615783691406,1.0983638763427734,-1.1621208190917969,1.27301025390625,0.9044132232666016,-1.1999149322509766,-0.036712289394292705,0.027590354403157994,-0.038160493320093185,-0.0003052489201830862,0.015496754467038834,0.00557015928110629,-0.006037878452387077,0.017586576131948323,0.005867398771127837,1.3634452819824219,0.2897377014160156,0.6325626373291016,1.8805732727050781,0.7489910125732422,0.8616390228271484,1.7112598419189453,0.38366127014160156,0.5827980041503906,0.3510133955213759,1.0573351118299696,1.6254615783691406,-1.1999149322509766,1.6254615783691406,1.1065343483076637,2.825376510620117,1.5373191950305152,0.430683046080748,-0.001011629670286308,0.017036350349037256,0.027590354403157994,-0.038160493320093185,0.038160493320093185,0.02293325043116627,0.06575084772325118,2.2399440102386468,0.6682647419954837,0.9394075605604384,0.9394075605604384,1.8805732727050781,0.2897377014160156,1.8805732727050781,0.5761848972100003,1.5908355712890625,2.0018715322712937,0.5860996983376763
T0181,sick,1,2013-08-16,28.715364456176758,33.41999816894531,22.889999389648438,2.4026129245758057,5.772549152374268,29.523378372192383,34.45000076293945,23.100000381469727,2.774726152420044,7.6991047859191895,28.715364456176758,28.754934310913086,29.008405685424805,29.08013343811035,29.155176162719727,29.246084213256836,29.26670265197754,29.2950382232666,29.2187557220459,29.211347579956055,29.26595687866211,29.251676559448242,29.364953994750977,29.471633911132812,29.441028594970703,29.4112491607666,29.48763084411621,29.492151260375977,29.4907283782959,29.523378372192383,2.4026129245758057,2.446596622467041,2.4671905040740967,2.511134147644043,2.5236809253692627,2.5381240844726562,2.5649771690368652,2.590733051300049,2.636167049407959,2.655954599380493,2.6672699451446533,2.6907339096069336,2.704561471939087,2.693012237548828,2.7278599739074707,2.75441837310791,2.7419118881225586,2.7610652446746826,2.7797610759735107,2.774726152420044,2.631624698638916,2.7797610759735107,2.4026129245758057,0.039569854736328125,0.25347137451171875,0.07172775268554688,0.075042724609375,0.09090805053710938,0.020618438720703125,0.0283355712890625,-0.07628250122070312,-0.00740814208984375,0.05460929870605469,-0.014280319213867188,0.11327743530273438,0.10667991638183594,-0.030605316162109375,-0.029779434204101562,0.07638168334960938,0.004520416259765625,-0.001422882080078125,0.032649993896484375,0.808013916015625,0.03528059048760155,0.04252704977989197,0.25347137451171875,-0.07628250122070312,0.07023949921131134,0.059345848858356476,0.1121729169573097,0.023065112885975445,0.018705912998742556,556.0330200195312,10.441034317016602,0.2707151472568512,8.052823066711426,0.7022903561592102,0.1150851622223854,0.3721132278442383,0.01957016331808902,1.0239944458007812,1.1182937622070312,0.07368850708007812,1.3530597686767578,0.9875736236572266,0.10346221923828125,1.2637825012207031,1.1086406707763672,0.24893760681152344,0.04392380678564051,0.051417273327818994,0.0030791777417167117,0.055993461608885686,0.044803987947621464,0.0032252548332492377,0.051083078599513394,0.05239907888541517,0.012010333412571659,0.4644622802734375,0.30323028564453125,0.15596961975097656,0.5575790405273438,0.25687408447265625,0.22800636291503906,0.49328041076660156,0.2555122375488281,0.270965576171875,0.8090481228298612,0.8090481228298612,1.3530597686767578,0.07368850708007812,1.3530597686767578,0.5146021380819303,1.2793712615966797,1.6724094819229989,0.5129671553487913,0.03532616146027032,0.03532616146027032,0.055993461608885686,0.0030791777417167117,0.055993461608885686,0.02237056890912182,0.052914283867168975,1.5850418908785204,0.5026485949147679,0.33176443311903214,0.33176443311903214,0.5575790405273438,0.15596961975097656,0.5575790405273438,0.13797263331963247,0.4016094207763672,1.680647375244166,0.5074958733173551
T0192,sick,1,2013-09-06,29.351957321166992,34.61000061035156,23.200000762939453,2.947455644607544,8.687495231628418,30.14141273498535,36.0,22.700000762939453,3.4679453372955322,12.02664566040039,29.351957321166992,29.464595794677734,29.658489227294922,29.80133056640625,29.89636993408203,29.965517044067383,29.977645874023438,30.011516571044922,30.073997497558594,30.11981201171875,30.119457244873047,30.16712188720703,30.197200775146484,30.209766387939453,30.218523025512695,30.181865692138672,30.219928741455078,30.18027687072754,30.141620635986328,30.14141273498535,2.947455644607544,3.0184755325317383,3.106154203414917,3.1570911407470703,3.196653127670288,3.2412242889404297,3.28205943107605,3.313408613204956,3.3244831562042236,3.3376095294952393,3.3629226684570312,3.380763053894043,3.413550853729248,3.4159774780273438,3.4238996505737305,3.4170358180999756,3.4473328590393066,3.46368145942688,3.4628074169158936,3.4679453372955322,3.3090262413024902,3.4679453372955322,2.947455644607544,0.11263847351074219,0.1938934326171875,0.14284133911132812,0.09503936767578125,0.06914710998535156,0.012128829956054688,0.033870697021484375,0.062480926513671875,0.04581451416015625,-0.000354766845703125,0.047664642333984375,0.030078887939453125,0.01256561279296875,0.008756637573242188,-0.03665733337402344,0.03806304931640625,-0.03965187072753906,-0.03865623474121094,-0.0002079010009765625,0.7894554138183594,0.03611086938614151,0.04155028611421585,0.1938934326171875,-0.03965187072753906,0.059940826147794724,0.05371113866567612,0.12874178205217368,0.0337176550002313,-0.01559824262346806,570.3517456054688,12.664531707763672,0.48825252056121826,15.390612602233887,1.2294126749038696,0.1492731273174286,0.5204896926879883,0.024270357583698457,1.0149784088134766,1.6394920349121094,0.6962547302246094,1.0375175476074219,1.4755420684814453,0.2413959503173828,0.3991584777832031,0.7303924560546875,-0.12237548828125,0.040378501719997115,0.08366571297322806,0.036093592822999496,0.03956085004304535,0.06294067497540147,0.018442457959167075,0.011906143417931662,0.02853985693221584,0.0037046948769934303,0.2254009246826172,0.2578868865966797,0.18489646911621094,0.317901611328125,0.2741565704345703,0.2624034881591797,0.22430038452148438,0.1962757110595703,0.2293529510498047,0.7902617984347873,0.8174563513861762,1.6394920349121094,-0.12237548828125,1.6394920349121094,0.5703045254873488,1.7618675231933594,2.005601904096742,0.5644272339183131,0.036136942857886614,0.036136942857886614,0.08366571297322806,0.0037046948769934303,0.08366571297322806,0.02504229608659576,0.07996101809623463,2.3152398405658228,0.5749268358136114,0.24139722188313803,0.24139722188313803,0.317901611328125,0.18489646911621094,0.317901611328125,0.04117159582334209,0.13300514221191406,1.3169231844465525,0.3932944396346133
T0198,sick,1,2014-11-11,28.38129234313965,34.540000915527344,22.030000686645508,3.2978951930999756,10.87611198425293,29.12606430053711,35.189998626708984,22.31999969482422,3.564255475997925,12.703916549682617,28.38129234313965,28.602256774902344,28.741243362426758,28.783296585083008,28.804000854492188,28.849977493286133,28.85350227355957,28.882125854492188,28.833179473876953,28.857744216918945,28.85635757446289,28.826845169067383,28.922128677368164,29.0808162689209,28.889694213867188,29.077239990234375,29.039052963256836,29.073524475097656,29.06354522705078,29.12606430053711,3.2978951930999756,3.3959240913391113,3.436990261077881,3.4559154510498047,3.4863240718841553,3.5050227642059326,3.5329699516296387,3.5146982669830322,3.5180933475494385,3.5162672996520996,3.5352065563201904,3.539743661880493,3.5466840267181396,3.555561065673828,3.5578043460845947,3.5476958751678467,3.5629661083221436,3.5404298305511475,3.561467409133911,3.564255475997925,3.5085957050323486,3.564255475997925,3.2978951930999756,0.2209644317626953,0.13898658752441406,0.04205322265625,0.020704269409179688,0.04597663879394531,0.0035247802734375,0.028623580932617188,-0.048946380615234375,0.024564743041992188,-0.0013866424560546875,-0.029512405395507812,0.09528350830078125,0.15868759155273438,-0.19112205505371094,0.1875457763671875,-0.03818702697753906,0.03447151184082031,-0.009979248046875,0.06251907348632812,0.7447719573974609,0.026643251117906382,0.03919852524995804,0.2209644317626953,-0.19112205505371094,0.09193244576454163,0.07279155403375626,0.08544889177594966,0.021081220536004537,0.03357821873256024,548.7902221679688,9.545655250549316,0.2173311859369278,6.064450263977051,0.624252438545227,0.06535650044679642,0.2663602828979492,0.009301063709689169,0.8935508728027344,1.4211006164550781,1.230489730834961,0.21782684326171875,0.7535228729248047,0.7598114013671875,0.11424636840820312,0.5370388031005859,0.7729015350341797,0.04392094719678762,0.05927236456620014,0.042139016058211624,0.008836845168493661,0.028132369823024618,0.022244609746717315,0.002464896754214111,0.008865593071270265,0.023874317255235238,0.3247222900390625,0.30748939514160156,0.40143775939941406,0.27751922607421875,0.198760986328125,0.2643909454345703,0.2584686279296875,0.3356952667236328,0.24324607849121094,0.744498782687717,0.744498782687717,1.4211006164550781,0.11424636840820312,1.4211006164550781,0.4235205833481626,1.306854248046875,1.9088017743114922,0.5290869355090116,0.026638995515572732,0.026638995515572732,0.05927236456620014,0.002464896754214111,0.05927236456620014,0.018875364061622907,0.056807467811986034,2.225021671006092,0.6061803547211118,0.2901922861735026,0.2901922861735026,0.40143775939941406,0.198760986328125,0.40143775939941406,0.059512522667033614,0.20267677307128906,1.3833508493947029,0.40657153614250374
T0202,sick,1,2013-10-11,28.571855545043945,34.63999938964844,23.079999923706055,3.136183500289917,9.835647583007812,29.06699562072754,34.59000015258789,22.8700008392334,3.6725211143493652,13.487410545349121,28.571855545043945,28.6013240814209,28.6942195892334,28.869665145874023,28.868030548095703,28.91543960571289,28.846370697021484,28.88581657409668,28.929908752441406,28.915056228637695,29.00349998474121,28.989530563354492,28.94466781616211,28.894004821777344,28.983840942382812,28.99666976928711,29.00155258178711,29.0322322845459,29.084924697875977,29.06699562072754,3.136183500289917,3.186462640762329,3.296633720397949,3.3437180519104004,3.402768135070801,3.4372646808624268,3.4686357975006104,3.4999821186065674,3.524325370788574,3.552239179611206,3.564980983734131,3.58416485786438,3.6096417903900146,3.6236155033111572,3.6258153915405273,3.640843391418457,3.6533589363098145,3.6582560539245605,3.6614532470703125,3.6725211143493652,3.507143497467041,3.6725211143493652,3.136183500289917,0.029468536376953125,0.0928955078125,0.175445556640625,-0.0016345977783203125,0.0474090576171875,-0.06906890869140625,0.03944587707519531,0.04409217834472656,-0.014852523803710938,0.08844375610351562,-0.01396942138671875,-0.04486274719238281,-0.050662994384765625,0.08983612060546875,0.012828826904296875,0.0048828125,0.030679702758789062,0.052692413330078125,-0.0179290771484375,0.49514007568359375,0.020555824623967572,0.02606000378727913,0.175445556640625,-0.06906890869140625,0.05758848786354065,0.048478979617357254,0.07695672171456322,0.010654812767390238,0.020320510864258793,549.2762451171875,6.410924911499023,0.24713259935379028,10.826539993286133,0.8311305046081543,0.15681087970733643,0.5363376140594482,0.025455731019041517,-0.10297775268554688,1.3310375213623047,0.18521881103515625,0.17954635620117188,1.4223175048828125,0.25803375244140625,0.1822376251220703,0.7965240478515625,0.20826148986816406,-0.009844022765196568,0.06114363706201556,0.005527318509896882,0.003146597496548214,0.06434477038849562,0.013296804212985897,0.003656236748945754,0.033176470878428864,0.01070515338639523,0.146942138671875,0.24998092651367188,0.1967334747314453,0.17986106872558594,0.2381153106689453,0.10434913635253906,0.18037796020507812,0.17821693420410156,0.10986328125,0.4955777062310113,0.518461651272244,1.4223175048828125,-0.10297775268554688,1.4223175048828125,0.5521588650088955,1.5252952575683594,2.7433417186385824,0.7607718071718036,0.020572551768723937,0.022760112383212065,0.06434477038849562,-0.009844022765196568,0.06434477038849562,0.026487104318331536,0.07418879315369219,2.827083673150919,0.7745757036683896,0.17604891459147134,0.17604891459147134,0.24998092651367188,0.10434913635253906,0.24998092651367188,0.050190393834327884,0.1456317901611328,1.4199514543685101,0.4322218623670706
T0203,sick,1,2013-10-11,29.601346969604492,34.22999954223633,23.389999389648438,2.5937674045562744,6.7276291847229,30.58356475830078,34.880001068115234,23.200000762939453,3.0333774089813232,9.201377868652344,29.601346969604492,29.837936401367188,29.928691864013672,30.121992111206055,30.130390167236328,30.238786697387695,30.270793914794922,30.312292098999023,30.34756851196289,30.40745735168457,30.5320987701416,30.537559509277344,30.49968719482422,30.554590225219727,30.567977905273438,30.571063995361328,30.53338623046875,30.526565551757812,30.59063720703125,30.58356475830078,2.5937674045562744,2.6858294010162354,2.767817258834839,2.812720775604248,2.874063014984131,2.890329360961914,2.9129726886749268,2.9499993324279785,2.981229782104492,2.996407985687256,3.0113890171051025,3.0240278244018555,3.052887201309204,3.039926528930664,3.0466537475585938,3.023165702819824,3.04278564453125,3.0435073375701904,3.0264956951141357,3.0333774089813232,2.940467596054077,3.052887201309204,2.5937674045562744,0.2365894317626953,0.09075546264648438,0.1933002471923828,0.008398056030273438,0.10839653015136719,0.03200721740722656,0.04149818420410156,0.03527641296386719,0.05988883972167969,0.12464141845703125,0.0054607391357421875,-0.037872314453125,0.05490303039550781,0.013387680053710938,0.003086090087890625,-0.037677764892578125,-0.0068206787109375,0.0640716552734375,-0.00707244873046875,0.9822177886962891,0.043009456835294446,0.051695674657821655,0.2365894317626953,-0.037872314453125,0.07108990848064423,0.06111074611544609,0.12165314810616631,0.04307338169642663,0.003709520612445728,576.6019287109375,14.176339149475098,0.39951828122138977,8.834057807922363,0.9389950037002563,0.1291329264640808,0.43961000442504883,0.019446354880368773,0.6171035766601562,1.7327461242675781,0.9050922393798828,0.7297630310058594,1.6926002502441406,0.8092536926269531,0.7611293792724609,1.2680740356445312,0.32837867736816406,0.022783425696810147,0.07546670096261136,0.04283582357535652,0.03111822802321353,0.07474471787760972,0.041191116849281714,0.031346306764989056,0.05082162555895312,0.016908213966770502,0.2049083709716797,0.3697471618652344,0.2529640197753906,0.35725975036621094,0.40231895446777344,0.29468536376953125,0.2883930206298828,0.3659172058105469,0.2545642852783203,0.9826823340521919,0.9826823340521919,1.7327461242675781,0.32837867736816406,1.7327461242675781,0.4820451567993513,1.404367446899414,1.7632820359043198,0.5306813178822085,0.043024017697288405,0.043024017697288405,0.07546670096261136,0.016908213966770502,0.07546670096261136,0.020894860844525746,0.05855848699584086,1.7540594175325817,0.5191752316936222,0.31008423699273,0.31008423699273,0.40231895446777344,0.2049083709716797,0.40231895446777344,0.06663758173091434,0.19741058349609375,1.2974504779573852,0.40776852162005317
T0204,sick,1,2013-10-11,28.097881317138672,34.61000061035156,23.219999313354492,2.2374303340911865,5.006093978881836,29.248619079589844,35.0,23.049999237060547,3.033615827560425,9.202825546264648,28.097881317138672,28.313678741455078,28.473512649536133,28.678075790405273,28.71969985961914,28.825618743896484,28.93191146850586,28.934307098388672,28.981372833251953,29.049707412719727,29.114850997924805,29.181812286376953,29.096342086791992,29.182170867919922,29.17792320251465,29.242881774902344,29.188213348388672,29.198535919189453,29.288694381713867,29.248619079589844,2.2374303340911865,2.3788516521453857,2.4897966384887695,2.5204360485076904,2.5945358276367188,2.651334524154663,2.684281826019287,2.7220191955566406,2.758791208267212,2.7924580574035645,2.82712984085083,2.853700637817383,2.8934199810028076,2.893468141555786,2.9229774475097656,2.9203243255615234,2.9671080112457275,2.983299732208252,2.9780147075653076,3.033615827560425,2.7551496028900146,3.033615827560425,2.2374303340911865,0.21579742431640625,0.1598339080810547,0.20456314086914062,0.04162406921386719,0.10591888427734375,0.106292724609375,0.0023956298828125,0.04706573486328125,0.06833457946777344,0.06514358520507812,0.06696128845214844,-0.08547019958496094,0.08582878112792969,-0.0042476654052734375,0.06495857238769531,-0.054668426513671875,0.01032257080078125,0.09015846252441406,-0.04007530212402344,1.1507377624511719,0.05120346958475847,0.06056514382362366,0.21579742431640625,-0.08547019958496094,0.07809360325336456,0.07998215407133102,0.14460896083286864,0.038433960505893046,0.014321136474608418,550.2525634765625,16.39281463623047,0.4506482481956482,6.773382663726807,0.7982080578804016,0.2135438770055771,0.7961854934692383,0.035482515966085544,0.4754619598388672,2.031536102294922,1.6505298614501953,-0.04047203063964844,1.7105598449707031,1.4697322845458984,-0.15454483032226562,1.961212158203125,1.2482776641845703,0.03362205906918063,0.0873516441287849,0.06806878254825835,0.0056076910262713815,0.07654285861137157,0.05513167703958352,0.002652136723797963,0.08299534302904985,0.04877267421636298,0.4759788513183594,0.430267333984375,0.3746471405029297,0.3077583312988281,0.2883434295654297,0.5097484588623047,0.20514869689941406,0.41046714782714844,0.3852043151855469,1.1502547793918185,1.1935918596055772,2.031536102294922,-0.15454483032226562,2.031536102294922,0.8430508313403137,2.1860809326171875,1.7020358080741984,0.5309192542810531,0.051193874043629024,0.051193874043629024,0.0873516441287849,0.002652136723797963,0.0873516441287849,0.03164369773246956,0.08469950740498694,1.706290619683029,0.5358493570285501,0.37639596727159286,0.37639596727159286,0.5097484588623047,0.20514869689941406,0.5097484588623047,0.09593829707868369,0.3045997619628906,1.3542877438737604,0.4179979368976408
T0209,sick,1,2013-11-08,29.59676170349121,35.29999923706055,23.049999237060547,2.933926820755005,8.607926368713379,30.275806427001953,35.7599983215332,23.15999984741211,3.232672691345215,10.450172424316406,29.59676170349121,29.528636932373047,29.749570846557617,29.934690475463867,29.978797912597656,30.009838104248047,30.124114990234375,30.303693771362305,30.181259155273438,30.223051071166992,30.182809829711914,30.209495544433594,30.194473266601562,30.2332706451416,30.178974151611328,30.290918350219727,30.20435905456543,30.29343032836914,30.328147888183594,30.275806427001953,2.933926820755005,2.8697259426116943,3.017367362976074,3.0499815940856934,3.097872018814087,3.1152892112731934,3.1089723110198975,3.149885654449463,3.1710855960845947,3.1674773693084717,3.192854404449463,3.2013893127441406,3.206615686416626,3.218508243560791,3.235091209411621,3.2178657054901123,3.2537460327148438,3.228679656982422,3.2465288639068604,3.232672691345215,3.1457769870758057,3.2537460327148438,2.8697259426116943,-0.06812477111816406,0.2209339141845703,0.18511962890625,0.04410743713378906,0.031040191650390625,0.11427688598632812,0.1795787811279297,-0.12243461608886719,0.04179191589355469,-0.040241241455078125,0.026685714721679688,-0.01502227783203125,0.03879737854003906,-0.05429649353027344,0.11194419860839844,-0.08655929565429688,0.08907127380371094,0.034717559814453125,-0.052341461181640625,0.6790447235107422,0.0326128751711739,0.035739194601774216,0.2209339141845703,-0.12243461608886719,0.0938420221209526,0.08195184171199799,0.10288527352469248,0.0031244641258589044,0.019569178989954864,572.0858154296875,9.747344017028809,1.046876072883606,16.839763641357422,2.2426834106445312,0.10396242886781693,0.29874587059020996,0.016139309567616358,1.3910903930664062,1.4853973388671875,-0.32718849182128906,1.377166748046875,1.0638427734375,-0.2802467346191406,1.1167736053466797,0.7552242279052734,-0.4560108184814453,0.07701966852173764,0.06839555152376758,-0.025598622085456914,0.07311329518941997,0.055624821311548237,-0.02310706403918754,0.06902908095739804,0.04062223792972383,-0.040702154403342766,0.2510490417480469,0.4214038848876953,0.416259765625,0.38037681579589844,0.3266181945800781,0.5146560668945312,0.2816295623779297,0.2898750305175781,0.6263713836669922,0.680672115749783,0.9169934590657552,1.4853973388671875,-0.4560108184814453,1.4853973388671875,0.8070889046531855,1.9414081573486328,1.6198559629661586,0.515410737457415,0.032710757211734234,0.05257916621795362,0.07701966852173764,-0.040702154403342766,0.07701966852173764,0.04832285201777109,0.1177218229250804,1.4648321647808282,0.4631366286975268,0.3898044162326389,0.3898044162326389,0.6263713836669922,0.2510490417480469,0.6263713836669922,0.12158967371131747,0.3753223419189453,1.6068862781285298,0.44536047820999214
T0210,sick,1,2013-11-08,28.009977340698242,33.09000015258789,22.829999923706055,2.5031182765960693,6.26560115814209,29.002304077148438,34.060001373291016,22.899999618530273,3.0126380920410156,9.075987815856934,28.009977340698242,28.22355079650879,28.387678146362305,28.458786010742188,28.570873260498047,28.526214599609375,28.597063064575195,28.674846649169922,28.700761795043945,28.724281311035156,28.674657821655273,28.701799392700195,28.752197265625,28.999462127685547,28.905139923095703,29.00374984741211,28.999940872192383,28.902647018432617,28.92977523803711,29.002304077148438,2.5031182765960693,2.575392246246338,2.697673797607422,2.7777016162872314,2.805964469909668,2.866133213043213,2.8852577209472656,2.892476797103882,2.9336607456207275,2.943798780441284,2.985605001449585,2.975294351577759,2.9823760986328125,2.9824540615081787,3.011533737182617,2.9846091270446777,2.9851930141448975,3.0483100414276123,3.047560453414917,3.0126380920410156,2.8948376178741455,3.0483100414276123,2.5031182765960693,0.21357345581054688,0.16412734985351562,0.07110786437988281,0.11208724975585938,-0.044658660888671875,0.07084846496582031,0.07778358459472656,0.025915145874023438,0.023519515991210938,-0.04962348937988281,0.027141571044921875,0.05039787292480469,0.24726486206054688,-0.09432220458984375,0.09860992431640625,-0.0038089752197265625,-0.09729385375976562,0.027128219604492188,0.07252883911132812,0.9923267364501953,0.042818478175571245,0.052227724343538284,0.24726486206054688,-0.09729385375976562,0.08991511911153793,0.0827232152223587,0.10555033002581013,0.0375837598528168,0.004760088239397728,545.2395629882812,13.049996376037598,0.3971312642097473,9.943204879760742,0.9367033243179321,0.14856910705566406,0.5095198154449463,0.022733038887941696,1.3608989715576172,1.2606830596923828,0.7601852416992188,1.0229873657226562,1.2916011810302734,0.3699321746826172,1.0066051483154297,1.3593788146972656,0.5049858093261719,0.056717211501042024,0.05562102382344295,0.04210431808815733,0.04237579833295979,0.05834929387372276,0.013528759318186069,0.039290871297505844,0.05255153627323803,0.025053184910823784,0.28020668029785156,0.25682830810546875,0.4528217315673828,0.2348651885986328,0.24637222290039062,0.2744121551513672,0.253387451171875,0.3806648254394531,0.31143760681152344,0.9930286407470703,0.9930286407470703,1.3608989715576172,0.3699321746826172,1.3608989715576172,0.3728368253337391,0.990966796875,1.3704528771992555,0.4488937286483748,0.042843555268786505,0.042843555268786505,0.05834929387372276,0.013528759318186069,0.05834929387372276,0.015328308107233696,0.04482053455553669,1.3619149925469176,0.4426635560749498,0.29899957444932723,0.29899957444932723,0.4528217315673828,0.2348651885986328,0.4528217315673828,0.07261596503311153,0.21795654296875,1.5144560565237992,0.4254648045615814
T0213,sick,1,2013-11-08,28.180681228637695,33.52000045776367,22.459999084472656,2.7328128814697266,7.468266487121582,29.193050384521484,34.45000076293945,22.670000076293945,3.181267023086548,10.120460510253906,28.180681228637695,28.4291934967041,28.67317008972168,28.609968185424805,28.81178092956543,28.666942596435547,28.875032424926758,28.872665405273438,28.947282791137695,28.969772338867188,28.938291549682617,28.963848114013672,28.97446632385254,28.952314376831055,28.956100463867188,29.117795944213867,28.99666976928711,29.14885139465332,29.04547119140625,29.193050384521484,2.7328128814697266,2.827528476715088,2.8837342262268066,2.9471421241760254,2.987423896789551,3.043870449066162,3.0698184967041016,3.070629358291626,3.0961005687713623,3.080578565597534,3.0933399200439453,3.113731861114502,3.134693145751953,3.128584861755371,3.1668171882629395,3.129234552383423,3.185392379760742,3.122724771499634,3.1740224361419678,3.181267023086548,3.0584726333618164,3.185392379760742,2.7328128814697266,0.24851226806640625,0.24397659301757812,-0.063201904296875,0.201812744140625,-0.1448383331298828,0.20808982849121094,-0.0023670196533203125,0.07461738586425781,0.022489547729492188,-0.03148078918457031,0.025556564331054688,0.010618209838867188,-0.022151947021484375,0.0037860870361328125,0.1616954803466797,-0.12112617492675781,0.15218162536621094,-0.10338020324707031,0.14757919311523438,1.012369155883789,0.036775078450826226,0.053282588720321655,0.24851226806640625,-0.1448383331298828,0.1216396912932396,0.10470852255821228,0.10045334952218338,0.012716588519868843,0.031998770577567955,548.636474609375,13.203539848327637,0.3620730936527252,12.716228485107422,1.0390219688415527,0.12045066058635712,0.4484541416168213,0.018463845181285878,1.3610706329345703,1.5550880432128906,1.1530284881591797,0.8249855041503906,1.1308326721191406,0.6141567230224609,0.8392276763916016,1.2071800231933594,0.42967796325683594,0.04362455095563594,0.06614797061547263,0.04932425649542488,0.015860003994819013,0.041283200199441566,0.03227110554401122,0.0214546060203605,0.040156658430744306,0.020888079019417395,0.3702125549316406,0.33098602294921875,0.3325157165527344,0.3525562286376953,0.2615509033203125,0.3985157012939453,0.3550682067871094,0.34377288818359375,0.4005317687988281,1.0128053029378254,1.0128053029378254,1.5550880432128906,0.42967796325683594,1.5550880432128906,0.3624737055476947,1.1254100799560547,1.5354264273180755,0.45235618587268517,0.03677893680836972,0.03677893680836972,0.06614797061547263,0.015860003994819013,0.06614797061547263,0.015983435902738638,0.050287966620653615,1.7985281351346216,0.48063975702264966,0.34952333238389754,0.34952333238389754,0.4005317687988281,0.2615509033203125,0.4005317687988281,0.04164613958634662,0.13898086547851562,1.1459371098566165,0.37169987840060326
T0240,sick,1,2014-07-18,27.050251007080078,33.540000915527344,21.040000915527344,3.744412899017334,14.020627975463867,27.977724075317383,34.83000183105469,21.190000534057617,4.170150279998779,17.390151977539062,27.050251007080078,27.23921012878418,27.242137908935547,27.50476837158203,27.524974822998047,27.538352966308594,27.571063995361328,27.63060188293457,27.56458282470703,27.59992790222168,27.680492401123047,27.6489200592041,27.768516540527344,27.662559509277344,27.613515853881836,27.560529708862305,27.784433364868164,27.918750762939453,28.03294563293457,27.977724075317383,3.744412899017334,3.8293066024780273,3.8823049068450928,3.861815929412842,3.909770965576172,3.9690582752227783,3.9985108375549316,4.025631904602051,4.073161602020264,4.071109771728516,4.094768524169922,4.114931583404541,4.092972278594971,4.124306678771973,4.1450347900390625,4.1857476234436035,4.187758445739746,4.174857139587402,4.140239715576172,4.170150279998779,4.039792537689209,4.187758445739746,3.744412899017334,0.18895912170410156,0.0029277801513671875,0.2626304626464844,0.020206451416015625,0.013378143310546875,0.032711029052734375,0.05953788757324219,-0.06601905822753906,0.03534507751464844,0.08056449890136719,-0.03157234191894531,0.11959648132324219,-0.10595703125,-0.04904365539550781,-0.05298614501953125,0.22390365600585938,0.13431739807128906,0.11419486999511719,-0.0552215576171875,0.9274730682373047,0.03581317098517121,0.04881437122821808,0.2626304626464844,-0.10595703125,0.10071299970149994,0.08679329603910446,0.10172669546944561,0.01980497723533926,0.09636017935616598,524.6002807617188,10.645503044128418,1.6855661869049072,21.29746437072754,3.2211170196533203,0.12887519598007202,0.4257373809814453,0.021042242623809514,1.0745658874511719,1.1081676483154297,1.6819400787353516,0.46819496154785156,1.1195430755615234,0.9574604034423828,0.2365283966064453,1.1478004455566406,0.5511493682861328,0.03507701902461171,0.04934883691314403,0.07359393270392105,-0.0030387147028647942,0.05418624734519938,0.04868341747083099,-0.001815705550345209,0.04820530970293743,0.017924026259801832,0.7326545715332031,0.32326507568359375,1.2621955871582031,1.3776359558105469,0.6062793731689453,0.9273414611816406,1.517507553100586,0.22317123413085938,1.1480484008789062,0.9272611406114366,0.9272611406114366,1.6819400787353516,0.2365283966064453,1.6819400787353516,0.4387199592722552,1.4454116821289062,1.8138795932799288,0.47323161634644667,0.03579604101858183,0.036874801074850715,0.07359393270392105,-0.0030387147028647942,0.07359393270392105,0.026252001443532513,0.07663264740678584,1.9957778917032454,0.5337249481487002,0.9020110236273872,0.9020110236273872,1.517507553100586,0.22317123413085938,1.517507553100586,0.46204344287077354,1.2943363189697266,1.6823602999599836,0.512107450531265
T0241,sick,1,2014-07-18,27.367321014404297,33.47999954223633,20.420000076293945,3.7017741203308105,13.703131675720215,28.123382568359375,34.349998474121094,20.729999542236328,3.97800350189209,15.824511528015137,27.367321014404297,27.665136337280273,27.782917022705078,28.069589614868164,28.018739700317383,28.087968826293945,27.969717025756836,27.837553024291992,27.99966812133789,28.065296173095703,28.015201568603516,28.05499267578125,28.010093688964844,28.01756477355957,28.049287796020508,28.1193790435791,28.124954223632812,28.19951820373535,28.182796478271484,28.123382568359375,3.7017741203308105,3.8024120330810547,3.844806671142578,3.8415398597717285,3.888925313949585,3.9257147312164307,3.90893292427063,3.9769458770751953,3.979970932006836,3.957482099533081,4.005553245544434,3.971071481704712,3.9861037731170654,4.033385753631592,4.008176326751709,4.106343746185303,3.979519844055176,3.9449222087860107,3.9700191020965576,3.97800350189209,3.940580368041992,4.106343746185303,3.7017741203308105,0.29781532287597656,0.11778068542480469,0.28667259216308594,-0.05084991455078125,0.0692291259765625,-0.11825180053710938,-0.13216400146484375,0.16211509704589844,0.0656280517578125,-0.0500946044921875,0.039791107177734375,-0.04489898681640625,0.0074710845947265625,0.0317230224609375,0.07009124755859375,0.0055751800537109375,0.07456398010253906,-0.016721725463867188,-0.059413909912109375,0.7560615539550781,0.024215465918519096,0.03979271277785301,0.29781532287597656,-0.13216400146484375,0.1136854812502861,0.08951849490404129,0.14144919259207583,0.015637102581204355,0.018151147024972433,532.0157470703125,12.036626815795898,1.5935783386230469,22.106611251831055,2.8772804737091064,0.08770302683115005,0.2762293815612793,0.01162800035978615,0.3173694610595703,0.6919803619384766,1.2754402160644531,-0.027568817138671875,0.9533023834228516,1.3607063293457031,0.28753089904785156,1.0941352844238281,0.84600830078125,0.013602632508241688,0.012667443698510068,0.054340690956975635,-0.025301452866174644,0.03319128653160544,0.06795812190923384,-0.018027903621359115,0.031199555647999717,0.04785152234529163,0.5677909851074219,0.3446331024169922,1.9189777374267578,2.613393783569336,0.3892822265625,2.573514938354492,2.755197525024414,0.4545326232910156,2.547454833984375,0.7554338243272569,0.7615602281358507,1.3607063293457031,-0.027568817138671875,1.3607063293457031,0.4778583533061561,1.388275146484375,1.7867349964021808,0.5442455408684883,0.024164655234480473,0.03379340112059908,0.06795812190923384,-0.025301452866174644,0.06795812190923384,0.03160567293985222,0.09325957477540849,2.010987339120949,0.5594462691755183,1.5738641950819228,1.5738641950819228,2.755197525024414,0.3446331024169922,2.755197525024414,1.1023715282471342,2.410564422607422,1.750594184763863,0.5606940241702295
T0242,sick,1,2014-07-25,26.19664764404297,34.4900016784668,20.809999465942383,3.3182547092437744,11.01081371307373,27.176414489746094,34.72999954223633,20.780000686645508,3.8172767162323,14.571601867675781,26.19664764404297,26.686128616333008,26.664134979248047,26.743745803833008,26.686279296875,26.96915054321289,27.0357723236084,26.8674259185791,27.055532455444336,27.064735412597656,27.224733352661133,27.284086227416992,27.28005599975586,27.294878005981445,26.872142791748047,27.107694625854492,27.41705322265625,27.289030075073242,27.3054141998291,27.176414489746094,3.3182547092437744,3.2689192295074463,3.343292713165283,3.336991310119629,3.553605556488037,3.441978931427002,3.506328821182251,3.5838534832000732,3.553229808807373,3.513239860534668,3.511392116546631,3.4609131813049316,3.5525689125061035,3.5213003158569336,3.774317741394043,3.6967506408691406,3.540884017944336,3.6020517349243164,3.727191925048828,3.8172767162323,3.531217098236084,3.8172767162323,3.2689192295074463,0.48948097229003906,-0.021993637084960938,0.07961082458496094,-0.05746650695800781,0.2828712463378906,0.06662178039550781,-0.16834640502929688,0.18810653686523438,0.009202957153320312,0.15999794006347656,0.059352874755859375,-0.0040302276611328125,0.014822006225585938,-0.42273521423339844,0.2355518341064453,0.3093585968017578,-0.1280231475830078,0.016384124755859375,-0.1289997100830078,0.979766845703125,0.041920974559353064,0.051566675305366516,0.48948097229003906,-0.42273521423339844,0.19735167920589447,0.14962929487228394,0.11264506748744355,0.05622082664852786,0.0567569732666002,513.5345458984375,15.798219680786133,1.1567810773849487,13.125083923339844,1.8254096508026123,0.14449761807918549,0.4990220069885254,0.021082157658455006,1.0267887115478516,2.0624465942382812,1.521596908569336,-0.05128288269042969,1.581024169921875,0.478607177734375,0.13002967834472656,0.9051132202148438,1.162515640258789,0.02947897946924121,0.08128527447693283,0.10799073384220341,0.00444223504317371,0.05913357985647048,0.016371731292035643,0.002322087969098315,0.03368181644525734,0.042389631629885724,1.4176368713378906,0.7305202484130859,1.7155704498291016,0.7736911773681641,0.5759410858154297,0.42719459533691406,0.3740978240966797,0.37688255310058594,0.2653999328613281,0.9796488020155165,0.9910449981689453,2.0624465942382812,-0.05128288269042969,2.0624465942382812,0.6986365873809582,2.113729476928711,2.081082672570903,0.5790820886013864,0.04189956333603319,0.04189956333603319,0.10799073384220341,0.002322087969098315,0.10799073384220341,0.03546024010950187,0.1056686458731051,2.577370728243968,0.6587434909416192,0.73965941535102,0.73965941535102,1.7155704498291016,0.2653999328613281,1.7155704498291016,0.503475397106112,1.4501705169677734,2.3194059198460746,0.5868915118351608
T0245,sick,1,2014-08-22,26.20286750793457,34.790000915527344,20.239999771118164,3.5801029205322266,12.817137718200684,26.694568634033203,34.31999969482422,20.030000686645508,3.9040913581848145,15.241929054260254,26.20286750793457,26.199222564697266,26.369829177856445,26.34634017944336,26.249542236328125,26.330753326416016,26.453901290893555,26.486309051513672,26.589807510375977,26.605703353881836,26.628923416137695,26.642480850219727,26.661418914794922,26.633018493652344,26.73129653930664,26.740936279296875,26.7469425201416,26.776750564575195,26.78042221069336,26.694568634033203,3.5801029205322266,3.618037462234497,3.640990972518921,3.6632633209228516,3.7054038047790527,3.719054937362671,3.731752872467041,3.7483022212982178,3.750244379043579,3.7697982788085938,3.782552719116211,3.794466495513916,3.8069634437561035,3.829239845275879,3.838102102279663,3.850768566131592,3.8663649559020996,3.8733747005462646,3.8743185997009277,3.9040913581848145,3.767359495162964,3.9040913581848145,3.5801029205322266,-0.0036449432373046875,0.1706066131591797,-0.023488998413085938,-0.09679794311523438,0.08121109008789062,0.12314796447753906,0.03240776062011719,0.10349845886230469,0.015895843505859375,0.023220062255859375,0.01355743408203125,0.018938064575195312,-0.028400421142578125,0.09827804565429688,0.009639739990234375,0.0060062408447265625,0.02980804443359375,0.0036716461181640625,-0.08585357666015625,0.4917011260986328,0.03147007504800175,0.02587900683283806,0.1706066131591797,-0.09679794311523438,0.06490515172481537,0.05095120519399643,0.02191140311104998,0.027507259732200147,-0.0010106767926889827,504.4223327636719,6.56783390045166,0.46216920018196106,14.637539863586426,1.2882606983184814,0.08993632346391678,0.3239884376525879,0.015361059697947042,0.6521472930908203,1.1702747344970703,0.11102294921875,0.1466522216796875,0.7388458251953125,0.7721900939941406,-0.6738796234130859,1.0113296508789062,0.49715423583984375,0.03814560165978871,0.06462649868843186,0.008847745737634086,0.01266368636511307,0.0421807081179506,0.048240076509633426,-0.027037584692015997,0.05723929010835824,0.03831950022761937,0.1377429962158203,0.22864532470703125,0.2148113250732422,0.15345191955566406,0.22182273864746094,0.31471824645996094,0.13350677490234375,0.2462329864501953,0.24837493896484375,0.49174859788682723,0.6414996253119575,1.1702747344970703,-0.6738796234130859,1.1702747344970703,0.5610878164595404,1.8441543579101562,1.824279656726496,0.511612747815121,0.031469502524723705,0.037477854678505035,0.06462649868843186,-0.027037584692015997,0.06462649868843186,0.028590700079070497,0.09166408338044785,1.7243911637659972,0.504315182992685,0.21103413899739584,0.21103413899739584,0.31471824645996094,0.13350677490234375,0.31471824645996094,0.05971002743810623,0.1812114715576172,1.491314310765148,0.42611650495079484
T0246,sick,1,2014-08-22,28.36214256286621,36.5,19.6299991607666,4.888531684875488,23.897741317749023,27.713626861572266,36.31999969482422,19.719999313354492,4.858978271484375,23.609668731689453,28.36214256286621,28.36214256286621,28.1833553314209,28.1833553314209,28.043079376220703,28.043079376220703,28.024097442626953,27.8491153717041,28.045162200927734,27.91155242919922,28.083147048950195,27.992780685424805,27.872697830200195,27.987119674682617,28.009248733520508,27.979740142822266,28.026643753051758,27.87468719482422,27.867897033691406,27.713626861572266,4.888531684875488,4.888531684875488,4.8931193351745605,4.8931193351745605,4.895618915557861,4.895618915557861,4.9958319664001465,4.939399719238281,4.947292804718018,4.9166975021362305,4.886733531951904,4.890700817108154,4.882072448730469,4.8610734939575195,4.852494716644287,4.881855487823486,4.831511497497559,4.848927974700928,4.85163688659668,4.858978271484375,4.889987468719482,4.9958319664001465,4.831511497497559,0.0,-0.1787872314453125,0.0,-0.1402759552001953,0.0,-0.01898193359375,-0.17498207092285156,0.1960468292236328,-0.13360977172851562,0.17159461975097656,-0.09036636352539062,-0.12008285522460938,0.11442184448242188,0.022129058837890625,-0.029508590698242188,0.04690361022949219,-0.15195655822753906,-0.0067901611328125,-0.15427017211914062,-0.6485157012939453,-0.02144280770667596,-0.03413240611553192,0.1960468292236328,-0.1787872314453125,0.11059442907571793,0.0921425074338913,-0.0729287283761165,-0.001505738212948897,-0.05615986415318049,532.3767700195312,-6.503922462463379,1.9768881797790527,33.59882736206055,4.333298206329346,0.03718097135424614,-0.02955341339111328,-0.003474962263179155,-0.5311107635498047,0.1587810516357422,-2.7436180114746094,0.7140941619873047,0.12026596069335938,-1.9044055938720703,0.5262470245361328,-0.3076305389404297,-1.8478584289550781,0.01289191425294767,0.024301125949486933,-0.17251912597426874,0.06399768743299884,0.03127621241978183,-0.12382441499179521,0.0607403332129452,0.014619854518344716,-0.10289508704852357,0.8727035522460938,0.25212860107421875,0.9023284912109375,0.48927879333496094,0.3273429870605469,0.9708251953125,0.5041294097900391,0.3682231903076172,0.7119426727294922,-0.6461372375488281,0.983779059516059,0.7140941619873047,-2.7436180114746094,2.7436180114746094,1.2254896053679496,3.457712173461914,2.788855848319939,0.7336654126566182,-0.02126794446978693,0.06745175064456586,0.06399768743299884,-0.17251912597426874,0.17251912597426874,0.08756824782459265,0.2365168134072676,2.5576667580754613,0.6576530097818091,0.5998780992296007,0.5998780992296007,0.9708251953125,0.25212860107421875,0.9708251953125,0.27072571447017835,0.7186965942382812,1.6183707662866573,0.5085954105990629
T0255,sick,1,2014-10-10,28.226699829101562,35.38999938964844,20.579999923706055,4.053671360015869,16.4322509765625,28.22675132751465,34.880001068115234,20.8799991607666,3.833146333694458,14.693011283874512,28.226699829101562,28.16412353515625,28.181934356689453,28.220487594604492,28.139772415161133,28.274818420410156,28.263736724853516,28.193450927734375,28.154983520507812,28.097627639770508,28.344215393066406,28.232929229736328,28.183629989624023,28.17038345336914,28.19099998474121,28.321975708007812,28.264310836791992,28.253223419189453,28.2081356048584,28.22675132751465,4.053671360015869,4.063918113708496,4.1035590171813965,4.086203098297119,4.100493907928467,4.071993350982666,4.017383098602295,4.0485148429870605,4.094180107116699,3.9851067066192627,3.883673906326294,3.8144235610961914,3.816723108291626,3.8870491981506348,3.937751531600952,3.8422393798828125,3.87210750579834,3.9070115089416504,3.9477813243865967,3.833146333694458,3.9683468341827393,4.1035590171813965,3.8144235610961914,-0.0625762939453125,0.017810821533203125,0.03855323791503906,-0.08071517944335938,0.13504600524902344,-0.011081695556640625,-0.07028579711914062,-0.0384674072265625,-0.05735588073730469,0.24658775329589844,-0.11128616333007812,-0.04929924011230469,-0.013246536254882812,0.020616531372070312,0.13097572326660156,-0.05766487121582031,-0.011087417602539062,-0.04508781433105469,0.01861572265625,5.14984130859375e-05,0.0025683754368825843,2.7104426862933906e-06,0.24658775329589844,-0.11128616333007812,0.08568835258483887,0.06401894986629486,0.00588836669921705,-0.002644675118583973,-0.004967171805244856,536.0874633789062,-0.2198324203491211,3.599038600921631,29.329885482788086,5.441421985626221,0.10265589505434036,-0.22052502632141113,-0.014253181084654575,1.5884513854980469,-0.12918472290039062,-1.6613845825195312,2.682645797729492,-0.028411865234375,-1.8034248352050781,2.8447017669677734,-0.3739013671875,-3.088216781616211,0.11479841103231078,-0.016338318272640852,-0.07339209936615262,0.1524413904749355,-0.004797090802874573,-0.11795617297179742,0.16045808720409394,-0.019002933071968924,-0.1713574531383086,1.9882164001464844,0.1939258575439453,1.0209712982177734,1.8776206970214844,0.16316795349121094,1.2225627899169922,1.9143352508544922,0.12122535705566406,1.0570068359375,0.003474977281358507,1.5778136783175998,2.8447017669677734,-3.088216781616211,3.088216781616211,2.0469155655698668,5.932918548583984,1.9572759473960024,0.6067160779812572,0.0027615356763996896,0.09228243959278704,0.16045808720409394,-0.1713574531383086,0.1713574531383086,0.11800938292573486,0.33181554034240257,1.856880196553671,0.5830613628763509,1.0621147155761719,1.0621147155761719,1.9882164001464844,0.12122535705566406,1.9882164001464844,0.7684063534130718,1.8669910430908203,1.871941281171791,0.6046817372097386
T0256,sick,1,2014-10-10,27.56383514404297,36.0,21.110000610351562,4.427272796630859,19.600746154785156,27.875038146972656,35.54999923706055,20.780000686645508,4.968116760253906,24.682186126708984,27.56383514404297,27.63608741760254,27.6634578704834,27.661556243896484,27.730796813964844,27.73048210144043,27.739295959472656,27.73079490661621,27.72710609436035,27.532575607299805,27.756933212280273,27.79378890991211,27.714506149291992,27.790664672851562,27.6757869720459,27.7156925201416,27.763389587402344,27.73138999938965,27.76629638671875,27.875038146972656,4.427272796630859,4.481992721557617,4.574738502502441,4.624211311340332,4.672383785247803,4.707033157348633,4.731171131134033,4.764388561248779,4.8108134269714355,4.842395782470703,4.8480072021484375,4.887256622314453,4.891190052032471,4.9201579093933105,4.944298267364502,4.957813739776611,4.9643778800964355,4.970534801483154,4.978157043457031,4.968116760253906,4.79831600189209,4.978157043457031,4.427272796630859,0.07225227355957031,0.027370452880859375,-0.0019016265869140625,0.06924057006835938,-0.0003147125244140625,0.008813858032226562,-0.008501052856445312,-0.003688812255859375,-0.19453048706054688,0.22435760498046875,0.03685569763183594,-0.07928276062011719,0.07615852355957031,-0.11487770080566406,0.039905548095703125,0.04769706726074219,-0.03199958801269531,0.03490638732910156,0.10874176025390625,0.3112030029296875,0.007904785557796626,0.016379104927182198,0.22435760498046875,-0.19453048706054688,0.08540554344654083,0.06217876076698303,0.03187032427106724,0.008363610222223011,0.03188765389578501,526.5800170898438,2.8671703338623047,1.0612214803695679,25.21189308166504,2.978149890899658,0.1656796634197235,0.5408439636230469,0.02747136094516376,-1.1947612762451172,1.250539779663086,-0.6057472229003906,-0.8534984588623047,1.286947250366211,1.8870506286621094,-0.4514484405517578,0.9871292114257812,0.49068260192871094,-0.07942604265715014,0.05458034285925326,-0.047833097070679925,-0.04900941633640379,0.06264095880035118,0.08571287456311702,-0.03142950301779878,0.04402332305908162,0.031670029719073095,0.34427833557128906,0.40603065490722656,0.49481773376464844,0.5050945281982422,0.22055435180664062,0.5397930145263672,0.5795497894287109,0.25327110290527344,0.2542095184326172,0.31076600816514754,1.000867207845052,1.8870506286621094,-1.1947612762451172,1.8870506286621094,1.109825799918047,3.0818119049072266,1.8854155626408486,0.49118933162260126,0.007881052213204835,0.054036176453656534,0.08571287456311702,-0.07942604265715014,0.08571287456311702,0.0598099942408758,0.16513891722026716,1.586212502923899,0.46836908630457574,0.3997332255045573,0.3997332255045573,0.5795497894287109,0.22055435180664062,0.5795497894287109,0.13690374486714685,0.3589954376220703,1.4498413890883575,0.4515337352215235
T0257,sick,1,2014-10-17,28.799150466918945,34.77000045776367,20.020000457763672,4.116949558258057,16.94927215576172,28.564638137817383,34.02000045776367,19.889999389648438,4.029083728790283,16.233516693115234,28.799150466918945,28.73931312561035,28.783824920654297,28.799882888793945,28.71569061279297,28.722145080566406,28.74437141418457,28.7084903717041,28.74968719482422,28.696077346801758,28.662656784057617,28.678701400756836,28.625816345214844,28.653417587280273,28.639087677001953,28.685930252075195,28.6230525970459,28.588333129882812,28.65046501159668,28.564638137817383,4.116949558258057,4.123719692230225,4.084545135498047,4.076404094696045,4.084935188293457,4.086036205291748,4.081731796264648,4.067610740661621,4.06005334854126,4.068170547485352,4.059822082519531,4.034780979156494,4.054130554199219,4.028657913208008,4.04203462600708,4.022321701049805,4.027440547943115,4.025407791137695,4.003249645233154,4.029083728790283,4.058854103088379,4.123719692230225,4.003249645233154,-0.05983734130859375,0.04451179504394531,0.016057968139648438,-0.08419227600097656,0.0064544677734375,0.022226333618164062,-0.03588104248046875,0.04119682312011719,-0.05360984802246094,-0.033420562744140625,0.01604461669921875,-0.05288505554199219,0.027601242065429688,-0.014329910278320312,0.04684257507324219,-0.06287765502929688,-0.03471946716308594,0.06213188171386719,-0.08582687377929688,-0.2345123291015625,-0.010201976173802745,-0.012342753820121288,0.06213188171386719,-0.08582687377929688,0.04595538601279259,0.04213935509324074,-0.012566757202149116,-0.015433629353842045,-0.014667510986327532,545.1488037109375,-2.0350208282470703,0.35672521591186523,15.792688369750977,1.272100806236267,0.03152279183268547,-0.08786582946777344,-0.0051495293925580355,-0.09756088256835938,-0.04930686950683594,-0.2550029754638672,-0.03405952453613281,-0.42608642578125,-0.6299781799316406,0.07451629638671875,-0.11255836486816406,-0.5769805908203125,0.007580932100912453,-0.0019970614211010295,-0.026133654888411097,0.014546752872323189,-0.019457349562108185,-0.041007136581536055,0.01373426824584003,-0.005010550362723491,-0.03374305237504823,0.2498340606689453,0.06043243408203125,0.24750518798828125,0.2435932159423828,0.04267120361328125,0.2897167205810547,0.20818519592285156,0.08123207092285156,0.3256549835205078,-0.2341130574544271,0.25067223442925346,0.07451629638671875,-0.6299781799316406,0.6299781799316406,0.2535760153278903,0.7044944763183594,2.5131549021951556,0.7238514703885068,-0.010165205774650268,0.01813452871222264,0.014546752872323189,-0.041007136581536055,0.041007136581536055,0.020732085858020333,0.055553889453859244,2.2612726594416945,0.618120022519371,0.1943138970269097,0.1943138970269097,0.3256549835205078,0.04267120361328125,0.3256549835205078,0.10523313281427832,0.28298377990722656,1.6759221637976187,0.49473545013803366
T0258,sick,1,2014-10-17,28.25843048095703,34.349998474121094,20.790000915527344,3.446016550064087,11.875030517578125,28.313066482543945,34.95000076293945,20.459999084472656,3.6668286323547363,13.445631980895996,28.25843048095703,28.329530715942383,28.476835250854492,28.389198303222656,28.370023727416992,28.290578842163086,28.44524383544922,28.35499382019043,28.341737747192383,28.35203742980957,28.325435638427734,28.218040466308594,28.271093368530273,28.25489616394043,28.226533889770508,28.302959442138672,28.272008895874023,28.191328048706055,28.203948974609375,28.313066482543945,3.446016550064087,3.5150701999664307,3.5108723640441895,3.5605411529541016,3.5825307369232178,3.615960121154785,3.581730842590332,3.606441020965576,3.639793634414673,3.6433944702148438,3.69840407371521,3.6806583404541016,3.678471326828003,3.7057673931121826,3.7328004837036133,3.678346872329712,3.6798887252807617,3.6958234310150146,3.7107555866241455,3.6668286323547363,3.631504774093628,3.7328004837036133,3.446016550064087,0.07110023498535156,0.14730453491210938,-0.08763694763183594,-0.019174575805664062,-0.07944488525390625,0.1546649932861328,-0.09025001525878906,-0.013256072998046875,0.0102996826171875,-0.026601791381835938,-0.10739517211914062,0.05305290222167969,-0.01619720458984375,-0.028362274169921875,0.07642555236816406,-0.030950546264648438,-0.08068084716796875,0.012620925903320312,0.10911750793457031,0.05463600158691406,-0.007794449024631931,0.0028755790553987026,0.1546649932861328,-0.10739517211914062,0.07773137092590332,0.06392297893762589,0.0055595397949223125,-0.025590828486852325,0.001570020403179068,537.9021606445312,0.9919939041137695,1.0487878322601318,15.741561889648438,2.5329582691192627,0.07569030672311783,0.22081208229064941,0.011548434164290923,-1.1238288879394531,0.5608997344970703,-0.12677574157714844,-0.5900821685791016,0.4903888702392578,0.5364017486572266,-0.3108196258544922,0.3911304473876953,0.6601791381835938,-0.07922266909950713,0.022509728338484677,-0.007388218184162921,-0.05466733086378083,0.017280592954247928,0.03352343193570414,-0.04464278256982852,0.006338554038140468,0.03571840300595754,1.2432365417480469,0.18039512634277344,0.5894527435302734,1.0603599548339844,0.18349266052246094,0.9550304412841797,0.7536239624023438,0.22036170959472656,0.8434524536132812,0.054165946112738714,0.5322784847683377,0.6601791381835938,-1.1238288879394531,1.1238288879394531,0.6254098485782038,1.7840080261230469,2.111355050007373,0.49558230589671604,-0.007838921160527182,0.03347685677664601,0.03571840300595754,-0.07922266909950713,0.07922266909950713,0.041839548924949906,0.11494107210546467,2.366489959412035,0.5925578769525904,0.6699339548746744,0.6699339548746744,1.2432365417480469,0.18039512634277344,1.2432365417480469,0.400681737399587,1.0628414154052734,1.855759831464316,0.5404557516869537
T0259,sick,1,2014-11-07,29.195690155029297,35.279998779296875,22.959999084472656,2.3555967807769775,5.548835754394531,31.13680648803711,36.099998474121094,23.3799991607666,2.9774274826049805,8.86507511138916,29.195690155029297,29.564191818237305,29.88951873779297,30.012178421020508,30.12321662902832,30.251907348632812,30.30270767211914,30.482515335083008,30.42447280883789,30.51816749572754,30.530757904052734,30.627382278442383,30.683795928955078,30.634319305419922,30.630762100219727,30.721057891845703,30.778127670288086,30.75033187866211,30.754745483398438,31.13680648803711,2.3555967807769775,2.495995283126831,2.595369815826416,2.6265246868133545,2.7031188011169434,2.718780279159546,2.7572853565216064,2.796844720840454,2.830010175704956,2.8493576049804688,2.869614839553833,2.878833293914795,2.9136948585510254,2.9409940242767334,2.960801839828491,2.981234073638916,2.9643659591674805,2.9776904582977295,3.0186967849731445,2.9774274826049805,2.8106119632720947,3.0186967849731445,2.3555967807769775,0.3685016632080078,0.32532691955566406,0.12265968322753906,0.1110382080078125,0.1286907196044922,0.050800323486328125,0.1798076629638672,-0.05804252624511719,0.09369468688964844,0.012590408325195312,0.09662437438964844,0.05641365051269531,-0.04947662353515625,-0.0035572052001953125,0.09029579162597656,0.05706977844238281,-0.027795791625976562,0.004413604736328125,0.3820610046386719,1.9411163330078125,0.07062038335584975,0.10216401517391205,0.3820610046386719,-0.05804252624511719,0.1272430270910263,0.11678213626146317,0.2023091452462336,0.047011943090529876,0.0743853977748339,577.846435546875,23.128292083740234,0.532627284526825,6.7704057693481445,0.7499579191207886,0.17624565958976746,0.6218307018280029,0.028648011307967264,2.9010238647460938,2.5873985290527344,1.5564231872558594,2.4546356201171875,2.3231754302978516,0.9943256378173828,1.9163818359375,2.003265380859375,0.7452964782714844,0.10804335658711613,0.10513806450635843,0.06235682838841414,0.08458660240460118,0.09006416923121387,0.037432911521509106,0.05496229731050576,0.06887047846514338,0.024539578946908412,0.5706844329833984,0.45120811462402344,0.3959083557128906,0.4681110382080078,0.4328117370605469,0.42067718505859375,0.5414409637451172,0.4473133087158203,0.3955821990966797,1.9424362182617188,1.9424362182617188,2.9010238647460938,0.7452964782714844,2.9010238647460938,0.7269473451493647,2.1557273864746094,1.4934976101337507,0.4543582912756764,0.0706660319290856,0.0706660319290856,0.10804335658711613,0.024539578946908412,0.10804335658711613,0.028953453065201994,0.08350377764020772,1.5289289400917516,0.4768055178837464,0.4581930372450087,0.4581930372450087,0.5706844329833984,0.3955821990966797,0.5706844329833984,0.06093152297174554,0.17510223388671875,1.2455108963673065,0.38320491890056024
T0260,sick,1,2014-11-11,28.874162673950195,36.029998779296875,22.860000610351562,3.0399255752563477,9.241147994995117,28.955657958984375,34.959999084472656,22.579999923706055,3.0492937564849854,9.298192024230957,28.874162673950195,28.898164749145508,29.030712127685547,29.086936950683594,29.07655906677246,29.1409969329834,28.975046157836914,28.98346710205078,29.155508041381836,28.897676467895508,29.03922462463379,28.897478103637695,29.027942657470703,29.01397132873535,29.11117172241211,29.050628662109375,28.888334274291992,28.8659610748291,29.069091796875,28.955657958984375,3.0399255752563477,3.035478353500366,3.047792911529541,3.0286502838134766,3.0580005645751953,3.0458824634552,3.069262742996216,3.084956407546997,3.0621814727783203,3.0734760761260986,3.0849688053131104,3.0680806636810303,3.0818004608154297,3.076679229736328,3.056028127670288,3.0722389221191406,3.085148334503174,3.092682123184204,3.056788444519043,3.0492937564849854,3.0634658336639404,3.092682123184204,3.0286502838134766,0.0240020751953125,0.13254737854003906,0.056224822998046875,-0.010377883911132812,0.0644378662109375,-0.16595077514648438,0.008420944213867188,0.1720409393310547,-0.2578315734863281,0.14154815673828125,-0.14174652099609375,0.1304645538330078,-0.013971328735351562,0.09720039367675781,-0.060543060302734375,-0.1622943878173828,-0.022373199462890625,0.20313072204589844,-0.113433837890625,0.08149528503417969,-0.0009701348785175807,0.004289225675165653,0.20313072204589844,-0.2578315734863281,0.12572509050369263,0.10413370281457901,0.055016544886998656,-0.0016391390845895372,-0.02127293178013248,551.123779296875,2.5146913528442383,0.24903394281864166,8.623152732849121,0.7316042184829712,0.017926828935742378,0.009368181228637695,0.001700254669763065,0.6930580139160156,0.5590000152587891,-0.19108200073242188,0.6110019683837891,0.0077686309814453125,-0.3448982238769531,0.05496406555175781,-0.07344436645507812,-0.5765399932861328,0.027207515114231456,0.019760748497525394,-0.020035568753579907,0.026418829322757274,-0.0026134620035510535,-0.02211350319080888,0.0028007980576131566,-0.00733337402343823,-0.032485077076389084,0.3418312072753906,0.24291610717773438,0.3532066345214844,0.2902812957763672,0.21838760375976562,0.22383689880371094,0.239654541015625,0.1961669921875,0.2485370635986328,0.08220312330457899,0.3457508087158203,0.6930580139160156,-0.5765399932861328,0.6930580139160156,0.4474453327699934,1.2695980072021484,2.0045014397656544,0.604353039541618,-0.000932566006182208,0.01786320844887716,0.027207515114231456,-0.032485077076389084,0.032485077076389084,0.021894713368000047,0.059692592190620536,1.8185455868077915,0.5356224306487355,0.261646482679579,0.261646482679579,0.3532066345214844,0.1961669921875,0.3532066345214844,0.05503134587612919,0.15703964233398438,1.3499383496572719,0.41842681234877804
T0261,sick,1,2014-11-11,28.76039695739746,33.599998474121094,22.68000030517578,2.6713106632232666,7.135900974273682,29.51648712158203,34.29999923706055,22.579999923706055,2.9764039516448975,8.858981132507324,28.76039695739746,28.946386337280273,29.083372116088867,29.146244049072266,29.216562271118164,29.240514755249023,29.31583023071289,29.3393497467041,29.393356323242188,29.443096160888672,29.448047637939453,29.39948844909668,29.415678024291992,29.477235794067383,29.545801162719727,29.553150177001953,29.482961654663086,29.54918670654297,29.537073135375977,29.51648712158203,2.6713106632232666,2.819523811340332,2.8418095111846924,2.8828353881835938,2.9432787895202637,2.9843544960021973,2.9405648708343506,2.939032554626465,2.9583067893981934,2.9449164867401123,2.9707186222076416,2.9790961742401123,2.973374366760254,2.9665300846099854,2.9453189373016357,2.9280569553375244,2.987199068069458,2.952691078186035,2.95798659324646,2.9764039516448975,2.9281651973724365,2.987199068069458,2.6713106632232666,0.1859893798828125,0.13698577880859375,0.06287193298339844,0.07031822204589844,0.023952484130859375,0.07531547546386719,0.023519515991210938,0.05400657653808594,0.049739837646484375,0.00495147705078125,-0.04855918884277344,0.0161895751953125,0.061557769775390625,0.06856536865234375,0.0073490142822265625,-0.07018852233886719,0.06622505187988281,-0.012113571166992188,-0.020586013793945312,0.7560901641845703,0.03289985656738265,0.03979421779513359,0.1859893798828125,-0.07018852233886719,0.05868230015039444,0.05573603883385658,0.09354253496442694,0.018271764119465916,-0.003673607962471574,557.6718139648438,11.224234580993652,0.6831087470054626,12.938066482543945,1.5101900100708008,0.07336670905351639,0.30509328842163086,0.008340952450171387,1.2502994537353516,1.0731773376464844,0.37076759338378906,1.5060405731201172,0.95556640625,0.10103607177734375,1.1070880889892578,0.6719264984130859,-0.22160720825195312,0.05409693897218597,0.04548596547062187,0.025406996648113758,0.06277278240461855,0.03538854642021829,0.012040407854810942,0.0466909638024809,0.020936132732189954,-0.006401247010195169,0.7545890808105469,0.28931236267089844,0.4857940673828125,0.7226829528808594,0.3021373748779297,0.7997932434082031,0.8199234008789062,0.3043060302734375,0.7399940490722656,0.7571438683403863,0.8063899146185981,1.5060405731201172,-0.22160720825195312,1.5060405731201172,0.5712637369575909,1.7276477813720703,1.8676331724164783,0.5323352664460891,0.03293527636611612,0.03435777570171505,0.06277278240461855,-0.006401247010195169,0.06277278240461855,0.022009833153484988,0.06917402941481371,1.8270322467691826,0.5289460247492119,0.5798369513617622,0.5798369513617622,0.8199234008789062,0.28931236267089844,0.8199234008789062,0.2315434085686343,0.5306110382080078,1.4140585294067747,0.454975741211345
T0263,sick,1,2014-12-12,28.26805305480957,34.40999984741211,23.049999237060547,2.8296170234680176,8.006732940673828,28.985301971435547,34.93000030517578,22.829999923706055,3.229534149169922,10.429890632629395,28.26805305480957,28.44696617126465,28.559003829956055,28.648042678833008,28.705358505249023,28.592262268066406,28.829784393310547,28.659618377685547,28.629606246948242,28.6557674407959,28.760009765625,28.932497024536133,28.97112274169922,28.942272186279297,28.936864852905273,28.792707443237305,28.9481258392334,28.929893493652344,28.94449806213379,28.985301971435547,2.8296170234680176,2.90358567237854,2.9544010162353516,2.994241952896118,3.0309667587280273,3.067723035812378,3.0942766666412354,3.137446641921997,3.159072160720825,3.174593687057495,3.187023162841797,3.191647529602051,3.2034778594970703,3.1865618228912354,3.2021663188934326,3.212340831756592,3.196443557739258,3.1991655826568604,3.224034309387207,3.229534149169922,3.1189160346984863,3.229534149169922,2.8296170234680176,0.17891311645507812,0.11203765869140625,0.08903884887695312,0.057315826416015625,-0.11309623718261719,0.23752212524414062,-0.170166015625,-0.030012130737304688,0.02616119384765625,0.10424232482910156,0.1724872589111328,0.03862571716308594,-0.028850555419921875,-0.0054073333740234375,-0.14415740966796875,0.15541839599609375,-0.018232345581054688,0.014604568481445312,0.04080390930175781,0.7172489166259766,0.029300985121188117,0.037749942392110825,0.23752212524414062,-0.170166015625,0.10725453495979309,0.09142594784498215,0.07100748334612161,0.03997441700526667,0.019409288678850313,546.5111083984375,9.418070793151855,0.22431086003780365,4.4287333488464355,0.4528505504131317,0.1143982782959938,0.3999171257019043,0.01777259676080002,0.6965408325195312,1.152547836303711,0.7555465698242188,0.298187255859375,1.1389484405517578,0.5479946136474609,0.5995597839355469,0.8379650115966797,0.42992210388183594,0.04625435162307519,0.05305844070319814,0.014174052647182302,0.02956635324578489,0.0497881953877602,0.0010479417958647133,0.039575456318101845,0.03173293637153648,-0.001142702604595245,0.2872428894042969,0.2743377685546875,0.33365440368652344,0.24657058715820312,0.2390594482421875,0.4224090576171875,0.2735786437988281,0.2660064697265625,0.3858966827392578,0.7174680497911241,0.7174680497911241,1.152547836303711,0.298187255859375,1.152547836303711,0.29250005133053014,0.8543605804443359,1.606409958708477,0.4846458605395223,0.029339447276434276,0.029593381188566557,0.05305844070319814,-0.001142702604595245,0.05305844070319814,0.02042355268131418,0.05420114330779338,1.792915193974029,0.5598135503710516,0.30319510565863717,0.30319510565863717,0.4224090576171875,0.2390594482421875,0.4224090576171875,0.06388109387852296,0.183349609375,1.393192158454068,0.4184911221063243
T0264,sick,1,2015-01-16,30.011747360229492,36.400001525878906,23.059999465942383,2.85978102684021,8.17834758758545,30.204469680786133,35.79999923706055,22.989999771118164,2.7782413959503174,7.718624591827393,30.011747360229492,29.980087280273438,30.117469787597656,30.004196166992188,30.05893898010254,30.003984451293945,30.069063186645508,30.044713973999023,30.072818756103516,30.068510055541992,30.11774444580078,30.077356338500977,30.078176498413086,30.14177703857422,30.2477970123291,30.3136043548584,30.3389949798584,30.263704299926758,30.222148895263672,30.204469680786133,2.85978102684021,2.8379647731781006,2.840275287628174,2.868648052215576,2.835369348526001,2.8467583656311035,2.8137409687042236,2.8134825229644775,2.800934314727783,2.8165700435638428,2.788062810897827,2.798081874847412,2.8139805793762207,2.8086981773376465,2.8026280403137207,2.801632881164551,2.794567584991455,2.790044069290161,2.7899582386016846,2.7782413959503174,2.8149707317352295,2.868648052215576,2.7782413959503174,-0.03166007995605469,0.13738250732421875,-0.11327362060546875,0.05474281311035156,-0.05495452880859375,0.0650787353515625,-0.024349212646484375,0.028104782104492188,-0.0043087005615234375,0.04923439025878906,-0.04038810729980469,0.000820159912109375,0.06360054016113281,0.10601997375488281,0.06580734252929688,0.025390625,-0.07529067993164062,-0.04155540466308594,-0.017679214477539062,0.19272232055664062,0.015080799016737548,0.010143280029296875,0.13738250732421875,-0.11327362060546875,0.06258899718523026,0.052612707018852234,0.0024133409772591615,0.008799484797885547,-0.01617982046944912,572.3292236328125,2.1059951782226562,0.2877313792705536,11.27928352355957,0.866328239440918,0.024576673284173012,-0.08153963088989258,-0.003699267896494567,-0.01458740234375,0.7870883941650391,0.26865577697753906,0.03172111511230469,-0.039447784423828125,0.8229942321777344,-0.9707908630371094,0.5807323455810547,0.2645530700683594,0.0026117482579734695,0.04470404718155123,0.018525569600269912,0.006973038580183648,0.003990973565810617,0.04659196380385813,-0.034337418061450596,0.027010229297149555,0.019473012766442636,0.132904052734375,0.1458301544189453,0.154388427734375,0.18791770935058594,0.12578964233398438,0.21419334411621094,0.19821548461914062,0.3215484619140625,0.2676887512207031,0.1923243204752604,0.42006344265407985,0.8229942321777344,-0.9707908630371094,0.9707908630371094,0.5464149302160569,1.7937850952148438,2.3110576673675793,0.6826676429442066,0.015060351665754292,0.022690889012743312,0.04659196380385813,-0.034337418061450596,0.04659196380385813,0.024572121606302542,0.08092938186530874,2.05333265013836,0.6151926970648227,0.19427511427137586,0.19427511427137586,0.3215484619140625,0.12578964233398438,0.3215484619140625,0.06560799785937883,0.19575881958007812,1.6551190643682365,0.4595033272327294
T0267,sick,1,2015-01-16,31.10126304626465,35.31999969482422,22.670000076293945,2.7882297039031982,7.774224281311035,30.746387481689453,35.61000061035156,22.979999542236328,2.705873489379883,7.321751117706299,31.10126304626465,31.03434944152832,30.77389907836914,30.809473037719727,30.881763458251953,30.914512634277344,30.935855865478516,31.036767959594727,30.932626724243164,30.981426239013672,30.711076736450195,30.699277877807617,30.776702880859375,30.74551773071289,30.920373916625977,30.849964141845703,30.823089599609375,30.737211227416992,30.867570877075195,30.746387481689453,2.7882297039031982,2.7997419834136963,2.846221923828125,2.7570083141326904,2.709839105606079,2.735609292984009,2.676076889038086,2.681049346923828,2.734872579574585,2.625694751739502,2.716045379638672,2.738555908203125,2.637903928756714,2.6354730129241943,2.5916292667388916,2.6560702323913574,2.6851894855499268,2.7367074489593506,2.6177775859832764,2.705873489379883,2.7037785053253174,2.846221923828125,2.5916292667388916,-0.06691360473632812,-0.2604503631591797,0.03557395935058594,0.07229042053222656,0.032749176025390625,0.021343231201171875,0.10091209411621094,-0.1041412353515625,0.04879951477050781,-0.27034950256347656,-0.011798858642578125,0.07742500305175781,-0.031185150146484375,0.17485618591308594,-0.07040977478027344,-0.026874542236328125,-0.08587837219238281,0.13035964965820312,-0.12118339538574219,-0.3548755645751953,-0.010414513609464028,-0.018677661195397377,0.17485618591308594,-0.27034950256347656,0.11530666053295135,0.09176284074783325,-0.03874103001185898,-0.042893909272693584,-0.02579972403390268,586.3552856445312,-4.568713188171387,0.3532741963863373,11.11694622039795,1.1421080827713013,0.06438608467578888,-0.08235621452331543,-0.007158162540063031,-0.5247211456298828,-0.09656524658203125,-0.465087890625,-0.23747825622558594,-0.12393379211425781,-0.38893890380859375,-0.03456306457519531,-0.6232070922851562,-0.69708251953125,-0.021555797318767594,0.0017209992372895562,-0.009952457686116604,-0.009480517968199955,-0.002918243408204047,-0.0022809781526270554,0.0034161388425896365,-0.028667525958298273,-0.023987361363002592,0.20923233032226562,0.177581787109375,0.18102645874023438,0.40047454833984375,0.13950157165527344,0.29971885681152344,0.4344291687011719,0.11799049377441406,0.35178565979003906,-0.35461976793077254,0.35461976793077254,-0.03456306457519531,-0.69708251953125,0.69708251953125,0.24179070430490648,0.6625194549560547,1.9657181096857257,0.5780873294957154,-0.010411749308370768,0.011553335548343924,0.0034161388425896365,-0.028667525958298273,0.028667525958298273,0.011744757972504814,0.03208366480088791,2.4813181461890514,0.7137013202091884,0.25686009724934894,0.25686009724934894,0.4344291687011719,0.11799049377441406,0.4344291687011719,0.11745510156156688,0.3164386749267578,1.6913064989085533,0.513331482955422
T0268,sick,1,2015-01-23,27.716779708862305,33.38999938964844,22.93000030517578,2.622990608215332,6.880079746246338,28.435068130493164,34.849998474121094,22.540000915527344,3.218427896499634,10.358278274536133,27.716779708862305,27.90513038635254,28.02784538269043,28.098337173461914,28.15264320373535,28.140625,28.179834365844727,28.223600387573242,28.279159545898438,28.38559913635254,28.339895248413086,28.384140014648438,28.41033172607422,28.413118362426758,28.441890716552734,28.370941162109375,28.34343719482422,28.412870407104492,28.359447479248047,28.435068130493164,2.622990608215332,2.750241756439209,2.8243656158447266,2.8848013877868652,2.938108444213867,2.9710540771484375,3.0084149837493896,3.0363383293151855,3.0851714611053467,3.0784454345703125,3.0946991443634033,3.124333620071411,3.137016534805298,3.1561338901519775,3.175412654876709,3.190443515777588,3.195017099380493,3.205798864364624,3.2126970291137695,3.218427896499634,3.0454957485198975,3.218427896499634,2.622990608215332,0.18835067749023438,0.12271499633789062,0.07049179077148438,0.0543060302734375,-0.012018203735351562,0.03920936584472656,0.043766021728515625,0.05555915832519531,0.10643959045410156,-0.045703887939453125,0.04424476623535156,0.02619171142578125,0.0027866363525390625,0.028772354125976562,-0.07094955444335938,-0.02750396728515625,0.06943321228027344,-0.05342292785644531,0.07562065124511719,0.7182884216308594,0.028782780009104274,0.037804652005434036,0.18835067749023438,-0.07094955444335938,0.06243474781513214,0.05986765772104263,0.08377876281738222,0.03376050222487492,2.3978097099446935e-05,536.9447631835938,10.325956344604492,0.592333972454071,13.481222152709961,1.388718843460083,0.16350169479846954,0.5954372882843018,0.0264777651406768,0.8743000030517578,1.3880081176757812,0.6300392150878906,0.7166862487792969,1.1844425201416016,0.20747947692871094,0.37644195556640625,0.9907779693603516,0.10208702087402344,0.03458652926566899,0.06200957047311784,0.0216273071174334,0.03524793897356312,0.05077878909003388,-0.0041946310746050555,0.01485982909238396,0.04139371456060098,0.0030430399385605136,0.1965351104736328,0.41366004943847656,0.16437911987304688,0.5688323974609375,0.3379535675048828,0.49871826171875,0.5120429992675781,0.2984180450439453,0.3933601379394531,0.7189180586073134,0.7189180586073134,1.3880081176757812,0.10208702087402344,1.3880081176757812,0.4372771080876681,1.2859210968017578,1.9306902667846806,0.5507085047237247,0.028816898604084182,0.029749038842885305,0.06200957047311784,-0.0041946310746050555,0.06200957047311784,0.021844462154823052,0.06620420154772289,2.0844219524668217,0.5758619974223562,0.37598885430230033,0.37598885430230033,0.5688323974609375,0.16437911987304688,0.5688323974609375,0.14005757287330772,0.4044532775878906,1.5128969271908763,0.4667968317868397
T0269,sick,1,2015-01-23,29.87880516052246,35.29999923706055,23.6299991607666,2.5937764644622803,6.727676868438721,30.352893829345703,35.2400016784668,23.549999237060547,2.9822442531585693,8.893780708312988,29.87880516052246,30.026155471801758,29.997074127197266,29.931678771972656,30.090848922729492,29.954254150390625,29.977123260498047,30.06890296936035,30.028072357177734,30.017881393432617,30.014299392700195,30.02117156982422,30.043928146362305,30.089078903198242,30.11178970336914,30.031023025512695,30.173128128051758,30.189891815185547,30.404701232910156,30.352893829345703,2.5937764644622803,2.6379904747009277,2.7218902111053467,2.735100030899048,2.7590208053588867,2.7821288108825684,2.782492160797119,2.770718574523926,2.840023994445801,2.844958782196045,2.8697352409362793,2.8876209259033203,2.9263265132904053,2.8984060287475586,2.9088470935821533,2.9625437259674072,2.917471170425415,2.941145658493042,2.9364171028137207,2.9822442531585693,2.8349430561065674,2.9822442531585693,2.5937764644622803,0.14735031127929688,-0.029081344604492188,-0.06539535522460938,0.15917015075683594,-0.1365947723388672,0.022869110107421875,0.09177970886230469,-0.04083061218261719,-0.010190963745117188,-0.003582000732421875,0.0068721771240234375,0.022756576538085938,0.0451507568359375,0.022710800170898438,-0.08076667785644531,0.1421051025390625,0.016763687133789062,0.21480941772460938,-0.051807403564453125,0.4740886688232422,0.017194237386373296,0.024952035397291183,0.21480941772460938,-0.1365947723388672,0.08845849335193634,0.06897825747728348,0.014455141339983957,0.007553940727594664,0.06695196969168506,571.286865234375,3.589554786682129,0.5176110863685608,9.397083282470703,0.9946189522743225,0.10569979250431061,0.38846778869628906,0.017481216452175433,-0.4280853271484375,0.9719886779785156,0.05785560607910156,0.2749748229980469,1.3633651733398438,0.2982044219970703,0.7415962219238281,0.9739055633544922,0.017940521240234375,-0.026161705820184917,0.04152966692931663,-0.0033653302300253795,-0.01730242420856259,0.06523299970124864,0.027579489686434817,0.015929824427553543,0.04138278100723581,0.010004598574530342,0.20246124267578125,0.25798797607421875,0.19281959533691406,0.41040992736816406,0.24644088745117188,0.34105873107910156,0.4796257019042969,0.2463207244873047,0.3023834228515625,0.4746384090847439,0.5697684817843967,1.3633651733398438,-0.4280853271484375,1.3633651733398438,0.5729214852022495,1.7914505004882812,2.392840588762757,0.6453419266903166,0.017203322229727435,0.027609868953899188,0.06523299970124864,-0.026161705820184917,0.06523299970124864,0.02987184527335863,0.09139470552143356,2.3626688045307835,0.5961855399656285,0.29772313435872394,0.29772313435872394,0.4796257019042969,0.19281959533691406,0.4796257019042969,0.09657709972416863,0.2868061065673828,1.6109788942924779,0.4594478761128859
T0270,sick,1,2015-01-30,29.14752960205078,35.459999084472656,23.100000381469727,2.2262964248657227,4.956395626068115,30.012645721435547,34.86000061035156,22.799999237060547,2.555483341217041,6.5304951667785645,29.14752960205078,29.473360061645508,29.537546157836914,29.67838478088379,29.793020248413086,29.798381805419922,29.8797550201416,29.90869140625,29.913137435913086,29.93885040283203,29.99452781677246,29.972518920898438,29.984647750854492,29.99151039123535,30.013343811035156,30.085721969604492,30.172428131103516,30.035240173339844,29.910207748413086,30.012645721435547,2.2262964248657227,2.3315088748931885,2.3746838569641113,2.3667478561401367,2.312293291091919,2.400031566619873,2.4255330562591553,2.4551758766174316,2.431556224822998,2.471449613571167,2.4562935829162598,2.5163676738739014,2.503896951675415,2.5605063438415527,2.5851235389709473,2.5588877201080322,2.5296812057495117,2.5706000328063965,2.5927412509918213,2.555483341217041,2.461243152618408,2.5927412509918213,2.2262964248657227,0.32583045959472656,0.06418609619140625,0.140838623046875,0.11463546752929688,0.0053615570068359375,0.08137321472167969,0.028936386108398438,0.0044460296630859375,0.025712966918945312,0.05567741394042969,-0.022008895874023438,0.012128829956054688,0.006862640380859375,0.021833419799804688,0.07237815856933594,0.08670616149902344,-0.13718795776367188,-0.1250324249267578,0.10243797302246094,0.8651161193847656,0.033309668347351114,0.04553242772817612,0.32583045959472656,-0.13718795776367188,0.0956965908408165,0.07545129954814911,0.12440229143415153,0.016617752256847182,-0.019063459123886607,567.661376953125,13.858299255371094,0.37429308891296387,8.97034740447998,0.7629662752151489,0.09977862238883972,0.32918691635131836,0.01620935425722509,0.6214313507080078,1.314828872680664,0.3241596221923828,0.7973880767822266,1.2400379180908203,0.7822170257568359,0.5361919403076172,1.358175277709961,0.8147068023681641,0.009142124204706746,0.058622737396927714,0.009972559419788874,0.019384650897261872,0.05284259193821933,0.041920811072327105,0.009941699092548977,0.05707624908676617,0.040916599187635364,0.33533477783203125,0.361724853515625,0.3106269836425781,0.41643714904785156,0.4067401885986328,0.3816089630126953,0.37912559509277344,0.42427635192871094,0.3877105712890625,0.8654596540662978,0.8654596540662978,1.358175277709961,0.3241596221923828,1.358175277709961,0.3640264323727179,1.0340156555175781,1.5693108923513264,0.5023717159459833,0.033313335810686906,0.033313335810686906,0.058622737396927714,0.009142124204706746,0.058622737396927714,0.02117726648025805,0.04948061319222097,1.7597373055852459,0.5621424863813524,0.37817615932888454,0.37817615932888454,0.42427635192871094,0.3106269836425781,0.42427635192871094,0.03737904828976145,0.11364936828613281,1.121901342122208,0.3665116419477407
T0271,sick,1,2015-01-27,30.608776092529297,36.11000061035156,23.200000762939453,3.1926305294036865,10.192890167236328,30.755950927734375,35.41999816894531,23.1200008392334,3.2558298110961914,10.600427627563477,30.608776092529297,30.668254852294922,30.646276473999023,30.658031463623047,30.76519775390625,30.726158142089844,30.795793533325195,30.8071346282959,30.786930084228516,30.74045181274414,30.715953826904297,30.676708221435547,30.71868896484375,30.918277740478516,30.939043045043945,30.898143768310547,31.006038665771484,30.8153133392334,30.762718200683594,30.755950927734375,3.1926305294036865,3.2037546634674072,3.2141153812408447,3.215846538543701,3.197000026702881,3.203009843826294,3.2194769382476807,3.244258403778076,3.2355799674987793,3.2384238243103027,3.234611749649048,3.246487855911255,3.2503445148468018,3.2366044521331787,3.213756561279297,3.230088949203491,3.212033271789551,3.2423815727233887,3.2487094402313232,3.2558298110961914,3.226747512817383,3.2558298110961914,3.1926305294036865,0.059478759765625,-0.021978378295898438,0.011754989624023438,0.10716629028320312,-0.03903961181640625,0.06963539123535156,0.011341094970703125,-0.020204544067382812,-0.046478271484375,-0.02449798583984375,-0.03924560546875,0.041980743408203125,0.19958877563476562,0.020765304565429688,-0.04089927673339844,0.1078948974609375,-0.19072532653808594,-0.05259513854980469,-0.00676727294921875,0.14717483520507812,0.011203167850808781,0.007746044080704451,0.19958877563476562,-0.19072532653808594,0.07955325394868851,0.058528296649456024,0.025414112636020923,0.0007142566499247378,-0.04321321759905189,584.7274169921875,3.1607322692871094,0.323468953371048,9.819913864135742,1.013210654258728,0.018798599019646645,0.06319928169250488,0.0022401288039701713,0.28635597229003906,0.40728759765625,0.30426979064941406,0.25681304931640625,0.10528182983398438,-0.3062763214111328,0.6095619201660156,0.09543228149414062,-0.4300575256347656,0.02610775366761469,0.022036760373222643,0.019591889345556193,0.025417894349061623,0.00695203336557875,-0.025748262907330163,0.042954188181940335,0.006241831385102444,-0.02243363946900386,0.21493911743164062,0.1750030517578125,0.2226886749267578,0.4051780700683594,0.17713546752929688,0.35037994384765625,0.42416954040527344,0.1945648193359375,0.2448596954345703,0.14762984381781685,0.31125958760579425,0.6095619201660156,-0.4300575256347656,0.6095619201660156,0.33180883422797586,1.0396194458007812,1.9583714843004356,0.5165060133110423,0.011235605365749185,0.021942694782712303,0.042954188181940335,-0.025748262907330163,0.042954188181940335,0.022802385760777723,0.0687024510892705,1.9575612308188213,0.4800899235984391,0.2676575978597005,0.2676575978597005,0.42416954040527344,0.1750030517578125,0.42416954040527344,0.09854803193762678,0.24916648864746094,1.5847468106627203,0.4897333005790231
T0273,sick,1,2015-03-13,27.883203506469727,33.7599983215332,23.459999084472656,2.7249526977539062,7.4253668785095215,28.470827102661133,34.720001220703125,23.25,3.27583384513855,10.731087684631348,27.883203506469727,28.097610473632812,28.279836654663086,28.315876007080078,28.330224990844727,28.338972091674805,28.415678024291992,28.46156883239746,28.467782974243164,28.42864227294922,28.4228572845459,28.468589782714844,28.486038208007812,28.48977279663086,28.555204391479492,28.534423828125,28.460609436035156,28.49333381652832,28.51612663269043,28.470827102661133,2.7249526977539062,2.8327276706695557,2.883380889892578,2.9296839237213135,2.977654218673706,3.021533727645874,3.0536909103393555,3.0838098526000977,3.1106677055358887,3.13667893409729,3.1532185077667236,3.1852567195892334,3.2004148960113525,3.216256856918335,3.255446195602417,3.2518951892852783,3.27329421043396,3.263821840286255,3.2619130611419678,3.27583384513855,3.1046061515808105,3.27583384513855,2.7249526977539062,0.21440696716308594,0.18222618103027344,0.03603935241699219,0.014348983764648438,0.008747100830078125,0.0767059326171875,0.04589080810546875,0.006214141845703125,-0.03914070129394531,-0.0057849884033203125,0.04573249816894531,0.01744842529296875,0.003734588623046875,0.06543159484863281,-0.020780563354492188,-0.07381439208984375,0.03272438049316406,0.022792816162109375,-0.045299530029296875,0.5876235961914062,0.021198149372759992,0.03092755749821663,0.21440696716308594,-0.07381439208984375,0.06820712983608246,0.05038231238722801,0.08607788085937494,0.007591020493279497,-0.01268724714006674,539.7401733398438,9.959297180175781,0.759198784828186,14.416308403015137,1.5873298645019531,0.15930010378360748,0.5508811473846436,0.026330524638183084,0.47679901123046875,1.0938949584960938,0.041072845458984375,0.5151901245117188,1.4140148162841797,-0.2696399688720703,0.5633258819580078,1.6242351531982422,-0.16014480590820312,0.005256136557212813,0.045602736795754516,0.002976456262114682,0.0059973121585697505,0.059822709219795635,-0.007920626590126552,0.0112254594501694,0.06873485450457759,-0.0005881087224294602,0.26580047607421875,0.45123863220214844,0.44676780700683594,0.4951763153076172,0.363037109375,0.6558990478515625,0.5732631683349609,0.39585113525390625,0.5855121612548828,0.5887497795952691,0.6842575073242188,1.6242351531982422,-0.2696399688720703,1.6242351531982422,0.6731159305900891,1.8938751220703125,2.37371912193204,0.670986008278823,0.021234103292848708,0.0231249333623056,0.06873485450457759,-0.007920626590126552,0.06873485450457759,0.028693224887146516,0.07665548109470413,2.9723253124423907,0.8368086199111847,0.4702828725179036,0.4702828725179036,0.6558990478515625,0.26580047607421875,0.6558990478515625,0.12182272336452976,0.39009857177734375,1.3946904559652828,0.42874299211975087
T0274,sick,1,2015-03-13,28.858779907226562,35.060001373291016,23.15999984741211,2.9117186069488525,8.478105545043945,29.462278366088867,35.68000030517578,22.68000030517578,3.4671528339385986,12.021148681640625,28.858779907226562,29.01698875427246,29.17879295349121,29.292964935302734,29.335657119750977,29.4033203125,29.48428726196289,29.565631866455078,29.42098617553711,29.418405532836914,29.516122817993164,29.512170791625977,29.48027992248535,29.57464599609375,29.533544540405273,29.532512664794922,29.593929290771484,29.604589462280273,29.497020721435547,29.462278366088867,2.9117186069488525,3.0043325424194336,3.0675718784332275,3.0937070846557617,3.137147903442383,3.1834843158721924,3.215341567993164,3.239431142807007,3.2849152088165283,3.3087363243103027,3.3153154850006104,3.343916654586792,3.3724589347839355,3.3791775703430176,3.407548189163208,3.421243667602539,3.4340381622314453,3.443467140197754,3.459869146347046,3.4671528339385986,3.274528980255127,3.4671528339385986,2.9117186069488525,0.15820884704589844,0.16180419921875,0.11417198181152344,0.04269218444824219,0.06766319274902344,0.08096694946289062,0.0813446044921875,-0.14464569091796875,-0.0025806427001953125,0.09771728515625,-0.0039520263671875,-0.031890869140625,0.09436607360839844,-0.04110145568847656,-0.0010318756103515625,0.0614166259765625,0.010660171508789062,-0.10756874084472656,-0.03474235534667969,0.6034984588623047,0.025444323317447497,0.03176307678222656,0.16180419921875,-0.14464569091796875,0.08059640228748322,0.07044872641563416,0.1083679744175513,0.0068693161010733245,-0.012918472290040594,559.1223754882812,10.805562019348145,0.32467156648635864,8.382071495056152,0.768637478351593,0.15890537202358246,0.5554342269897461,0.026689705454317203,0.5677394866943359,1.1590023040771484,1.1116657257080078,-0.0876617431640625,1.192352294921875,0.029056549072265625,0.0274810791015625,1.1089820861816406,0.3245410919189453,0.020379749097321508,0.04882325767574495,0.04875804929804926,-0.012854926030438764,0.05086624174189703,0.012021040378656367,-0.0052267390086244815,0.049689978405944885,0.016537439733519243,0.3155326843261719,0.3474140167236328,0.3208732604980469,0.18484115600585938,0.33179283142089844,0.2039966583251953,0.1343860626220703,0.27397727966308594,0.2189044952392578,0.603684319390191,0.6231647067599826,1.192352294921875,-0.0876617431640625,1.192352294921875,0.5463124782361213,1.2800140380859375,1.9133822292142384,0.6174612124506795,0.02544378792134111,0.02946193570779961,0.05086624174189703,-0.012854926030438764,0.05086624174189703,0.025042323405045423,0.06372116777233579,1.7265065330845053,0.5633614605921884,0.25907982720269096,0.25907982720269096,0.3474140167236328,0.1343860626220703,0.3474140167236328,0.07584979037933912,0.2130279541015625,1.3409535086739832,0.42890260038619077
T0277,sick,1,2015-03-20,27.962425231933594,34.5,22.90999984741211,2.942694664001465,8.659451484680176,28.899192810058594,35.13999938964844,22.389999389648438,3.8473262786865234,14.801918983459473,27.962425231933594,28.21648406982422,28.3608341217041,28.488590240478516,28.5212459564209,28.603309631347656,28.665075302124023,28.6248722076416,28.703275680541992,28.81536865234375,28.702102661132812,28.66878890991211,28.732471466064453,28.70256805419922,28.765316009521484,28.7726993560791,28.76345443725586,28.796833038330078,28.79522705078125,28.899192810058594,2.942694664001465,3.1607494354248047,3.2821240425109863,3.3377695083618164,3.4052083492279053,3.437612295150757,3.501741647720337,3.553288221359253,3.580310821533203,3.613004684448242,3.6452505588531494,3.673692464828491,3.7054078578948975,3.7379796504974365,3.7521424293518066,3.782331705093384,3.8191606998443604,3.8312432765960693,3.8353116512298584,3.8473262786865234,3.5722174644470215,3.8473262786865234,2.942694664001465,0.254058837890625,0.1443500518798828,0.12775611877441406,0.03265571594238281,0.08206367492675781,0.06176567077636719,-0.040203094482421875,0.07840347290039062,0.11209297180175781,-0.1132659912109375,-0.033313751220703125,0.06368255615234375,-0.029903411865234375,0.06274795532226562,0.0073833465576171875,-0.009244918823242188,0.03337860107421875,-0.001605987548828125,0.10396575927734375,0.936767578125,0.031998644377056136,0.049303557723760605,0.254058837890625,-0.1132659912109375,0.0802476778626442,0.07325483858585358,0.12132753644670766,0.0069490387326183204,0.022009876796174797,544.1293334960938,12.843246459960938,0.7566471099853516,18.76150894165039,1.9765379428863525,0.24167512357234955,0.9046316146850586,0.03974151539623285,0.13799476623535156,1.9546794891357422,1.0939407348632812,-0.21019744873046875,2.199766159057617,0.9361953735351562,-0.22210121154785156,1.8256855010986328,0.7152042388916016,-0.013785756620250052,0.07606561273560401,0.04266138291896628,-0.035996557536878054,0.09052208635143667,0.04789140170678052,-0.027101598467146167,0.07069386933979174,0.03688761775654936,0.22682762145996094,0.5146217346191406,0.2264270782470703,0.25470542907714844,0.5259132385253906,0.1686534881591797,0.2296142578125,0.4690074920654297,0.16317176818847656,0.9367964002821181,1.0328627692328558,2.199766159057617,-0.22210121154785156,2.199766159057617,0.9213999424621182,2.4218673706054688,2.129775806899986,0.6433178111035205,0.03198200646498381,0.04906732038148921,0.09052208635143667,-0.035996557536878054,0.09052208635143667,0.04672630717283378,0.12651864388831474,1.8448545222991464,0.5373152214568805,0.30877134535047746,0.30877134535047746,0.5259132385253906,0.16317176818847656,0.5259132385253906,0.1494645351083108,0.36274147033691406,1.7032449073148048,0.5432075952026525
T0278,sick,1,2015-03-20,28.717124938964844,36.15999984741211,22.829999923706055,3.045689821243286,9.276226997375488,29.289932250976562,35.29999923706055,22.489999771118164,3.4150538444519043,11.662592887878418,28.717124938964844,28.903181076049805,28.94647789001465,29.0405216217041,29.181291580200195,29.075029373168945,29.091026306152344,29.151145935058594,29.136280059814453,29.172054290771484,29.204429626464844,29.2144718170166,29.241836547851562,29.25723648071289,29.270488739013672,29.290803909301758,29.254749298095703,29.21597671508789,29.2681941986084,29.289932250976562,3.045689821243286,3.103797435760498,3.1612915992736816,3.1779556274414062,3.1939570903778076,3.2522389888763428,3.274501323699951,3.3068931102752686,3.32625150680542,3.331160545349121,3.347996711730957,3.3710906505584717,3.3914759159088135,3.3817458152770996,3.390310287475586,3.4107348918914795,3.4075584411621094,3.3876395225524902,3.4054393768310547,3.4150538444519043,3.3041388988494873,3.4150538444519043,3.045689821243286,0.18605613708496094,0.04329681396484375,0.09404373168945312,0.14076995849609375,-0.10626220703125,0.015996932983398438,0.06011962890625,-0.014865875244140625,0.03577423095703125,0.032375335693359375,0.010042190551757812,0.027364730834960938,0.015399932861328125,0.01325225830078125,0.020315170288085938,-0.03605461120605469,-0.0387725830078125,0.05221748352050781,0.021738052368164062,0.5728073120117188,0.021626803749485352,0.030147753655910492,0.18605613708496094,-0.10626220703125,0.06209990009665489,0.050774622708559036,0.07765421186174641,0.02242708206176687,-0.0002681187220971563,553.918701171875,8.293350219726562,0.3378313183784485,8.934406280517578,0.7895362973213196,0.10937907546758652,0.36936402320861816,0.017652677772636658,0.1860065460205078,1.3902397155761719,0.5956764221191406,0.18250465393066406,1.1312332153320312,0.6708488464355469,0.2641754150390625,0.95208740234375,-0.21440696716308594,-0.007969139213849286,0.06005956750167036,0.017485503863571207,0.009265987138101863,0.049743265137635294,0.02351703787208471,0.003123419625417844,0.0370855388784756,0.0024304626579566917,0.29337120056152344,0.2659320831298828,0.33882904052734375,0.2745819091796875,0.23339462280273438,0.4185295104980469,0.19215011596679688,0.31107139587402344,0.14092445373535156,0.5731516944037544,0.6207976871066623,1.3902397155761719,-0.21440696716308594,1.3902397155761719,0.5185235829662075,1.6046466827392578,2.239440838868492,0.6217019738702952,0.0216379603845627,0.023408880209862537,0.06005956750167036,-0.007969139213849286,0.06005956750167036,0.023094620083728215,0.06802870671551964,2.5656734242089914,0.697211026227866,0.2743093702528212,0.2743093702528212,0.4185295104980469,0.14092445373535156,0.4185295104980469,0.08136567565802587,0.2776050567626953,1.5257571947131487,0.43277573038829315
T0282,sick,1,2015-07-20,28.020078659057617,34.59000015258789,21.950000762939453,3.3784406185150146,11.413860321044922,28.458358764648438,34.5099983215332,22.1200008392334,3.7240357398986816,13.86844253540039,28.020078659057617,28.068851470947266,28.141145706176758,28.235218048095703,28.245189666748047,28.25577735900879,28.344980239868164,28.341562271118164,28.328563690185547,28.355478286743164,28.389293670654297,28.378524780273438,28.374309539794922,28.355146408081055,28.400426864624023,28.438737869262695,28.40594482421875,28.4360294342041,28.413679122924805,28.458358764648438,3.3784406185150146,3.4291505813598633,3.455827474594116,3.4754443168640137,3.505314588546753,3.5299196243286133,3.5385868549346924,3.561990737915039,3.5853824615478516,3.592182159423828,3.5997705459594727,3.6167595386505127,3.63210391998291,3.6476118564605713,3.672888994216919,3.6869986057281494,3.707289695739746,3.700181722640991,3.717020034790039,3.7240357398986816,3.5878448486328125,3.7240357398986816,3.3784406185150146,0.04877281188964844,0.07229423522949219,0.09407234191894531,0.00997161865234375,0.010587692260742188,0.089202880859375,-0.00341796875,-0.012998580932617188,0.026914596557617188,0.03381538391113281,-0.010768890380859375,-0.004215240478515625,-0.019163131713867188,0.04528045654296875,0.038311004638671875,-0.03279304504394531,0.030084609985351562,-0.022350311279296875,0.04467964172363281,0.4382801055908203,0.018557571468496036,0.023067373782396317,0.09407234191894531,-0.03279304504394531,0.03631541132926941,0.03419444337487221,0.051473726545061986,0.0049833116077228805,0.006987653459820727,538.1480712890625,5.766583442687988,0.7599452137947083,17.503555297851562,2.089864492416382,0.09951803088188171,0.345595121383667,0.01702263211845455,0.3087196350097656,0.32186317443847656,0.08831787109375,0.9748420715332031,1.0101394653320312,-0.1579723358154297,0.9559478759765625,0.7227039337158203,-0.27223777770996094,0.002005415034473026,0.001453439812910932,0.0015096965589018328,0.06582107830764616,0.05099631861636457,-0.02128774026282826,0.057243592398507216,0.035671191107956926,-0.02591766988424503,0.19084548950195312,0.1476879119873047,0.119598388671875,0.4067420959472656,0.11280059814453125,0.17172622680664062,0.20351219177246094,0.11655426025390625,0.2409038543701172,0.43914710150824654,0.5347493489583334,1.0101394653320312,-0.27223777770996094,1.0101394653320312,0.4971112751848363,1.2823772430419922,1.8889961220331997,0.6110712144255326,0.018610591298854156,0.029100682442648216,0.06582107830764616,-0.02591766988424503,0.06582107830764616,0.03445725883157559,0.09173874819189119,2.2618389042586067,0.6645929773091462,0.19004122416178384,0.19004122416178384,0.4067420959472656,0.11280059814453125,0.4067420959472656,0.09232163358299593,0.2939414978027344,2.140283385031074,0.4976453228138612
T0283,sick,1,2015-05-22,28.921998977661133,33.93000030517578,22.920000076293945,2.7842636108398438,7.7521233558654785,29.818574905395508,35.27000045776367,22.639999389648438,3.338789463043213,11.147514343261719,28.921998977661133,29.163564682006836,29.450624465942383,29.478893280029297,29.653837203979492,29.576614379882812,29.70443344116211,29.648405075073242,29.648639678955078,29.744544982910156,29.7681941986084,29.799345016479492,29.84041404724121,29.78581428527832,29.8402042388916,29.817964553833008,29.750280380249023,29.812030792236328,29.843778610229492,29.818574905395508,2.7842636108398438,2.8597846031188965,2.8781089782714844,2.9908089637756348,3.0151889324188232,3.069875478744507,3.0726637840270996,3.153391122817993,3.1522345542907715,3.167863130569458,3.1815431118011475,3.2065300941467285,3.2105231285095215,3.247159004211426,3.250220537185669,3.283764123916626,3.315263032913208,3.3069655895233154,3.325267791748047,3.338789463043213,3.1405105590820312,3.338789463043213,2.7842636108398438,0.24156570434570312,0.2870597839355469,0.028268814086914062,0.1749439239501953,-0.07722282409667969,0.12781906127929688,-0.05602836608886719,0.0002346038818359375,0.09590530395507812,0.023649215698242188,0.03115081787109375,0.04106903076171875,-0.054599761962890625,0.05438995361328125,-0.02223968505859375,-0.06768417358398438,0.06175041198730469,0.03174781799316406,-0.025203704833984375,0.896575927734375,0.032880370061199475,0.047188207507133484,0.2870597839355469,-0.07722282409667969,0.098456472158432,0.07908067852258682,0.13634752546038,0.023874714261007735,0.0008870261056070855,563.6978759765625,14.179889678955078,0.5345959663391113,14.25947380065918,1.3671318292617798,0.15967229008674622,0.5545258522033691,0.026587280653473093,0.9542713165283203,1.6197128295898438,0.8828125,0.282135009765625,0.9859123229980469,0.9985942840576172,0.38818931579589844,1.1892070770263672,0.7685260772705078,0.03260383319137622,0.05915504541612192,0.03129754747663132,0.0016370888043160032,0.03913601896816604,0.04087735226279804,0.0065334606887694395,0.05050706648288793,0.034140602628090475,0.3282032012939453,0.4676856994628906,0.35329246520996094,0.4188060760498047,0.24570655822753906,0.5518035888671875,0.530914306640625,0.2598838806152344,0.5314788818359375,0.8965956370035807,0.8965956370035807,1.6197128295898438,0.282135009765625,1.6197128295898438,0.4004463516374649,1.3375778198242188,1.8065142687262847,0.47184830520330373,0.03287644621323971,0.03287644621323971,0.05915504541612192,0.0016370888043160032,0.05915504541612192,0.01863671096261561,0.057517956611805914,1.7993133150494345,0.5087717344903249,0.4097527398003472,0.4097527398003472,0.5518035888671875,0.24570655822753906,0.5518035888671875,0.11849257774575615,0.30609703063964844,1.3466745229557455,0.4377156747839668
T0285,sick,1,2015-07-20,29.009992599487305,35.900001525878906,22.559999465942383,2.854383945465088,8.147507667541504,29.053001403808594,35.099998474121094,22.209999084472656,2.8618369102478027,8.19011116027832,29.009992599487305,28.955371856689453,28.99944305419922,29.052845001220703,28.993160247802734,29.003877639770508,28.976428985595703,29.013916015625,29.03663444519043,29.00672149658203,28.985761642456055,29.005619049072266,28.997854232788086,29.037988662719727,29.034215927124023,29.000980377197266,29.04737663269043,29.093311309814453,29.019437789916992,29.053001403808594,2.854383945465088,2.8839900493621826,2.832632541656494,2.8653736114501953,2.843003511428833,2.851801872253418,2.889542818069458,2.819108486175537,2.8611268997192383,2.8724710941314697,2.8871374130249023,2.8756825923919678,2.8913989067077637,2.869344472885132,2.897268772125244,2.8987648487091064,2.863487720489502,2.8397648334503174,2.879589319229126,2.8618369102478027,2.8668856620788574,2.8987648487091064,2.819108486175537,-0.05462074279785156,0.044071197509765625,0.053401947021484375,-0.05968475341796875,0.010717391967773438,-0.027448654174804688,0.037487030029296875,0.022718429565429688,-0.029912948608398438,-0.020959854125976562,0.019857406616210938,-0.0077648162841796875,0.040134429931640625,-0.003772735595703125,-0.03323554992675781,0.04639625549316406,0.04593467712402344,-0.07387351989746094,0.03356361389160156,0.04300880432128906,0.0028863849496472693,0.0022636211942881346,0.053401947021484375,-0.07387351989746094,0.03933446854352951,0.03502926230430603,0.003891209193638038,0.002816699800035346,0.005578122820171664,551.2924194335938,0.10258197784423828,0.33057528734207153,9.096203804016113,0.9696166515350342,0.02150639146566391,0.007452964782714844,0.001090402710706591,-0.4394416809082031,0.44383811950683594,0.4121246337890625,-0.3987293243408203,0.13873291015625,0.5524044036865234,-0.10909080505371094,-0.28070068359375,0.063690185546875,-0.02394097120242058,0.0206216439268631,0.02316656327785357,-0.02087028474736129,0.005533183965467008,0.03141899395705974,-0.00314703489604823,-0.013813212401884748,0.006760232968437537,0.16411972045898438,0.10387802124023438,0.27683258056640625,0.45792579650878906,0.08667945861816406,0.37115478515625,0.685791015625,0.09795951843261719,0.3756275177001953,0.042536417643229164,0.31541697184244794,0.5524044036865234,-0.4394416809082031,0.5524044036865234,0.3744657021182849,0.9918460845947266,1.7513464254833675,0.5057447150945904,0.002858790538662901,0.01658579126037731,0.03141899395705974,-0.02394097120242058,0.03141899395705974,0.019878711323807544,0.05535996515948032,1.8943307871485366,0.5260628874969709,0.29110760158962673,0.29110760158962673,0.685791015625,0.08667945861816406,0.685791015625,0.2023722241594844,0.5991115570068359,2.355798984025732,0.5799094049143245
T0286,sick,1,2015-05-22,28.741361618041992,34.349998474121094,22.489999771118164,2.927231550216675,8.568684577941895,29.69274139404297,35.66999816894531,22.520000457763672,3.5598199367523193,12.672318458557129,28.741361618041992,29.05352783203125,29.220182418823242,29.2559757232666,29.32088851928711,29.408967971801758,29.416521072387695,29.475358963012695,29.513898849487305,29.556602478027344,29.579391479492188,29.65003204345703,29.629150390625,29.63425064086914,29.68752670288086,29.688072204589844,29.72354507446289,29.673574447631836,29.7148494720459,29.69274139404297,2.927231550216675,3.1483075618743896,3.1765682697296143,3.2520649433135986,3.3021292686462402,3.3245322704315186,3.3569109439849854,3.37717866897583,3.3926820755004883,3.4227333068847656,3.4305882453918457,3.4422786235809326,3.464399576187134,3.4815146923065186,3.483022689819336,3.4741361141204834,3.4874682426452637,3.5394980907440186,3.5334832668304443,3.5598199367523193,3.3788275718688965,3.5598199367523193,2.927231550216675,0.3121662139892578,0.1666545867919922,0.035793304443359375,0.06491279602050781,0.08807945251464844,0.0075531005859375,0.058837890625,0.038539886474609375,0.04270362854003906,0.02278900146484375,0.07064056396484375,-0.02088165283203125,0.005100250244140625,0.05327606201171875,0.000545501708984375,0.035472869873046875,-0.04997062683105469,0.0412750244140625,-0.022108078002929688,0.9513797760009766,0.03869794544420653,0.050072621554136276,0.3121662139892578,-0.04997062683105469,0.07692170888185501,0.059857919812202454,0.11931163242885096,0.03243157977149341,0.0016124180385037456,560.4193725585938,14.333497047424316,0.817535936832428,12.017071723937988,1.3171461820602417,0.15236413478851318,0.6325883865356445,0.02395099320806051,0.2773323059082031,1.3255081176757812,1.0768375396728516,-0.9522800445556641,1.1144962310791016,3.1164321899414062,-1.7173042297363281,1.0515365600585938,3.2483062744140625,0.025321184602894554,0.06381741143707041,0.018122661561893884,0.006242069445156828,0.057255995901006176,0.07602489729572869,-0.015904270258166295,0.043001793022441705,0.07415361906352747,0.23320579528808594,0.22683334350585938,1.1772747039794922,0.2515869140625,0.13950729370117188,2.612905502319336,0.2015705108642578,0.3082408905029297,2.742708206176758,0.9489849938286675,1.5422259436713324,3.2483062744140625,-1.7173042297363281,3.2483062744140625,1.6338511534111986,4.965610504150391,2.1062453699999897,0.5822783275213644,0.03867059578572815,0.04220487806532067,0.07602489729572869,-0.015904270258166295,0.07602489729572869,0.03217409126671119,0.09192916755389498,1.8013292009699127,0.5633785897432634,0.8770925733778212,0.8770925733778212,2.742708206176758,0.13950729370117188,2.742708206176758,1.068662507697862,2.603200912475586,3.1270452608482424,0.8275939295210903
T0287,sick,1,2015-07-20,29.408681869506836,36.189998626708984,23.0,2.8528268337249756,8.138620376586914,29.58160400390625,35.88999938964844,22.709999084472656,2.936136245727539,8.620896339416504,29.408681869506836,29.339794158935547,29.39904022216797,29.373170852661133,29.400768280029297,29.46059226989746,29.458545684814453,29.470531463623047,29.42714500427246,29.551197052001953,29.539899826049805,29.450088500976562,29.36832618713379,29.46316146850586,29.488691329956055,29.455717086791992,29.496776580810547,29.52042579650879,29.55447006225586,29.58160400390625,2.8528268337249756,2.891700506210327,2.8870036602020264,2.893017292022705,2.9068658351898193,2.899402141571045,2.893310546875,2.9040439128875732,2.8917510509490967,2.8988542556762695,2.909137487411499,2.9144129753112793,2.9659948348999023,2.9264540672302246,2.930467367172241,2.933077573776245,2.977984666824341,2.9509947299957275,2.9444198608398438,2.936136245727539,2.915393114089966,2.977984666824341,2.8528268337249756,-0.06888771057128906,0.059246063232421875,-0.025869369506835938,0.027597427368164062,0.05982398986816406,-0.0020465850830078125,0.01198577880859375,-0.04338645935058594,0.12405204772949219,-0.011297225952148438,-0.08981132507324219,-0.08176231384277344,0.09483528137207031,0.025529861450195312,-0.0329742431640625,0.04105949401855469,0.023649215698242188,0.03404426574707031,0.027133941650390625,0.17292213439941406,0.008119409604179742,0.009101164527237415,0.12405204772949219,-0.08981132507324219,0.05566002056002617,0.046578556299209595,0.011902999877929398,-0.005014078957693625,0.022413471766880914,559.7135009765625,0.9485292434692383,0.2778576910495758,8.972311019897461,0.8032127022743225,0.029394574463367462,0.08330941200256348,0.004309394126547807,-0.16279983520507812,0.3720436096191406,0.025333404541015625,0.14525985717773438,0.37526702880859375,0.10814476013183594,0.27710914611816406,0.3128013610839844,0.10445785522460938,-0.008643518892446068,0.019554143919980033,0.0009109052500318474,0.004456160122290131,0.015560111425872469,0.008491032822687917,0.013383165517247114,0.012780735905008866,0.006620873185924204,0.2756023406982422,0.16660690307617188,0.17842483520507812,0.3518352508544922,0.09580802917480469,0.22944068908691406,0.3265666961669922,0.1154632568359375,0.20642852783203125,0.1730685763888889,0.2092463175455729,0.37526702880859375,-0.16279983520507812,0.37526702880859375,0.17858964766537544,0.5380668640136719,1.7934222942424751,0.5629261385536263,0.008123734361844055,0.010044516337943184,0.019554143919980033,-0.008643518892446068,0.019554143919980033,0.008546296947526245,0.0281976628124261,1.9467462438835252,0.5364719953400574,0.21624183654785156,0.21624183654785156,0.3518352508544922,0.09580802917480469,0.3518352508544922,0.08867476045993866,0.2560272216796875,1.6270451648064128,0.4901941158143386
T0316,sick,1,2018-05-23,27.147174835205078,34.280181884765625,21.255680084228516,3.4218714237213135,11.709203720092773,28.969030380249023,36.016361236572266,21.27798080444336,4.555384635925293,20.751527786254883,27.147174835205078,27.533164978027344,27.796194076538086,27.904499053955078,28.138593673706055,28.1287899017334,28.284629821777344,28.364625930786133,28.411624908447266,28.582170486450195,28.591012954711914,28.660940170288086,28.659557342529297,28.754261016845703,28.793363571166992,28.824058532714844,28.884056091308594,28.925443649291992,28.995532989501953,28.969030380249023,3.4218714237213135,3.6679253578186035,3.802578926086426,3.903675079345703,4.000535488128662,4.090550899505615,4.121121883392334,4.176546573638916,4.236678600311279,4.271193981170654,4.294130325317383,4.320274353027344,4.367618560791016,4.384847164154053,4.4317827224731445,4.45058012008667,4.473472595214844,4.498978137969971,4.523300647735596,4.555384635925293,4.199652194976807,4.555384635925293,3.4218714237213135,0.3859901428222656,0.2630290985107422,0.10830497741699219,0.23409461975097656,-0.00980377197265625,0.1558399200439453,0.07999610900878906,0.04699897766113281,0.1705455780029297,0.00884246826171875,0.06992721557617188,-0.0013828277587890625,0.09470367431640625,0.03910255432128906,0.030694961547851562,0.05999755859375,0.04138755798339844,0.07008934020996094,-0.026502609252929688,1.8218555450439453,0.08134483968404815,0.09588713198900223,0.3859901428222656,-0.026502609252929688,0.10245002806186676,0.09985441714525223,0.19521903991699252,0.06570075807117162,0.04097557067871254,540.2906494140625,24.49429702758789,0.5680927038192749,13.456911087036133,0.9513823986053467,0.29969894886016846,1.1335132122039795,0.04889340203507497,1.705209732055664,2.6846485137939453,2.288684844970703,0.6430168151855469,2.5621700286865234,1.9634437561035156,0.5525302886962891,2.5132274627685547,1.4825553894042969,0.07968585652516276,0.12368047757256266,0.10685390386366232,0.03246249722358815,0.11059452573159498,0.08204415973864033,0.025304582065208327,0.10938297501183947,0.062062497246534086,0.35973548889160156,0.49465370178222656,0.4210491180419922,0.24086952209472656,0.5962715148925781,0.32285499572753906,0.2690849304199219,0.6136569976806641,0.23336029052734375,1.8217207590738933,1.8217207590738933,2.6846485137939453,0.5525302886962891,2.6846485137939453,0.8014071392112788,2.1321182250976562,1.4736882618727227,0.47330378659624806,0.0813412749976437,0.0813412749976437,0.12368047757256266,0.025304582065208327,0.12368047757256266,0.035337203350132976,0.09837589550735433,1.5205129544750302,0.46943226907130825,0.39461517333984375,0.39461517333984375,0.6136569976806641,0.23336029052734375,0.6136569976806641,0.14625144502609747,0.3802967071533203,1.5550770056208933,0.47995626139007946
T0319,sick,1,2019-10-23,25.01764678955078,33.98981857299805,17.832469940185547,4.983726978302002,24.837533950805664,25.77122688293457,34.69615936279297,18.034700393676758,5.2434258460998535,27.493513107299805,25.01764678955078,25.223106384277344,25.324886322021484,25.478450775146484,25.585477828979492,25.666912078857422,25.665348052978516,25.7283992767334,25.73677635192871,25.72108268737793,25.706279754638672,25.76447296142578,25.71904754638672,25.736799240112305,25.723140716552734,25.789531707763672,25.752063751220703,25.774654388427734,25.80629539489746,25.77122688293457,4.983726978302002,5.025504112243652,5.133862495422363,5.162604808807373,5.2522196769714355,5.223396301269531,5.242965221405029,5.243133068084717,5.210944652557373,5.230179786682129,5.213492393493652,5.220608711242676,5.221582889556885,5.240509033203125,5.227540016174316,5.237497806549072,5.213668346405029,5.234894275665283,5.244253635406494,5.2434258460998535,5.200300216674805,5.2522196769714355,4.983726978302002,0.2054595947265625,0.10177993774414062,0.153564453125,0.10702705383300781,0.08143424987792969,-0.00156402587890625,0.06305122375488281,0.0083770751953125,-0.01569366455078125,-0.014802932739257812,0.058193206787109375,-0.0454254150390625,0.017751693725585938,-0.013658523559570312,0.0663909912109375,-0.03746795654296875,0.02259063720703125,0.03164100646972656,-0.035068511962890625,0.7535800933837891,0.028427113984760104,0.039662111550569534,0.2054595947265625,-0.0454254150390625,0.06624142080545425,0.05689169093966484,0.12820014953613348,0.006210554213749976,0.008951786586215175,487.2971496582031,11.961873054504395,1.0556254386901855,26.73665428161621,2.8397912979125977,0.07110966742038727,0.25969886779785156,0.007966192862144776,0.5475330352783203,2.1439342498779297,1.2321510314941406,-0.0184478759765625,0.8226718902587891,0.5834388732910156,0.4250221252441406,0.5610179901123047,0.48468589782714844,0.022746526388297703,0.08447650966787613,0.040050175315455,0.009232065014373288,0.030055885028122002,0.019858173857954065,0.02448477494089194,0.012430096389654659,0.012570699534021453,0.2968578338623047,0.7277297973632812,0.5029640197753906,0.2848968505859375,0.2380504608154297,0.4248809814453125,0.4725494384765625,0.45743560791015625,0.43935394287109375,0.7535563574896919,0.7576558854844835,2.1439342498779297,-0.0184478759765625,2.1439342498779297,0.617621819508197,2.162382125854492,2.829693879049129,0.6157525901658634,0.02843387845962736,0.02843387845962736,0.08447650966787613,0.009232065014373288,0.08447650966787613,0.023120069739433487,0.07524444465350284,2.9709798499006714,0.6040625258207634,0.42719099256727433,0.42719099256727433,0.7277297973632812,0.2380504608154297,0.7277297973632812,0.14671358985115607,0.48967933654785156,1.7035232319732152,0.4430085217723315
T0322,sick,1,2019-11-13,25.782747268676758,32.55270004272461,18.425329208374023,4.099963665008545,16.809703826904297,26.458354949951172,34.087318420410156,18.614709854125977,4.545786380767822,20.664175033569336,25.782747268676758,25.830638885498047,26.193702697753906,26.27222442626953,26.37395477294922,26.44438934326172,26.488101959228516,26.448972702026367,26.525808334350586,26.521602630615234,26.62175750732422,26.666748046875,26.607406616210938,26.63214683532715,26.556724548339844,26.581974029541016,26.61617088317871,26.54450798034668,26.584972381591797,26.458354949951172,4.099963665008545,4.36154317855835,4.4037251472473145,4.452465534210205,4.461487770080566,4.47916841506958,4.498889923095703,4.509230136871338,4.5079731941223145,4.528883457183838,4.518029689788818,4.5013885498046875,4.512722492218018,4.5235676765441895,4.528133869171143,4.523877143859863,4.518143177032471,4.518204212188721,4.557137966156006,4.545786380767822,4.477515697479248,4.557137966156006,4.099963665008545,0.04789161682128906,0.3630638122558594,0.078521728515625,0.1017303466796875,0.0704345703125,0.043712615966796875,-0.03912925720214844,0.07683563232421875,-0.0042057037353515625,0.10015487670898438,0.04499053955078125,-0.0593414306640625,0.024740219116210938,-0.07542228698730469,0.025249481201171875,0.03419685363769531,-0.07166290283203125,0.04046440124511719,-0.126617431640625,0.6756076812744141,0.03083931198693756,0.035558298230171204,0.3630638122558594,-0.126617431640625,0.0993170216679573,0.0751771405339241,0.14333370753697053,0.027660210927326647,-0.015843309674944794,502.63238525390625,12.760157585144043,0.6282343864440918,16.171178817749023,1.6546660661697388,0.09796586632728577,0.44582271575927734,0.011769405164216668,-0.43587303161621094,1.1326274871826172,0.7786884307861328,0.7362651824951172,1.3304519653320312,0.19154930114746094,0.9994964599609375,1.3996849060058594,-0.04726219177246094,0.016484553114811628,0.04289912460441885,0.05068064094486054,0.013844520167300369,0.047769483408532855,0.027718533967670423,0.017901533886902014,0.04324006102138893,0.017001114752058583,1.360891342163086,0.41820335388183594,0.8943939208984375,0.5744514465332031,0.6080741882324219,0.49895668029785156,0.5140819549560547,0.5135040283203125,0.5844593048095703,0.6761809455023872,0.7835443284776475,1.3996849060058594,-0.43587303161621094,1.3996849060058594,0.6396702927323471,1.8355579376220703,1.786350608729194,0.5477622945224739,0.030837729540882684,0.030837729540882684,0.05068064094486054,0.013844520167300369,0.05068064094486054,0.015178231884925286,0.036836120777560176,1.6434616057921956,0.5105224540740807,0.6630018022325304,0.6630018022325304,1.360891342163086,0.41820335388183594,1.360891342163086,0.29346700035179984,0.94268798828125,2.052620848170154,0.47986453210123525
T0326,sick,1,2019-04-24,28.441911697387695,33.06161117553711,24.298259735107422,2.357029914855957,5.5555901527404785,28.9086856842041,34.861610412597656,23.909040451049805,2.9371683597564697,8.626957893371582,28.441911697387695,28.222864151000977,28.417024612426758,28.45930290222168,28.513593673706055,28.5690860748291,28.611370086669922,28.632186889648438,28.687015533447266,28.70358657836914,28.803752899169922,28.711421966552734,28.80250358581543,28.800914764404297,28.862958908081055,28.888179779052734,28.8786678314209,28.9030818939209,28.890146255493164,28.9086856842041,2.357029914855957,2.257161855697632,2.4606754779815674,2.5345888137817383,2.596848249435425,2.6426312923431396,2.6717529296875,2.7156484127044678,2.742910146713257,2.7592313289642334,2.7736711502075195,2.8282527923583984,2.8359320163726807,2.843367576599121,2.859673500061035,2.8807411193847656,2.884222984313965,2.915142059326172,2.926053285598755,2.9371683597564697,2.721135139465332,2.9371683597564697,2.257161855697632,-0.21904754638671875,0.19416046142578125,0.042278289794921875,0.054290771484375,0.055492401123046875,0.04228401184082031,0.020816802978515625,0.054828643798828125,0.016571044921875,0.10016632080078125,-0.0923309326171875,0.09108161926269531,-0.0015888214111328125,0.06204414367675781,0.025220870971679688,-0.009511947631835938,0.0244140625,-0.012935638427734375,0.0185394287109375,0.46677398681640625,0.031633225060942884,0.024567052721977234,0.19416046142578125,-0.21904754638671875,0.07949481159448624,0.05987388268113136,0.044295392717634455,0.027997402917768775,0.007398496355330056,545.032958984375,4.636634826660156,0.3491849899291992,9.994235038757324,0.8441991806030273,0.18926241993904114,0.5801384449005127,0.03075595296415166,0.5620212554931641,1.2960433959960938,0.8347721099853516,-0.09652900695800781,0.8398342132568359,0.057285308837890625,-0.055309295654296875,0.7404632568359375,0.024652481079101562,0.05156521761327696,0.07330795517541412,0.057432091505006486,0.003109032767159108,0.04885847765700285,0.012164391252330691,-0.005451741612943821,0.04037002907659717,0.0034451850374832486,0.22336387634277344,0.33829498291015625,0.47875404357910156,0.2807178497314453,0.3177146911621094,0.4431934356689453,0.2512092590332031,0.3283710479736328,0.16899681091308594,0.4670259687635634,0.50076781378852,1.2960433959960938,-0.09652900695800781,1.2960433959960938,0.49991189365321986,1.3925724029541016,2.5881123635120526,0.6591321990065038,0.03164451538570298,0.032856013521912725,0.07330795517541412,-0.005451741612943821,0.07330795517541412,0.02858149375170417,0.07875969678835794,2.231187688507793,0.6165124012550781,0.3145128885904948,0.3145128885904948,0.47875404357910156,0.16899681091308594,0.47875404357910156,0.09933167532488732,0.3097572326660156,1.5222079785110931,0.4452184467627095
T0328,sick,1,2020-01-20,27.262849807739258,34.109718322753906,20.958209991455078,3.8822059631347656,15.071523666381836,27.92144203186035,34.31943130493164,21.05875015258789,4.357308387756348,18.98613739013672,27.262849807739258,27.567731857299805,27.678260803222656,27.780845642089844,27.83561897277832,27.9172420501709,27.885419845581055,27.982961654663086,28.010313034057617,28.008453369140625,27.99429702758789,28.081640243530273,28.02164649963379,28.041099548339844,28.03009033203125,27.999710083007812,27.98960304260254,28.015962600708008,27.928373336791992,27.92144203186035,3.8822059631347656,4.030747890472412,4.11533784866333,4.1525750160217285,4.186683654785156,4.203546047210693,4.241415977478027,4.257882118225098,4.241217136383057,4.274214744567871,4.302957534790039,4.304253101348877,4.3115315437316895,4.370436668395996,4.356237888336182,4.346889972686768,4.3555121421813965,4.355932235717773,4.354772567749023,4.357308387756348,4.250082969665527,4.370436668395996,3.8822059631347656,0.3048820495605469,0.11052894592285156,0.1025848388671875,0.05477333068847656,0.08162307739257812,-0.03182220458984375,0.09754180908203125,0.02735137939453125,-0.0018596649169921875,-0.014156341552734375,0.08734321594238281,-0.059993743896484375,0.019453048706054688,-0.01100921630859375,-0.0303802490234375,-0.010107040405273438,0.02635955810546875,-0.08758926391601562,-0.006931304931640625,0.6585922241210938,0.02310313891647367,0.034662749618291855,0.3048820495605469,-0.08758926391601562,0.0843469575047493,0.061383698135614395,0.11937735421316835,0.017654850369407216,-0.020882633754186072,530.3613891601562,12.367269515991211,0.6784530878067017,21.265159606933594,2.082519054412842,0.12399507313966751,0.47510242462158203,0.019028723867315828,-0.1361827850341797,1.1450958251953125,0.4524421691894531,0.28069114685058594,1.3829727172851562,1.1918907165527344,0.07928466796875,0.868927001953125,0.6606388092041016,-0.03001548652362149,0.04704893585434479,0.02579475775697091,-0.0041942352639105784,0.05521118336154095,0.06643126064673302,-0.01061403518332634,0.02321648561864792,0.03477785210860377,0.5417404174804688,0.4077930450439453,0.3870811462402344,0.4332771301269531,0.40396690368652344,0.4133930206298828,0.39238739013671875,0.5346107482910156,0.3990650177001953,0.6584178076850044,0.6886806488037109,1.3829727172851562,-0.1361827850341797,1.3829727172851562,0.5294615658140898,1.519155502319336,2.0081480430820893,0.6001748511597741,0.02307296870844255,0.03303380359085553,0.06643126064673302,-0.03001548652362149,0.06643126064673302,0.032266052346499645,0.09644674717035451,2.0110079166010255,0.5674032047021881,0.4348127577039931,0.4348127577039931,0.5417404174804688,0.3870811462402344,0.5417404174804688,0.06009573371159951,0.15465927124023438,1.2459165363084939,0.38576714671193757
T0330,sick,1,2019-04-24,28.28860092163086,35.59601974487305,24.23349952697754,2.6498196125030518,7.021543979644775,29.276914596557617,35.581581115722656,24.352190017700195,3.4071788787841797,11.608867645263672,28.28860092163086,28.520498275756836,28.623329162597656,28.70241928100586,28.783374786376953,28.865686416625977,28.934612274169922,28.959697723388672,28.968368530273438,29.04962921142578,29.039113998413086,29.0684871673584,29.142900466918945,29.23861312866211,29.210887908935547,29.192262649536133,29.321348190307617,29.297571182250977,29.314258575439453,29.276914596557617,2.6498196125030518,2.7806601524353027,2.874253749847412,2.925028085708618,2.962239980697632,3.0109565258026123,3.079983949661255,3.141136407852173,3.1383755207061768,3.1797149181365967,3.187941074371338,3.269233226776123,3.270930290222168,3.2637200355529785,3.2851953506469727,3.3011512756347656,3.327493190765381,3.3506202697753906,3.367595672607422,3.4071788787841797,3.1386611461639404,3.4071788787841797,2.6498196125030518,0.23189735412597656,0.10283088684082031,0.07909011840820312,0.08095550537109375,0.08231163024902344,0.06892585754394531,0.02508544921875,0.008670806884765625,0.08126068115234375,-0.010515213012695312,0.0293731689453125,0.07441329956054688,0.09571266174316406,-0.0277252197265625,-0.018625259399414062,0.12908554077148438,-0.023777008056640625,0.016687393188476562,-0.03734397888183594,0.9883136749267578,0.04614288071940664,0.05201650783419609,0.23189735412597656,-0.03734397888183594,0.06499934941530228,0.0644361600279808,0.10723277500697767,0.03968881425403272,0.019209834507531182,551.0158081054688,13.53239917755127,1.4258511066436768,12.323464393615723,1.9954109191894531,0.20504064857959747,0.7573592662811279,0.03404313460328526,0.7490863800048828,1.5636577606201172,0.81219482421875,0.7237186431884766,1.753347396850586,0.4465179443359375,0.6318683624267578,1.73223876953125,0.4879150390625,0.046683971146891386,0.06697138879532141,0.03163937876995338,0.0511716297694611,0.07906570721389572,0.011427033216432046,0.0434682100339038,0.07435295420481632,0.010901616031961239,1.680032730102539,0.5823192596435547,1.3862438201904297,2.0985584259033203,0.3087177276611328,1.6494808197021484,1.593862533569336,0.5976200103759766,1.934671401977539,0.9889494578043619,0.9889494578043619,1.753347396850586,0.4465179443359375,1.753347396850586,0.5360703159709848,1.3068294525146484,1.7729393198858976,0.5672960310989651,0.04618687657584848,0.04618687657584848,0.07906570721389572,0.010901616031961239,0.07906570721389572,0.025009381767003038,0.06816409118193448,1.7118648403384664,0.5301891918974361,1.3146118587917752,1.3146118587917752,2.0985584259033203,0.3087177276611328,2.0985584259033203,0.6509589592588572,1.7898406982421875,1.5963330894251317,0.4828854586280235
T0337,sick,1,2019-07-24,27.631288528442383,33.292789459228516,21.03792953491211,3.3137834072113037,10.981160163879395,27.854082107543945,33.312408447265625,20.909809112548828,3.5866472721099854,12.864038467407227,27.631288528442383,27.69310188293457,27.79124641418457,27.764541625976562,27.799726486206055,27.82207679748535,27.81418228149414,27.91008758544922,27.898160934448242,27.87856101989746,27.82657241821289,27.86272430419922,27.888769149780273,27.87018585205078,27.920557022094727,27.880199432373047,27.93982696533203,27.891849517822266,27.948314666748047,27.854082107543945,3.3137834072113037,3.3822853565216064,3.418415069580078,3.4533333778381348,3.4686410427093506,3.500426769256592,3.5154314041137695,3.5128800868988037,3.5446231365203857,3.5463857650756836,3.5562007427215576,3.5674965381622314,3.5666089057922363,3.5696473121643066,3.5697150230407715,3.55975341796875,3.5771937370300293,3.5834577083587646,3.561310052871704,3.5866472721099854,3.517712116241455,3.5866472721099854,3.3137834072113037,0.0618133544921875,0.09814453125,-0.026704788208007812,0.03518486022949219,0.022350311279296875,-0.007894515991210938,0.09590530395507812,-0.011926651000976562,-0.01959991455078125,-0.05198860168457031,0.036151885986328125,0.026044845581054688,-0.018583297729492188,0.05037117004394531,-0.04035758972167969,0.059627532958984375,-0.047977447509765625,0.05646514892578125,-0.09423255920410156,0.2227935791015625,0.010720383493523592,0.01172597799450159,0.09814453125,-0.09423255920410156,0.05140283703804016,0.045332860201597214,0.03563172476632231,0.0015135038466684294,-0.005028751918247121,529.1433715820312,4.148887634277344,0.462034672498703,19.228435516357422,1.4260311126708984,0.07288577407598495,0.27286386489868164,0.011027126742484777,0.5701503753662109,0.633392333984375,0.8968715667724609,-0.23386764526367188,0.4515209197998047,0.5176830291748047,-0.3358173370361328,-0.17725181579589844,-0.3195686340332031,0.024772585245002657,0.030661200042953255,0.038949463062716363,-0.0075190895482116285,0.01640017803450193,0.03170417699598678,-0.015641598235395425,-0.010569285629387483,-0.012398258008455437,0.20427703857421875,0.19486427307128906,0.24370384216308594,0.5900001525878906,0.1507701873779297,0.3856964111328125,0.5957889556884766,0.09225845336914062,0.3088264465332031,0.2225680881076389,0.4595692952473958,0.8968715667724609,-0.3358173370361328,0.8968715667724609,0.48188217687246365,1.2326889038085938,1.9515480179635933,0.507821923402851,0.010706596884412336,0.02095731497806788,0.038949463062716363,-0.015641598235395425,0.038949463062716363,0.022022469976618848,0.05459106129811179,1.8585131023867545,0.537149146762743,0.3073539733886719,0.3073539733886719,0.5957889556884766,0.09225845336914062,0.5957889556884766,0.18280385612257466,0.5035305023193359,1.938445531499936,0.56810556115551
T0338,sick,1,2020-01-22,26.908863067626953,34.873390197753906,20.574100494384766,3.1770119667053223,10.093404769897461,28.125152587890625,35.751808166503906,20.551639556884766,3.8398213386535645,14.74422836303711,26.908863067626953,27.227033615112305,27.398454666137695,27.574480056762695,27.648008346557617,27.722476959228516,27.773662567138672,27.88759422302246,27.82952117919922,27.882568359375,27.983793258666992,27.92181968688965,27.95391845703125,27.932662963867188,28.03567123413086,28.004655838012695,28.026123046875,28.07361602783203,28.077129364013672,28.125152587890625,3.1770119667053223,3.347181558609009,3.461632013320923,3.5376317501068115,3.5869357585906982,3.627955675125122,3.665692090988159,3.6973888874053955,3.7566497325897217,3.780970335006714,3.7712178230285645,3.811729669570923,3.836355209350586,3.8432252407073975,3.8120949268341064,3.842247724533081,3.8392319679260254,3.840510606765747,3.842543601989746,3.8398213386535645,3.695901393890381,3.8432252407073975,3.1770119667053223,0.31817054748535156,0.17142105102539062,0.176025390625,0.07352828979492188,0.07446861267089844,0.05118560791015625,0.11393165588378906,-0.05807304382324219,0.05304718017578125,0.10122489929199219,-0.06197357177734375,0.03209877014160156,-0.0212554931640625,0.10300827026367188,-0.031015396118164062,0.021467208862304688,0.04749298095703125,0.003513336181640625,0.048023223876953125,1.2162895202636719,0.04671016779160995,0.06401523947715759,0.31817054748535156,-0.06197357177734375,0.08845379203557968,0.08215392380952835,0.15734340122767929,0.021699337732222643,0.02035200936453585,528.47021484375,17.201799392700195,1.1467119455337524,21.266345977783203,2.467273712158203,0.18415023386478424,0.6628093719482422,0.027952819838559576,0.2245197296142578,2.2664356231689453,0.7770671844482422,0.5963497161865234,1.0817489624023438,1.2726364135742188,2.0068225860595703,1.1823539733886719,1.5389976501464844,0.017777260801844944,0.09605526601461457,0.027627906225677342,0.019485611306096738,0.045738786683046075,0.029457779217482806,0.08924780824130515,0.048487598734689774,0.04668571357440205,0.26642608642578125,0.48770904541015625,0.23048973083496094,0.2948894500732422,0.4126148223876953,0.43578529357910156,0.6541404724121094,0.2912578582763672,0.4091472625732422,1.2163257598876953,1.2163257598876953,2.2664356231689453,0.2245197296142578,2.2664356231689453,0.6533726525571677,2.0419158935546875,1.8633458891347898,0.5309483917095594,0.04672930342212883,0.04672930342212883,0.09605526601461457,0.017777260801844944,0.09605526601461457,0.028479283959645975,0.07827800521276963,2.055567672199679,0.5558983105542055,0.38694000244140625,0.38694000244140625,0.6541404724121094,0.23048973083496094,0.6541404724121094,0.133096478524049,0.42365074157714844,1.6905475044692229,0.45302309198584206
T0343,sick,1,2019-04-24,29.1467227935791,33.96512985229492,24.730770111083984,2.1672558784484863,4.696998119354248,30.03501319885254,34.61452102661133,24.526199340820312,2.8238234519958496,7.973979473114014,29.1467227935791,29.28685188293457,29.444580078125,29.570661544799805,29.643346786499023,29.631406784057617,29.720674514770508,29.741846084594727,29.70094108581543,29.787919998168945,29.803115844726562,29.803401947021484,29.886962890625,29.8264102935791,29.883352279663086,29.959251403808594,30.05335235595703,30.008434295654297,30.040563583374023,30.03501319885254,2.1672558784484863,2.3007113933563232,2.3435261249542236,2.4130733013153076,2.4630298614501953,2.505720615386963,2.5396814346313477,2.587817668914795,2.626986503601074,2.660524368286133,2.6890032291412354,2.7150869369506836,2.7398693561553955,2.7673661708831787,2.7846856117248535,2.7898778915405273,2.799633264541626,2.807610511779785,2.804654121398926,2.8238234519958496,2.6164965629577637,2.8238234519958496,2.1672558784484863,0.14012908935546875,0.1577281951904297,0.1260814666748047,0.07268524169921875,-0.01194000244140625,0.08926773071289062,0.02117156982421875,-0.040904998779296875,0.08697891235351562,0.015195846557617188,0.000286102294921875,0.08356094360351562,-0.06055259704589844,0.056941986083984375,0.07589912414550781,0.0941009521484375,-0.044918060302734375,0.03212928771972656,-0.005550384521484375,0.8882904052734375,0.03906329592367739,0.04675212502479553,0.1577281951904297,-0.06055259704589844,0.06231560930609703,0.0640011802315712,0.10339960370744833,0.02128943942841906,0.027352087838307046,565.3839111328125,11.596208572387695,0.5002805590629578,11.031305313110352,0.9192333817481995,0.18997181951999664,0.6565675735473633,0.03141443657695798,1.1286201477050781,1.5367660522460938,0.2377605438232422,1.1027565002441406,1.4035682678222656,-0.1930828094482422,1.196329116821289,1.4845561981201172,0.10914421081542969,0.04802393949121389,0.07036314942782879,0.00684795092819258,0.043282884583436924,0.06377262603071326,-0.003045928209348527,0.046814594412208206,0.0658969764422647,0.010099831201079873,0.3785514831542969,0.2928886413574219,0.27437782287597656,0.4111900329589844,0.19700241088867188,0.23356056213378906,0.4214668273925781,0.23734474182128906,0.261383056640625,0.8896020253499349,0.9325093163384331,1.5367660522460938,-0.1930828094482422,1.5367660522460938,0.6557264305942643,1.729848861694336,1.6479900080788674,0.5272381656900109,0.039117336034176636,0.039794208969587415,0.07036314942782879,-0.003045928209348527,0.07036314942782879,0.027654859744158235,0.07340907763717731,1.768175158346582,0.558519977585687,0.3008628421359592,0.3008628421359592,0.4214668273925781,0.19700241088867188,0.4214668273925781,0.08248315582887082,0.22446441650390625,1.4008603069484906,0.44730915716125025
T0344,sick,1,2019-12-11,26.24371337890625,33.35255813598633,19.517940521240234,4.167043209075928,17.364248275756836,27.157955169677734,34.7210693359375,19.631460189819336,4.693432807922363,22.02831268310547,26.24371337890625,26.542695999145508,26.689912796020508,26.730751037597656,26.905122756958008,26.86865234375,27.019437789916992,27.005615234375,26.948135375976562,27.0360050201416,27.06781005859375,27.0408992767334,27.005098342895508,26.98895835876465,27.079395294189453,27.160581588745117,27.251249313354492,27.234752655029297,27.15735626220703,27.157955169677734,4.167043209075928,4.3581156730651855,4.454155445098877,4.5137834548950195,4.556190013885498,4.608285903930664,4.6119256019592285,4.677336692810059,4.69599723815918,4.721764087677002,4.692417144775391,4.676814556121826,4.702571392059326,4.729945182800293,4.704266548156738,4.690861225128174,4.6766581535339355,4.6905903816223145,4.6857008934021,4.693432807922363,4.615393161773682,4.729945182800293,4.167043209075928,0.2989826202392578,0.147216796875,0.04083824157714844,0.17437171936035156,-0.03647041320800781,0.1507854461669922,-0.013822555541992188,-0.0574798583984375,0.08786964416503906,0.03180503845214844,-0.026910781860351562,-0.035800933837890625,-0.016139984130859375,0.09043693542480469,0.08118629455566406,0.090667724609375,-0.016496658325195312,-0.07739639282226562,0.000598907470703125,0.9142417907714844,0.03575923604176432,0.0481179878115654,0.2989826202392578,-0.07739639282226562,0.09374066442251205,0.0776461586356163,0.1215089525495261,0.0011209079197463247,0.010475049700055278,512.4332885742188,13.802709579467773,1.5051056146621704,28.43886947631836,3.498311758041382,0.14021600782871246,0.5263895988464355,0.018379602217136404,0.31946563720703125,1.1095924377441406,1.2561893463134766,0.104339599609375,1.2894706726074219,1.3546123504638672,0.12210273742675781,1.6331138610839844,1.0350399017333984,0.021217158324735468,0.0462384833429084,0.04691956598955855,0.011508082626456698,0.04512254815352478,0.04875809232095122,0.011283145990586944,0.053085562340298535,0.037578404935678995,0.7664356231689453,0.2925529479980469,0.6601409912109375,0.7890892028808594,0.3343162536621094,1.075033187866211,0.7769660949707031,0.6169986724853516,0.7359104156494141,0.9137696160210503,0.9137696160210503,1.6331138610839844,0.104339599609375,1.6331138610839844,0.5764508535100579,1.5287742614746094,1.7872271244069153,0.5200918145330922,0.03574567155829996,0.03574567155829996,0.053085562340298535,0.011283145990586944,0.053085562340298535,0.016557431185937943,0.04180241634971159,1.4850902270171524,0.4624125244990397,0.6719381544325087,0.6719381544325087,1.075033187866211,0.2925529479980469,1.075033187866211,0.24014117376706576,0.7824802398681641,1.5998989859046622,0.4367281032782692
T0345,sick,1,2019-10-23,25.236604690551758,34.54212188720703,17.922489166259766,4.469499111175537,19.976421356201172,26.791221618652344,36.33557891845703,17.876230239868164,5.5765228271484375,31.097606658935547,25.236604690551758,25.673301696777344,25.965723037719727,26.165054321289062,26.259092330932617,26.313215255737305,26.299211502075195,26.451963424682617,26.412864685058594,26.499555587768555,26.498306274414062,26.581439971923828,26.658824920654297,26.610919952392578,26.560924530029297,26.577159881591797,26.641950607299805,26.703598022460938,26.7764949798584,26.791221618652344,4.469499111175537,4.746598720550537,4.939084053039551,5.075939655303955,5.149772644042969,5.22388219833374,5.265163898468018,5.304928779602051,5.348219871520996,5.375251293182373,5.408768653869629,5.450410842895508,5.464364528656006,5.490066051483154,5.507236957550049,5.526675701141357,5.5378193855285645,5.524061679840088,5.5586652755737305,5.5765228271484375,5.297146797180176,5.5765228271484375,4.469499111175537,0.43669700622558594,0.2924213409423828,0.19933128356933594,0.09403800964355469,0.0541229248046875,-0.014003753662109375,0.15275192260742188,-0.03909873962402344,0.08669090270996094,-0.0012493133544921875,0.08313369750976562,0.07738494873046875,-0.04790496826171875,-0.04999542236328125,0.0162353515625,0.06479072570800781,0.06164741516113281,0.07289695739746094,0.014726638793945312,1.554616928100586,0.05639748394041099,0.08182194083929062,0.43669700622558594,-0.04999542236328125,0.11800529062747955,0.09784848988056183,0.209707314627513,0.044294561658586494,0.051746804373604856,501.66357421875,22.16802215576172,0.8943802118301392,28.1341495513916,1.9492231607437134,0.2877439260482788,1.1070237159729004,0.04437999510227284,1.4563522338867188,2.1720657348632812,1.1718502044677734,1.912820816040039,2.2139034271240234,0.5746631622314453,1.3062114715576172,2.5265769958496094,0.6676692962646484,0.05197005307763945,0.08980681914135871,0.03137672825863395,0.07549940984051835,0.08631818814385153,0.02349780233282689,0.04869570194330396,0.08303972545422932,0.017826081756362293,0.4420909881591797,0.5514373779296875,0.3365650177001953,0.78662109375,0.5628547668457031,0.4946269989013672,0.6908340454101562,0.6834506988525391,0.3691120147705078,1.5557903713650174,1.5557903713650174,2.5265769958496094,0.5746631622314453,2.5265769958496094,0.6940607676231763,1.951913833618164,1.6239829131947998,0.4936787743336459,0.05644783443874716,0.05644783443874716,0.08980681914135871,0.017826081756362293,0.08980681914135871,0.0281984084861308,0.07198073738499641,1.590969859598627,0.510136148445564,0.5463992224799262,0.5463992224799262,0.78662109375,0.3365650177001953,0.78662109375,0.15275346110331275,0.4500560760498047,1.4396453124207107,0.4394234806742424
T0346,sick,1,2019-08-28,25.908796310424805,33.550689697265625,20.524940490722656,3.4962408542633057,12.223700523376465,27.285310745239258,34.23075866699219,20.6147403717041,4.221415042877197,17.820344924926758,25.908796310424805,26.189138412475586,26.442075729370117,26.561988830566406,26.642101287841797,26.733821868896484,26.792524337768555,26.822860717773438,26.87404441833496,26.93121337890625,26.9746150970459,27.007545471191406,26.98737335205078,27.02484130859375,27.075429916381836,27.1281681060791,27.161785125732422,27.21150016784668,27.262470245361328,27.285310745239258,3.4962408542633057,3.687464475631714,3.7942216396331787,3.8655006885528564,3.923213481903076,3.9665470123291016,4.002161026000977,4.037256240844727,4.0716071128845215,4.095740795135498,4.117804527282715,4.137406349182129,4.153085231781006,4.167771339416504,4.185329437255859,4.186951160430908,4.20072078704834,4.205193996429443,4.216451644897461,4.221415042877197,4.036603927612305,4.221415042877197,3.4962408542633057,0.28034210205078125,0.25293731689453125,0.11991310119628906,0.08011245727539062,0.0917205810546875,0.05870246887207031,0.030336380004882812,0.05118370056152344,0.05716896057128906,0.04340171813964844,0.03293037414550781,-0.020172119140625,0.03746795654296875,0.05058860778808594,0.052738189697265625,0.03361701965332031,0.04971504211425781,0.05097007751464844,0.022840499877929688,1.3765144348144531,0.05643084820051797,0.07244812697172165,0.28034210205078125,-0.020172119140625,0.07223790138959885,0.07457151263952255,0.16011227199009356,0.03443674814133439,0.042915017264230026,510.4205627441406,18.153419494628906,0.3254801034927368,6.316889762878418,0.5871966481208801,0.19231469929218292,0.7251741886138916,0.030166596219055538,1.6331233978271484,2.1939239501953125,1.680673599243164,0.8227710723876953,2.075510025024414,1.0250072479248047,0.65301513671875,1.7559967041015625,0.5527362823486328,0.07179175498790304,0.09636550128908064,0.06422531300021196,0.039148010884908574,0.08388388210669367,0.03210497978038287,0.034630619135116905,0.07023727158854691,0.015759093779369533,0.4086589813232422,0.4096813201904297,0.47017669677734375,0.22194290161132812,0.517822265625,0.4055805206298828,0.1835155487060547,0.41069793701171875,0.21022415161132812,1.3769730461968317,1.3769730461968317,2.1939239501953125,0.5527362823486328,2.1939239501953125,0.6216278730727894,1.6411876678466797,1.5932947564383582,0.4862058113710064,0.05646071406135714,0.05646071406135714,0.09636550128908064,0.015759093779369533,0.09636550128908064,0.0270546945115684,0.08060640750971111,1.7067705540644162,0.4960009954881954,0.35981114705403644,0.35981114705403644,0.517822265625,0.1835155487060547,0.517822265625,0.1220499766964561,0.3343067169189453,1.4391501082531286,0.4319231557834652
T0347,sick,1,2019-11-13,26.40400505065918,33.728431701660156,18.46603012084961,3.6477415561676025,13.306017875671387,27.532562255859375,34.227359771728516,18.74720001220703,3.961237907409668,15.69140625,26.40400505065918,26.776988983154297,26.938514709472656,27.12183380126953,27.21905517578125,27.360715866088867,27.43775749206543,27.458545684814453,27.453052520751953,27.462779998779297,27.503267288208008,27.441783905029297,27.444652557373047,27.520214080810547,27.478450775146484,27.419452667236328,27.428577423095703,27.461565017700195,27.522705078125,27.532562255859375,3.6477415561676025,3.799072265625,3.9292454719543457,3.9163758754730225,3.9568064212799072,3.9160633087158203,3.9346561431884766,3.945861577987671,3.9944028854370117,3.9858274459838867,3.9617068767547607,4.005519390106201,4.006362438201904,3.9757375717163086,3.987894058227539,4.028567790985107,4.031329154968262,4.017267227172852,3.958681106567383,3.961237907409668,3.9480175971984863,4.031329154968262,3.6477415561676025,0.3729839324951172,0.16152572631835938,0.183319091796875,0.09722137451171875,0.1416606903076172,0.0770416259765625,0.020788192749023438,-0.0054931640625,0.00972747802734375,0.04048728942871094,-0.06148338317871094,0.00286865234375,0.0755615234375,-0.0417633056640625,-0.05899810791015625,0.009124755859375,0.03298759460449219,0.06114006042480469,0.009857177734375,1.1285572052001953,0.03739216596560324,0.05939774587750435,0.3729839324951172,-0.06148338317871094,0.09977888315916061,0.07705437391996384,0.17980204990931797,0.0061239515032077375,0.017522920880997384,519.418212890625,17.742101669311523,0.9556222558021545,19.990032196044922,2.681610345840454,0.08553838729858398,0.31349635124206543,0.010165154127249967,1.6984519958496094,1.3022727966308594,0.4416980743408203,1.3914451599121094,1.061819076538086,0.2716560363769531,1.6433258056640625,1.6544322967529297,0.7011775970458984,0.07044572758495332,0.047970274157989955,0.007007210236742619,0.0588826401789382,0.03285653537377289,-0.00616776028970207,0.06804859620287833,0.05145494848265678,0.006523493716590756,0.868621826171875,0.4431114196777344,0.5293331146240234,0.7483978271484375,0.410247802734375,0.65045166015625,0.6606998443603516,0.6504058837890625,0.7858142852783203,1.1295865376790364,1.1295865376790364,1.6984519958496094,0.2716560363769531,1.6984519958496094,0.5429953303342018,1.4267959594726562,1.5036050131257512,0.4914492482864896,0.03744685173831343,0.03881746513602499,0.07044572758495332,-0.00616776028970207,0.07044572758495332,0.028718430545718834,0.0766134878746554,1.8147941703600237,0.5649717999227618,0.6385648515489366,0.6385648515489366,0.868621826171875,0.410247802734375,0.868621826171875,0.1539909271542966,0.4583740234375,1.360271882271912,0.4180962162590464
T0348,sick,1,2019-06-26,27.279184341430664,34.11294937133789,22.682069778442383,2.7907238006591797,7.7881388664245605,27.86086654663086,34.7388801574707,22.605470657348633,3.247138500213623,10.54390811920166,27.279184341430664,27.433101654052734,27.48622703552246,27.63053321838379,27.740882873535156,27.743301391601562,27.787044525146484,27.836139678955078,27.875715255737305,27.865921020507812,27.909461975097656,27.887022018432617,27.918508529663086,27.96168327331543,28.01490592956543,27.9658260345459,28.073965072631836,27.947113037109375,27.96988296508789,27.86086654663086,2.7907238006591797,2.880011796951294,2.954134702682495,2.99886155128479,3.04709792137146,3.0661799907684326,3.0979881286621094,3.1128103733062744,3.1393673419952393,3.148165464401245,3.1650798320770264,3.1730477809906006,3.179572105407715,3.184826374053955,3.204683542251587,3.206918954849243,3.2109570503234863,3.2086758613586426,3.235044002532959,3.247138500213623,3.1125643253326416,3.247138500213623,2.7907238006591797,0.1539173126220703,0.05312538146972656,0.14430618286132812,0.11034965515136719,0.00241851806640625,0.043743133544921875,0.04909515380859375,0.03957557678222656,-0.009794235229492188,0.04354095458984375,-0.022439956665039062,0.03148651123046875,0.04317474365234375,0.05322265625,-0.04907989501953125,0.1081390380859375,-0.12685203552246094,0.022769927978515625,-0.10901641845703125,0.5816822052001953,0.0296885268132483,0.030614852905273438,0.1539173126220703,-0.12685203552246094,0.07195857912302017,0.06400249153375626,0.09680671691894485,0.020378294445219356,-0.02528223310198031,528.6172485351562,10.312758445739746,0.6342201828956604,11.26937484741211,1.5863006114959717,0.12038952857255936,0.45641469955444336,0.019057880487656997,0.35546302795410156,1.1725883483886719,0.6378536224365234,0.08243942260742188,0.9484539031982422,0.6635379791259766,-0.0745391845703125,0.8290748596191406,0.6194953918457031,0.03091180557595116,0.051315013627360115,0.024466077187903643,0.016631681399237423,0.04420948602203007,0.02610982306917786,0.011397857952834498,0.03827565128641914,0.023948787029523712,0.5364608764648438,0.2376689910888672,0.36431312561035156,0.3939399719238281,0.25290489196777344,0.41956138610839844,0.45316505432128906,0.2560768127441406,0.475494384765625,0.5815963745117188,0.598160637749566,1.1725883483886719,-0.0745391845703125,1.1725883483886719,0.4011273216058345,1.2471275329589844,1.9603234562491705,0.5479979270423956,0.029696242572270843,0.029696242572270843,0.051315013627360115,0.011397857952834498,0.051315013627360115,0.012902777138107106,0.03991715567452562,1.7279962682993877,0.5006250486027483,0.376620610555013,0.376620610555013,0.5364608764648438,0.2376689910888672,0.5364608764648438,0.10760069071674686,0.29879188537597656,1.4244065438431905,0.43224173380274955
T0350,sick,1,2020-10-14,26.242765426635742,33.47808837890625,20.33176040649414,3.435584306716919,11.803239822387695,27.658506393432617,34.58256149291992,20.50606918334961,4.0660223960876465,16.53253936767578,26.242765426635742,26.568578720092773,26.794218063354492,26.970989227294922,27.075075149536133,27.12586784362793,27.21804428100586,27.34255599975586,27.38225555419922,27.430917739868164,27.460996627807617,27.503929138183594,27.523704528808594,27.587421417236328,27.613740921020508,27.65683937072754,27.63582992553711,27.672792434692383,27.631065368652344,27.658506393432617,3.435584306716919,3.5866897106170654,3.703289747238159,3.779482126235962,3.825352430343628,3.87929630279541,3.892101764678955,3.9363889694213867,3.949944257736206,3.9804656505584717,3.9883549213409424,4.004536151885986,4.014030933380127,4.021474361419678,4.024059295654297,4.020046234130859,4.036616325378418,4.03779411315918,4.045309543609619,4.0660223960876465,3.911342144012451,4.0660223960876465,3.435584306716919,0.32581329345703125,0.22563934326171875,0.1767711639404297,0.10408592224121094,0.050792694091796875,0.09217643737792969,0.12451171875,0.039699554443359375,0.04866218566894531,0.030078887939453125,0.04293251037597656,0.019775390625,0.06371688842773438,0.026319503784179688,0.04309844970703125,-0.021009445190429688,0.03696250915527344,-0.04172706604003906,0.027441024780273438,1.415740966796875,0.061247851436299065,0.07451268285512924,0.32581329345703125,-0.04172706604003906,0.08529611676931381,0.08111652731895447,0.1746220724923258,0.04626764569963624,0.00524193899972221,519.1454467773438,20.532913208007812,0.548518717288971,15.32508373260498,1.188927412033081,0.1648443639278412,0.6304380893707275,0.024845979446755297,1.4154586791992188,2.041410446166992,1.698812484741211,0.9444427490234375,2.103778839111328,1.1626300811767578,0.6077976226806641,1.841299057006836,0.9281768798828125,0.06215570923080908,0.0820174884079089,0.07782981843876627,0.037319974970996525,0.09043974195207818,0.057548974689683785,0.02187822815170779,0.07555468709845224,0.04649549211774501,0.3589649200439453,0.4498157501220703,0.34694480895996094,0.3043403625488281,0.4433002471923828,0.3420391082763672,0.25749969482421875,0.44936180114746094,0.3058795928955078,1.415978537665473,1.415978537665473,2.103778839111328,0.6077976226806641,2.103778839111328,0.5365125198843931,1.495981216430664,1.4857420280694458,0.46975667578953917,0.06124890167312754,0.06124890167312754,0.09043974195207818,0.02187822815170779,0.09043974195207818,0.022687661757991757,0.0685615138003704,1.4765934525455067,0.4540435962863764,0.3620162540011936,0.3620162540011936,0.4498157501220703,0.25749969482421875,0.4498157501220703,0.0706949197586363,0.19231605529785156,1.242529120516495,0.41203729866446975
T0355,sick,1,2019-03-27,26.808208465576172,33.31296157836914,21.849870681762695,3.1499831676483154,9.922393798828125,28.014257431030273,35.205299377441406,21.555919647216797,4.245937347412109,18.027984619140625,26.808208465576172,26.832897186279297,27.028234481811523,27.2025203704834,27.291547775268555,27.299667358398438,27.425878524780273,27.521568298339844,27.580293655395508,27.608154296875,27.6405086517334,27.667932510375977,27.685209274291992,27.78583335876465,27.777523040771484,27.829774856567383,27.992870330810547,28.027545928955078,28.04448890686035,28.014257431030273,3.1499831676483154,3.159703493118286,3.3488240242004395,3.4740915298461914,3.5650405883789062,3.638880729675293,3.7233779430389404,3.7796833515167236,3.8362209796905518,3.887120246887207,3.9317080974578857,3.97653865814209,4.021011829376221,4.058712005615234,4.090817928314209,4.131387710571289,4.139813423156738,4.173781394958496,4.210451602935791,4.245937347412109,3.8271536827087402,4.245937347412109,3.1499831676483154,0.024688720703125,0.19533729553222656,0.174285888671875,0.08902740478515625,0.008119583129882812,0.12621116638183594,0.09568977355957031,0.05872535705566406,0.027860641479492188,0.03235435485839844,0.027423858642578125,0.017276763916015625,0.10062408447265625,-0.008310317993164062,0.05225181579589844,0.16309547424316406,0.03467559814453125,0.016942977905273438,-0.030231475830078125,1.2060489654541016,0.0621282477127876,0.06347626447677612,0.19533729553222656,-0.030231475830078125,0.0623716302216053,0.06753329187631607,0.11450091770716928,0.04325190044584591,0.053213991437640704,523.6536254882812,14.297720909118652,1.2695820331573486,15.937623977661133,2.379342794418335,0.332045316696167,1.095954179763794,0.0556626821819104,2.101856231689453,2.7028675079345703,0.4986095428466797,1.4901161193847656,2.1155834197998047,-0.5057296752929688,1.035715103149414,1.9985103607177734,-0.5633792877197266,0.12114082279061891,0.1322169726952576,0.01008651274487432,0.10471440078620542,0.1082884408477552,-0.04504719210746592,0.07158022859042687,0.10051846324949236,-0.04310203925111252,0.4330272674560547,0.5348243713378906,0.6043109893798828,0.4225749969482422,0.35941314697265625,0.4225273132324219,0.35482025146484375,0.3756752014160156,0.30414581298828125,1.2082388136121962,1.445818583170573,2.7028675079345703,-0.5633792877197266,2.7028675079345703,1.1815975415915039,3.266246795654297,1.8694375080675802,0.5318253798043254,0.06226629003845024,0.08185500811813434,0.1322169726952576,-0.04504719210746592,0.1322169726952576,0.06997371355979685,0.1772641648027235,1.615257998042834,0.4909035565024968,0.4234799279106988,0.4234799279106988,0.6043109893798828,0.30414581298828125,0.6043109893798828,0.0938981911369371,0.30016517639160156,1.4270120855343016,0.41249826613332163
T0356,sick,1,2019-06-26,27.248119354248047,32.832481384277344,22.509859085083008,2.7094926834106445,7.341350078582764,28.202001571655273,33.63262939453125,22.356319427490234,3.185851573944092,10.149649620056152,27.248119354248047,27.547945022583008,27.659221649169922,27.90536117553711,27.96185874938965,28.072547912597656,28.112266540527344,28.147506713867188,27.989839553833008,28.143157958984375,28.178030014038086,28.15167236328125,28.2327823638916,28.262056350708008,28.220523834228516,28.209545135498047,28.131702423095703,28.19207000732422,28.17218780517578,28.202001571655273,2.7094926834106445,2.881337881088257,3.0468337535858154,2.9585273265838623,3.0290324687957764,3.0892462730407715,3.092731475830078,3.122028350830078,3.232499599456787,3.1284046173095703,3.127645254135132,3.132270097732544,3.1630430221557617,3.13913893699646,3.1769392490386963,3.163327693939209,3.228938341140747,3.190711498260498,3.1846704483032227,3.185851573944092,3.0991334915161133,3.232499599456787,2.7094926834106445,0.29982566833496094,0.11127662658691406,0.2461395263671875,0.05649757385253906,0.11068916320800781,0.0397186279296875,0.03524017333984375,-0.1576671600341797,0.1533184051513672,0.03487205505371094,-0.026357650756835938,0.08111000061035156,0.02927398681640625,-0.04153251647949219,-0.01097869873046875,-0.07784271240234375,0.060367584228515625,-0.0198822021484375,0.029813766479492188,0.9538822174072266,0.03437794133236485,0.0502043254673481,0.29982566833496094,-0.1576671600341797,0.10356348007917404,0.08538968861103058,0.16028638567243356,0.02375330243791801,-0.004123306274413775,533.015380859375,15.301068305969238,1.7696744203567505,12.726438522338867,2.4507527351379395,0.12325248122215271,0.47635889053344727,0.016824017969289194,1.59466552734375,0.8322029113769531,0.7603397369384766,2.0037403106689453,1.2943058013916016,-0.28133392333984375,1.5860214233398438,1.49334716796875,-0.6839008331298828,0.09938326814120862,0.030882413763747625,0.029073121493919746,0.1091910742279275,0.0486236715675292,-0.06519148116721321,0.08496309581555751,0.04433242539714056,-0.07086920057024271,1.994985580444336,0.3329181671142578,0.5509109497070312,1.9418220520019531,0.40450286865234375,1.2661895751953125,1.7712631225585938,0.6137237548828125,0.8928642272949219,0.9554875691731771,1.1699841817220051,2.0037403106689453,-0.6839008331298828,2.0037403106689453,0.9068937008572636,2.687641143798828,1.7126216959562524,0.4923549240543719,0.03448759874106387,0.06472330579383184,0.1091910742279275,-0.07086920057024271,0.1091910742279275,0.0649180928011733,0.18006027479817022,1.687043886560791,0.5039184873126369,1.0854644775390625,1.0854644775390625,1.994985580444336,0.3329181671142578,1.994985580444336,0.6744418596549917,1.6620674133300781,1.837909580042841,0.5842937252798235
T0361,sick,1,2020-01-22,25.935274124145508,33.366058349609375,20.1818904876709,3.662339925765991,13.412734031677246,27.366565704345703,35.24726104736328,20.260770797729492,4.760923385620117,22.666391372680664,25.935274124145508,26.270015716552734,26.488853454589844,26.594863891601562,26.71322250366211,26.863309860229492,26.99685287475586,27.043607711791992,27.052207946777344,27.15139389038086,27.176036834716797,27.217430114746094,27.2745361328125,27.224760055541992,27.282196044921875,27.284088134765625,27.271669387817383,27.351110458374023,27.352367401123047,27.366565704345703,3.662339925765991,3.9135067462921143,4.12283992767334,4.226473808288574,4.313351154327393,4.389290809631348,4.440653324127197,4.490140914916992,4.507817268371582,4.571575164794922,4.586790084838867,4.62160062789917,4.627525806427002,4.647948265075684,4.684723377227783,4.72017240524292,4.735256671905518,4.74800968170166,4.741450786590576,4.760923385620117,4.475619316101074,4.760923385620117,3.662339925765991,0.33474159240722656,0.21883773803710938,0.10601043701171875,0.11835861206054688,0.1500873565673828,0.1335430145263672,0.04675483703613281,0.008600234985351562,0.09918594360351562,0.0246429443359375,0.041393280029296875,0.05710601806640625,-0.04977607727050781,0.05743598937988281,0.00189208984375,-0.012418746948242188,0.07944107055664062,0.0012569427490234375,0.01419830322265625,1.4312915802001953,0.06063657488141667,0.07533113658428192,0.33474159240722656,-0.04977607727050781,0.08821505308151245,0.08187796175479889,0.17359455653599187,0.03893216451008953,0.020175061907085404,513.2594604492188,20.489233016967773,0.8170496225357056,19.74596405029297,1.8504230976104736,0.29094910621643066,1.098583459854126,0.04554010441428733,0.6274623870849609,2.319723129272461,1.4352245330810547,0.397308349609375,2.5347652435302734,1.663644790649414,0.3748760223388672,2.365091323852539,1.1636924743652344,0.03250521179428602,0.10325254139147275,0.04507666853137437,0.02661412461359691,0.11284955103594471,0.050630040276319045,0.0284752795570775,0.11052116451406763,0.036040339075532904,0.3713569641113281,0.3911151885986328,0.6571998596191406,0.4277210235595703,0.5865707397460938,0.8134956359863281,0.38108062744140625,0.48656463623046875,0.6519203186035156,1.4313098059760199,1.4313098059760199,2.5347652435302734,0.3748760223388672,2.5347652435302734,0.8540957198268597,2.1598892211914062,1.7709410046921252,0.5604485610862256,0.060662768976630206,0.060662768976630206,0.11284955103594471,0.02661412461359691,0.11284955103594471,0.037015617401124176,0.0862354264223478,1.8602766463999116,0.5982495184609463,0.529669443766276,0.529669443766276,0.8134956359863281,0.3713569641113281,0.8134956359863281,0.1555613272282504,0.442138671875,1.5358552965474468,0.44527054346767525
T0363,sick,1,2019-10-23,25.324840545654297,33.51506042480469,17.883699417114258,4.842678546905518,23.451536178588867,26.70062255859375,34.463748931884766,17.999300003051758,5.490787982940674,30.14875030517578,25.324840545654297,25.64781951904297,25.85562515258789,26.01522445678711,26.02340316772461,26.167776107788086,26.377147674560547,26.460994720458984,26.44755744934082,26.587621688842773,26.573102951049805,26.631437301635742,26.614572525024414,26.619731903076172,26.623533248901367,26.65765953063965,26.697866439819336,26.64519500732422,26.67226219177246,26.70062255859375,4.842678546905518,5.0277605056762695,5.177059173583984,5.257924556732178,5.352059364318848,5.37782096862793,5.444758892059326,5.447208404541016,5.436676979064941,5.492038249969482,5.500427722930908,5.516852855682373,5.490694522857666,5.484384059906006,5.500627517700195,5.507475852966309,5.472921371459961,5.494338512420654,5.4956841468811035,5.490787982940674,5.390509128570557,5.516852855682373,4.842678546905518,0.3229789733886719,0.20780563354492188,0.15959930419921875,0.0081787109375,0.14437294006347656,0.20937156677246094,0.0838470458984375,-0.013437271118164062,0.14006423950195312,-0.01451873779296875,0.0583343505859375,-0.016864776611328125,0.0051593780517578125,0.0038013458251953125,0.03412628173828125,0.0402069091796875,-0.05267143249511719,0.027067184448242188,0.028360366821289062,1.3757820129394531,0.05891354209498319,0.07240957766771317,0.3229789733886719,-0.05267143249511719,0.09623384475708008,0.08267191797494888,0.1571722303118026,0.035751183827717914,0.01075951712472031,501.3312683105469,20.15929412841797,1.7946760654449463,27.75677490234375,3.8734421730041504,0.17698487639427185,0.6481094360351562,0.023595108304704834,1.9296112060546875,2.4510631561279297,1.735870361328125,0.12485313415527344,1.834136962890625,1.5776386260986328,-0.0443115234375,1.5310955047607422,1.2400531768798828,0.09056433197250892,0.10162865488152764,0.07140473674114442,0.033975367438524334,0.06789965522020347,0.04864007763396449,0.0231872257433435,0.05547856639202363,0.037532721784778234,0.7436313629150391,0.5356369018554688,0.8475418090820312,1.17437744140625,0.5060863494873047,2.0513477325439453,1.0627975463867188,0.4862022399902344,1.6461639404296875,1.3755567338731554,1.3854037390814886,2.4510631561279297,-0.0443115234375,2.4510631561279297,0.826701891242336,2.4953746795654297,1.7692049395369145,0.49843563406202873,0.058923481978668736,0.058923481978668736,0.10162865488152764,0.0231872257433435,0.10162865488152764,0.026305649313210618,0.07844142913818414,1.7247561451096427,0.4970621969239995,1.0059761471218533,1.0059761471218533,2.0513477325439453,0.4862022399902344,2.0513477325439453,0.544223045366247,1.565145492553711,2.0391613837180307,0.5381052161720999
T0365,sick,1,2020-01-22,25.44782066345215,32.245521545410156,20.431350708007812,3.2236692905426025,10.392043113708496,26.134572982788086,33.55984115600586,20.45945930480957,3.6643569469451904,13.427511215209961,25.44782066345215,25.79693031311035,25.84361457824707,25.916847229003906,25.992847442626953,26.161670684814453,26.127193450927734,26.129823684692383,26.202045440673828,26.13262939453125,26.1599063873291,26.292171478271484,26.19129753112793,26.154245376586914,26.205900192260742,26.238670349121094,26.322811126708984,26.319053649902344,26.260026931762695,26.134572982788086,3.2236692905426025,3.3893282413482666,3.4515233039855957,3.4698541164398193,3.4963572025299072,3.6182096004486084,3.562009572982788,3.573241949081421,3.64237117767334,3.619953155517578,3.6460511684417725,3.703810930252075,3.6123640537261963,3.6469197273254395,3.561427354812622,3.584826946258545,3.71270489692688,3.707972288131714,3.6211063861846924,3.6643569469451904,3.5754032135009766,3.71270489692688,3.2236692905426025,0.3491096496582031,0.04668426513671875,0.07323265075683594,0.07600021362304688,0.1688232421875,-0.03447723388671875,0.0026302337646484375,0.07222175598144531,-0.06941604614257812,0.027276992797851562,0.1322650909423828,-0.10087394714355469,-0.037052154541015625,0.051654815673828125,0.03277015686035156,0.08414077758789062,-0.003757476806640625,-0.05902671813964844,-0.12545394897460938,0.6867523193359375,0.027989893748347625,0.036144860088825226,0.3491096496582031,-0.12545394897460938,0.10511902719736099,0.08141407370567322,0.12086383274623458,0.009456997825984791,-0.008466393607003318,496.2388610839844,12.730289459228516,3.257246971130371,21.571331024169922,3.653367757797241,0.11709696799516678,0.4406876564025879,0.015623770441327728,1.1823501586914062,1.1563224792480469,-0.2446136474609375,0.7332592010498047,1.1441173553466797,0.11008834838867188,1.115570068359375,1.2240142822265625,-0.2289562225341797,0.05910231367985989,0.05012118260663229,-0.044353830724730786,0.046884789144185736,0.039840795760763305,-0.0002270418898506035,0.06529067763708542,0.042723793373967534,-0.006837555161096348,2.866579055786133,0.5286483764648438,2.648408889770508,2.7807235717773438,0.6915664672851562,3.0018997192382812,3.4113025665283203,0.6350650787353516,2.930286407470703,0.6880168914794922,0.793254640367296,1.2240142822265625,-0.2446136474609375,1.2240142822265625,0.6313166538253455,1.4686279296875,1.5430281835219175,0.49902525814775683,0.02806056938075738,0.03948688666424133,0.06529067763708542,-0.044353830724730786,0.06529067763708542,0.03675321417496195,0.1096445083618162,1.6534770557497764,0.491060827067507,2.1660533481174045,2.1660533481174045,3.4113025665283203,0.5286483764648438,3.4113025665283203,1.1797081866146082,2.8826541900634766,1.5748931362859904,0.4792889384416429
T0366,sick,1,2019-11-13,25.59677505493164,33.077430725097656,18.767559051513672,4.369183540344238,19.089765548706055,26.794628143310547,34.6002311706543,18.635759353637695,5.139351844787598,26.412939071655273,25.59677505493164,25.882606506347656,26.056385040283203,26.18543243408203,26.273286819458008,26.386343002319336,26.488237380981445,26.533275604248047,26.53516960144043,26.655614852905273,26.61517333984375,26.674243927001953,26.70975112915039,26.715591430664062,26.749135971069336,26.709747314453125,26.744712829589844,26.79400634765625,26.880464553833008,26.794628143310547,4.369183540344238,4.570816993713379,4.745014190673828,4.846075057983398,4.905213356018066,4.946986675262451,4.986025333404541,5.029231071472168,5.055955410003662,5.067002773284912,5.091830253601074,5.104067802429199,5.108084201812744,5.121481418609619,5.126659870147705,5.134775638580322,5.131137847900391,5.129979133605957,5.132775783538818,5.139351844787598,4.987082481384277,5.139351844787598,4.369183540344238,0.2858314514160156,0.17377853393554688,0.12904739379882812,0.08785438537597656,0.11305618286132812,0.10189437866210938,0.04503822326660156,0.0018939971923828125,0.12044525146484375,-0.04044151306152344,0.059070587158203125,0.0355072021484375,0.005840301513671875,0.03354454040527344,-0.03938865661621094,0.03496551513671875,0.04929351806640625,0.08645820617675781,-0.08583641052246094,1.1978530883789062,0.051860601382147424,0.06304489821195602,0.2858314514160156,-0.08583641052246094,0.082093246281147,0.08048348873853683,0.1499693734305244,0.033936159951346474,0.0225401742117735,503.7848815917969,17.446155548095703,1.1061190366744995,20.587581634521484,2.1716246604919434,0.2048189491033554,0.7701683044433594,0.029564401798678464,0.34506988525390625,1.7570648193359375,0.6554298400878906,0.9180316925048828,1.9884872436523438,0.7950153350830078,0.8845939636230469,2.6239681243896484,0.8192043304443359,-0.0036135695034406104,0.0708114136430545,0.07254570408871236,0.016964363155508363,0.07661745458617146,0.05889773548097478,0.013235532430777179,0.10443487812701832,0.05669690612563483,1.8958301544189453,0.5248241424560547,1.3963871002197266,1.9121551513671875,0.6349525451660156,1.3708419799804688,2.084043502807617,0.7785301208496094,1.4968509674072266,1.1985405815972223,1.1985405815972223,2.6239681243896484,0.34506988525390625,2.6239681243896484,0.7479276846439417,2.278898239135742,2.189302675925932,0.5904885286946017,0.051843379792712356,0.05264639523792138,0.10443487812701832,-0.0036135695034406104,0.10443487812701832,0.03539756095958714,0.10804844763045893,1.9837038759826573,0.5352229515928421,1.343823962741428,1.343823962741428,2.084043502807617,0.5248241424560547,2.084043502807617,0.5804484025204807,1.5592193603515625,1.5508307226847031,0.48716936535696886
T0368,sick,1,2019-12-11,26.971269607543945,33.64828872680664,19.933670043945312,3.9991259574890137,15.99300765991211,28.070667266845703,34.391258239746094,19.491640090942383,4.662090301513672,21.735084533691406,26.971269607543945,27.303916931152344,27.453231811523438,27.55306625366211,27.711088180541992,27.697229385375977,27.840425491333008,27.845684051513672,27.914533615112305,27.970918655395508,28.02557945251465,28.040300369262695,28.066125869750977,28.09848976135254,28.148008346557617,28.133623123168945,28.215003967285156,28.214719772338867,28.19888687133789,28.070667266845703,3.9991259574890137,4.1920366287231445,4.335711479187012,4.390172004699707,4.437808036804199,4.496059894561768,4.508543014526367,4.541289806365967,4.553494930267334,4.565494537353516,4.602735996246338,4.599081993103027,4.608809471130371,4.615346908569336,4.62548303604126,4.645258903503418,4.6381611824035645,4.64090633392334,4.636329650878906,4.662090301513672,4.514697074890137,4.662090301513672,3.9991259574890137,0.33264732360839844,0.14931488037109375,0.09983444213867188,0.1580219268798828,-0.013858795166015625,0.14319610595703125,0.0052585601806640625,0.06884956359863281,0.056385040283203125,0.054660797119140625,0.014720916748046875,0.02582550048828125,0.0323638916015625,0.049518585205078125,-0.014385223388671875,0.08138084411621094,-0.0002841949462890625,-0.015832901000976562,-0.1282196044921875,1.0993976593017578,0.05126020245085928,0.057863034307956696,0.33264732360839844,-0.1282196044921875,0.09285209327936172,0.07602942734956741,0.14146134512764894,0.03976928620111321,-0.005462809971402438,529.9517822265625,17.497678756713867,0.6315441131591797,15.557095527648926,1.5062201023101807,0.1672462522983551,0.6629643440246582,0.024554197053263924,1.9901237487792969,1.3603534698486328,-0.261688232421875,1.2402076721191406,1.5917491912841797,0.3767967224121094,0.7807025909423828,2.106647491455078,0.7212429046630859,0.08343796263960034,0.048351567490655646,0.018217287565532387,0.047822486189074635,0.06378791780399996,0.03128081587024157,0.037345397203487916,0.08827058892500945,0.0431147625571798,0.46787452697753906,0.49051666259765625,0.4771556854248047,0.4577598571777344,0.4827556610107422,0.39066314697265625,0.5005645751953125,0.5801639556884766,0.6129207611083984,1.1006817287868924,1.1588346693250868,2.106647491455078,-0.261688232421875,2.106647491455078,0.7711631037633542,2.368335723876953,1.8179016636626752,0.545425367266903,0.051292087360531306,0.051292087360531306,0.08827058892500945,0.018217287565532387,0.08827058892500945,0.023273830847893896,0.07005330135947707,1.720939354547289,0.5101425025568296,0.4955972035725911,0.4955972035725911,0.6129207611083984,0.39066314697265625,0.6129207611083984,0.06584375636212897,0.2222576141357422,1.2367316528881627,0.37971008086274427
T0369,sick,1,2020-10-14,25.339401245117188,32.33462142944336,20.065059661865234,3.0686147212982178,9.416396141052246,26.591577529907227,34.102928161621094,20.138410568237305,3.714625358581543,13.798440933227539,25.339401245117188,25.723461151123047,25.943510055541992,26.067747116088867,26.156314849853516,26.2851505279541,26.324724197387695,26.345043182373047,26.35485076904297,26.382034301757812,26.418867111206055,26.444181442260742,26.49542236328125,26.4853515625,26.496410369873047,26.532508850097656,26.546051025390625,26.59937858581543,26.641950607299805,26.591577529907227,3.0686147212982178,3.1794769763946533,3.281632661819458,3.36409330368042,3.3991219997406006,3.4512767791748047,3.490851879119873,3.516456127166748,3.556776523590088,3.6247055530548096,3.637685775756836,3.6541898250579834,3.665541648864746,3.669985294342041,3.684983491897583,3.686382293701172,3.7019107341766357,3.69877552986145,3.7134368419647217,3.714625358581543,3.5380260944366455,3.714625358581543,3.0686147212982178,0.3840599060058594,0.2200489044189453,0.124237060546875,0.08856773376464844,0.12883567810058594,0.03957366943359375,0.020318984985351562,0.009807586669921875,0.02718353271484375,0.03683280944824219,0.0253143310546875,0.05124092102050781,-0.01007080078125,0.011058807373046875,0.036098480224609375,0.01354217529296875,0.05332756042480469,0.042572021484375,-0.050373077392578125,1.252176284790039,0.047881378804830434,0.06590401381254196,0.3840599060058594,-0.050373077392578125,0.09448442608118057,0.07226652652025223,0.17575841631208047,0.025965622493199017,0.024499675205774018,500.2084655761719,18.759824752807617,0.6675716638565063,13.192486763000488,1.2845768928527832,0.18676595389842987,0.6460106372833252,0.029750447165697105,1.519826889038086,2.386432647705078,0.5790882110595703,1.5120620727539062,1.931356430053711,0.3065948486328125,1.598367691040039,1.5424461364746094,-0.09272575378417969,0.042803936434867025,0.08755990652213404,0.02278327655075139,0.051255538768337466,0.08146399878021389,0.02292118215919394,0.05167255114791944,0.06571086080450741,0.005195531629977772,0.7905693054199219,0.94061279296875,0.3697776794433594,0.8707714080810547,0.4504356384277344,0.44729042053222656,1.0774574279785156,0.3484210968017578,0.48750877380371094,1.253716574774848,1.274322297837999,2.386432647705078,-0.09272575378417969,2.386432647705078,0.8098624621006045,2.479158401489258,1.8727072680332129,0.5158434036906151,0.04792964253310027,0.04792964253310027,0.08755990652213404,0.005195531629977772,0.08755990652213404,0.02771866126075542,0.08236437489215627,1.8268420882389054,0.5441651282064027,0.6425382826063368,0.6425382826063368,1.0774574279785156,0.3484210968017578,1.0774574279785156,0.2765793710190157,0.7290363311767578,1.6768766007828269,0.49955374077993286
T0371,sick,1,2020-02-19,27.525123596191406,33.642948150634766,19.342069625854492,3.311471700668335,10.96584415435791,28.7185115814209,34.21601867675781,19.637819290161133,3.645815134048462,13.291967391967773,27.525123596191406,27.693750381469727,28.007287979125977,28.272672653198242,28.302539825439453,28.4140625,28.3974609375,28.514141082763672,28.58917236328125,28.637100219726562,28.514253616333008,28.6391658782959,28.611135482788086,28.680959701538086,28.703710556030273,28.656490325927734,28.7302303314209,28.699378967285156,28.67262077331543,28.7185115814209,3.311471700668335,3.4171884059906006,3.48223876953125,3.4759109020233154,3.545091390609741,3.570676803588867,3.630626678466797,3.580379009246826,3.574336528778076,3.5951426029205322,3.646263360977173,3.5989294052124023,3.6604392528533936,3.621399164199829,3.6221086978912354,3.6582725048065186,3.64152455329895,3.628861665725708,3.6932249069213867,3.645815134048462,3.5799949169158936,3.6932249069213867,3.311471700668335,0.1686267852783203,0.31353759765625,0.2653846740722656,0.029867172241210938,0.11152267456054688,-0.0166015625,0.11668014526367188,0.07503128051757812,0.0479278564453125,-0.12284660339355469,0.12491226196289062,-0.0280303955078125,0.06982421875,0.0227508544921875,-0.04722023010253906,0.07374000549316406,-0.030851364135742188,-0.026758193969726562,0.04589080810546875,1.1933879852294922,0.048602758135112986,0.06280989199876785,0.31353759765625,-0.12284660339355469,0.10404287278652191,0.09147392958402634,0.1867556435721244,0.02972139630998758,0.00261557442801405,540.8579711914062,17.88060188293457,1.526860237121582,32.3524169921875,3.8118224143981934,0.09145885705947876,0.33434343338012695,0.013207484187936349,1.2828712463378906,1.352935791015625,1.18084716796875,0.6179275512695312,1.2751693725585938,1.5121288299560547,0.7581272125244141,1.4187755584716797,1.3395729064941406,0.03270881050511379,0.049604757208572894,0.08600366205201045,-0.02752394138422388,0.048290701557818186,0.11324825717094157,-0.015078741087950213,0.0514303867081941,0.0980294636317658,0.42093658447265625,0.3804473876953125,0.4910297393798828,0.5173149108886719,0.329925537109375,0.5676174163818359,0.4705371856689453,0.403839111328125,0.5158424377441406,1.1931506262885199,1.1931506262885199,1.5121288299560547,0.6179275512695312,1.5121288299560547,0.3030428359759488,0.8942012786865234,1.267341091699675,0.39892887891090123,0.048523706262471406,0.057990969034065656,0.11324825717094157,-0.02752394138422388,0.11324825717094157,0.047609260249353746,0.14077219855516546,1.952859894026209,0.5695932432056854,0.4552767011854384,0.4552767011854384,0.5676174163818359,0.329925537109375,0.5676174163818359,0.07647381584938709,0.23769187927246094,1.246752584607035,0.3906720064571892
T0373,sick,1,2019-06-26,26.53958511352539,32.915958404541016,22.092029571533203,3.0533573627471924,9.322991371154785,27.863088607788086,35.3490104675293,22.158050537109375,4.111996650695801,16.908517837524414,26.53958511352539,26.796171188354492,26.969371795654297,26.9966983795166,27.054119110107422,27.156932830810547,27.215566635131836,27.27888298034668,27.3399600982666,27.37115478515625,27.428817749023438,27.424510955810547,27.489395141601562,27.553129196166992,27.601171493530273,27.71185874938965,27.775754928588867,27.814075469970703,27.798551559448242,27.863088607788086,3.0533573627471924,3.294100046157837,3.3848695755004883,3.4851021766662598,3.5454752445220947,3.60239315032959,3.662489652633667,3.70389986038208,3.7605137825012207,3.808673620223999,3.8693056106567383,3.8907744884490967,3.924269199371338,3.9625186920166016,3.9963226318359375,4.013271808624268,4.042169094085693,4.084254741668701,4.086811542510986,4.111996650695801,3.7641284465789795,4.111996650695801,3.0533573627471924,0.25658607482910156,0.1732006072998047,0.027326583862304688,0.05742073059082031,0.102813720703125,0.05863380432128906,0.06331634521484375,0.061077117919921875,0.031194686889648438,0.0576629638671875,-0.004306793212890625,0.06488418579101562,0.06373405456542969,0.04804229736328125,0.110687255859375,0.06389617919921875,0.03832054138183594,-0.015523910522460938,0.06453704833984375,1.3235034942626953,0.06010933926230917,0.0696580782532692,0.25658607482910156,-0.015523910522460938,0.05917840823531151,0.07174552232027054,0.11108311244419573,0.04436683654784908,0.045942415509906374,519.9774780273438,15.725342750549316,0.8540299534797668,21.847553253173828,2.086388349533081,0.28729376196861267,1.0586392879486084,0.047870286425253435,1.948883056640625,2.4499778747558594,-0.01599884033203125,2.1148300170898438,2.2408828735351562,0.07244300842285156,1.3367366790771484,1.9353618621826172,-0.1524677276611328,0.10054225204582432,0.1109914966095651,-0.006050326411885564,0.10349023575173222,0.09711693211605585,-0.001186317788031173,0.060362812988739384,0.08715876098862238,-0.010511871567346568,0.4597644805908203,0.5897407531738281,0.6556205749511719,0.6248245239257812,0.4845161437988281,0.5561256408691406,0.41628074645996094,0.4095726013183594,0.4459209442138672,1.3256276448567708,1.363064659966363,2.4499778747558594,-0.1524677276611328,2.4499778747558594,1.0630287967163456,2.602445602416992,1.7974039887750293,0.5547703527302548,0.060212663859252884,0.06415677847420027,0.1109914966095651,-0.010511871567346568,0.1109914966095651,0.05163396679613231,0.12150336817691167,1.7300039364376654,0.5455801422760073,0.5158184899224175,0.5158184899224175,0.6556205749511719,0.4095726013183594,0.6556205749511719,0.09268199177774016,0.2460479736328125,1.2710295870539374,0.40285183958660237
T0374,sick,1,2020-10-27,24.03177833557129,31.331939697265625,17.717559814453125,4.567323684692383,20.860445022583008,24.995820999145508,33.63872146606445,17.68280029296875,5.20863676071167,27.12989616394043,24.03177833557129,24.415546417236328,24.586877822875977,24.726709365844727,24.886749267578125,24.88926887512207,24.88938331604004,24.924118041992188,25.01795196533203,25.03554344177246,24.985780715942383,24.999528884887695,25.023574829101562,25.001367568969727,25.068147659301758,25.065982818603516,25.048511505126953,25.070371627807617,25.019622802734375,24.995820999145508,4.567323684692383,4.766272068023682,4.893307209014893,4.980800151824951,5.01854133605957,5.06903076171875,5.081643581390381,5.110297679901123,5.132300853729248,5.146309852600098,5.157980442047119,5.172110080718994,5.178712368011475,5.176455497741699,5.202365398406982,5.194917678833008,5.19435453414917,5.187057018280029,5.195685386657715,5.20863676071167,5.081705093383789,5.20863676071167,4.567323684692383,0.38376808166503906,0.17133140563964844,0.13983154296875,0.16003990173339844,0.0025196075439453125,0.00011444091796875,0.03473472595214844,0.09383392333984375,0.017591476440429688,-0.049762725830078125,0.0137481689453125,0.024045944213867188,-0.022207260131835938,0.06678009033203125,-0.0021648406982421875,-0.0174713134765625,0.021860122680664062,-0.05074882507324219,-0.023801803588867188,0.9640426635742188,0.0336688450404569,0.05073908716440201,0.38376808166503906,-0.05074882507324219,0.10139463096857071,0.06822927296161652,0.16688265119279952,0.014001687367757977,-0.013681520734514771,473.1688537597656,16.565048217773438,1.0327273607254028,34.025726318359375,2.941124200820923,0.163418248295784,0.6413130760192871,0.023266492929673595,0.6177349090576172,1.6163749694824219,1.6361541748046875,-0.30219268798828125,1.6890010833740234,1.4366035461425781,-0.3485260009765625,1.2653789520263672,1.0600261688232422,0.020468875340052574,0.060873017275243885,0.0497395493930437,-0.005988379170123952,0.06384397521054803,0.04837270033986908,-0.006572092386116986,0.04309525740773993,0.029062764447433866,0.5279979705810547,0.4776592254638672,0.7747936248779297,0.7572307586669922,0.5454387664794922,0.6953849792480469,0.6007423400878906,0.5021286010742188,0.6784038543701172,0.963395012749566,1.1079991658528645,1.6890010833740234,-0.3485260009765625,1.6890010833740234,0.8040739985793973,2.037527084350586,1.5243703426710062,0.495540908833934,0.033655074206410014,0.036446290107796896,0.06384397521054803,-0.006572092386116986,0.06384397521054803,0.026460856859213216,0.07041606759666502,1.7517271992415493,0.531852749908974,0.6177533467610677,0.6177533467610677,0.7747936248779297,0.4776592254638672,0.7747936248779297,0.11202175953724305,0.2971343994140625,1.254211921955774,0.4006290375465964
T0376,sick,1,2020-01-30,28.277679443359375,35.57389831542969,23.57476043701172,3.1303842067718506,9.79930591583252,28.880287170410156,34.87778854370117,23.39129066467285,3.5335543155670166,12.486006736755371,28.277679443359375,28.426929473876953,28.548564910888672,28.54193687438965,28.605606079101562,28.593008041381836,28.608427047729492,28.684856414794922,28.716949462890625,28.671451568603516,28.744123458862305,28.782766342163086,28.726285934448242,28.74894142150879,28.80612564086914,28.80023765563965,28.87563133239746,28.89402961730957,28.87633514404297,28.880287170410156,3.1303842067718506,3.1912505626678467,3.233868360519409,3.266942024230957,3.295123815536499,3.3143370151519775,3.345444440841675,3.3537137508392334,3.376969337463379,3.39007568359375,3.420194149017334,3.4306325912475586,3.4503026008605957,3.460425615310669,3.4795854091644287,3.485903263092041,3.5036838054656982,3.5106611251831055,3.5248265266418457,3.5335543155670166,3.3848941326141357,3.5335543155670166,3.1303842067718506,0.14925003051757812,0.12163543701171875,-0.0066280364990234375,0.06366920471191406,-0.012598037719726562,0.01541900634765625,0.07642936706542969,0.032093048095703125,-0.045497894287109375,0.07267189025878906,0.03864288330078125,-0.05648040771484375,0.022655487060546875,0.05718421936035156,-0.0058879852294921875,0.0753936767578125,0.018398284912109375,-0.017694473266601562,0.0039520263671875,0.6026077270507812,0.025661141531807395,0.03171619772911072,0.14925003051757812,-0.05648040771484375,0.0520767904818058,0.04695691540837288,0.06017270769391877,0.017391318366639295,0.01764281136648922,545.2311401367188,7.955280303955078,0.5167057514190674,17.276996612548828,1.505720615386963,0.11374305933713913,0.403170108795166,0.019267134021099336,0.5950393676757812,1.5330009460449219,0.5220489501953125,0.21592140197753906,1.3302669525146484,0.10204505920410156,0.3370647430419922,0.9278354644775391,-0.13355064392089844,0.021553488423053213,0.07051572727977719,0.023351295012280036,-0.011108140300091237,0.058089399696292184,0.022277222540145292,-0.0019989988857647975,0.03673466560535708,0.011629384263117028,0.2281494140625,0.2830677032470703,0.1793498992919922,0.4567852020263672,0.3105297088623047,0.2331066131591797,0.4642753601074219,0.2759361267089844,0.15792274475097656,0.6032969156901041,0.632974836561415,1.5330009460449219,-0.13355064392089844,1.5330009460449219,0.5612449125890072,1.6665515899658203,2.421898681081604,0.6654825467518054,0.025671560403796218,0.028584258000653118,0.07051572727977719,-0.011108140300091237,0.07051572727977719,0.026300571590234738,0.08162386757986842,2.4669418604025815,0.6426994659113651,0.28768030802408856,0.28768030802408856,0.4642753601074219,0.15792274475097656,0.4642753601074219,0.10929220741995195,0.3063526153564453,1.6138586167321547,0.4756785886923489
T0384,sick,1,2019-08-28,27.720638275146484,33.41223907470703,20.57383918762207,3.9502172470092773,15.604215621948242,26.604354858398438,33.554691314697266,20.5289306640625,4.512645721435547,20.363971710205078,27.720638275146484,27.717119216918945,27.80323600769043,27.931549072265625,27.987953186035156,27.98724937438965,28.034847259521484,28.108509063720703,28.10100555419922,28.135704040527344,28.075056076049805,28.19521141052246,28.121379852294922,28.180360794067383,28.11187744140625,28.176362991333008,28.268157958984375,26.521587371826172,27.926605224609375,26.604354858398438,3.9502172470092773,4.021952152252197,4.067642688751221,4.093743324279785,4.143606185913086,4.198291301727295,4.222259044647217,4.23108434677124,4.2823805809021,4.314666748046875,4.364838600158691,4.334909915924072,4.363980770111084,4.3868865966796875,4.3978590965271,4.374992370605469,4.360208988189697,4.523562908172607,4.431578636169434,4.512645721435547,4.278864860534668,4.523562908172607,3.9502172470092773,-0.0035190582275390625,0.08611679077148438,0.1283130645751953,0.05640411376953125,-0.0007038116455078125,0.04759788513183594,0.07366180419921875,-0.007503509521484375,0.034698486328125,-0.06064796447753906,0.12015533447265625,-0.07383155822753906,0.05898094177246094,-0.06848335266113281,0.06448554992675781,0.09179496765136719,-1.7465705871582031,1.4050178527832031,-1.3222503662109375,-1.1162834167480469,-0.021051021088336286,-0.05875175818800926,1.4050178527832031,-1.7465705871582031,0.5977014303207397,0.28688088059425354,0.06496772766113461,0.015534741537911326,-0.28667019435337604,530.5462646484375,3.8541412353515625,2.552460193634033,18.750959396362305,3.4965507984161377,0.1552065759897232,0.5624284744262695,0.02580348961335361,-5.787641525268555,-0.5182914733886719,-2.566926956176758,-2.786470413208008,0.5900592803955078,1.3951911926269531,-1.2864456176757812,0.8850746154785156,0.0186004638671875,-0.147735611478189,0.02136591287483801,-0.09721894228368866,-0.016939657971375057,0.0417079538330992,-0.007058737331763362,-0.02457741041828872,0.044689809469350486,-0.003481922293068578,4.24091911315918,0.9741611480712891,3.8933372497558594,3.280344009399414,0.5244827270507812,3.255830764770508,3.244342803955078,0.2837867736816406,1.2697868347167969,-1.1174278259277344,1.7594112820095487,1.3951911926269531,-5.787641525268555,5.787641525268555,2.280748811268872,7.182832717895508,3.28953301115743,0.7035837625875572,-0.021027622844342855,0.04497510643929567,0.044689809469350486,-0.147735611478189,0.147735611478189,0.06368287713564981,0.1924254209475395,3.284829994327917,0.7155670943003879,2.3296657138400607,2.3296657138400607,4.24091911315918,0.2837867736816406,4.24091911315918,1.5452024726085594,3.957132339477539,1.8203981239715115,0.5444081192068124
T0386,sick,1,2019-11-13,25.815563201904297,33.876319885253906,18.752470016479492,3.704364538192749,13.722315788269043,27.028480529785156,35.24755859375,19.084060668945312,4.22403621673584,17.842483520507812,25.815563201904297,26.182689666748047,26.431486129760742,26.493911743164062,26.678565979003906,26.758790969848633,26.736244201660156,26.822181701660156,26.846601486206055,26.939237594604492,26.972034454345703,26.89749526977539,27.025588989257812,27.021154403686523,27.121049880981445,27.048234939575195,27.038148880004883,27.025922775268555,26.995378494262695,27.028480529785156,3.704364538192749,3.8834502696990967,3.9828457832336426,4.047402381896973,4.087711811065674,4.12465763092041,4.161622047424316,4.179291725158691,4.199381351470947,4.210933208465576,4.2498369216918945,4.2619147300720215,4.257296562194824,4.243831157684326,4.1986565589904785,4.24982213973999,4.246725082397461,4.215456008911133,4.218142509460449,4.22403621673584,4.147368907928467,4.2619147300720215,3.704364538192749,0.36712646484375,0.2487964630126953,0.06242561340332031,0.18465423583984375,0.08022499084472656,-0.022546768188476562,0.0859375,0.024419784545898438,0.0926361083984375,0.03279685974121094,-0.0745391845703125,0.12809371948242188,-0.0044345855712890625,0.09989547729492188,-0.07281494140625,-0.0100860595703125,-0.012226104736328125,-0.030544281005859375,0.03310203552246094,1.2129173278808594,0.04765138841213046,0.06383775174617767,0.36712646484375,-0.0745391845703125,0.1079409122467041,0.08775269240140915,0.1790340968540746,0.03805816741216591,-0.018104062761580286,509.4567565917969,18.961036682128906,0.6080232262611389,20.774303436279297,1.5315948724746704,0.14116314053535461,0.5196716785430908,0.019011334010532958,1.3052101135253906,1.4811515808105469,0.8885116577148438,0.886627197265625,1.8739490509033203,1.2834739685058594,0.43627166748046875,1.453134536743164,1.308685302734375,0.06300349845025714,0.06191497745370414,0.023919841221399757,0.049878243754680494,0.06288544074036988,0.03963518644634027,0.03243148631619262,0.05737238145412356,0.03801549466929018,0.6149082183837891,0.37935638427734375,0.5292148590087891,0.7553901672363281,0.7290782928466797,0.5398979187011719,0.4416694641113281,0.4699516296386719,0.6371040344238281,1.213001675075955,1.213001675075955,1.8739490509033203,0.43627166748046875,1.8739490509033203,0.41895215560785204,1.4376773834228516,1.5448857771256754,0.44043496603412013,0.047672950056262,0.047672950056262,0.06300349845025714,0.023919841221399757,0.06300349845025714,0.01467398934195848,0.039083657228857385,1.3215772290183483,0.4377136581309731,0.566285663180881,0.566285663180881,0.7553901672363281,0.37935638427734375,0.7553901672363281,0.12819121668852188,0.3760337829589844,1.33393833362096,0.4162744918894456
T0387,sick,1,2019-09-25,27.3449649810791,32.981300354003906,20.311010360717773,3.8003315925598145,14.442521095275879,28.12042236328125,34.10078811645508,20.22089958190918,4.1856608390808105,17.519758224487305,27.3449649810791,27.582427978515625,27.81389617919922,27.892786026000977,27.990461349487305,27.976093292236328,27.940296173095703,27.895429611206055,27.91097640991211,27.8715763092041,27.903467178344727,27.921594619750977,27.981473922729492,27.920055389404297,28.006324768066406,28.068941116333008,28.024263381958008,28.064504623413086,27.996854782104492,28.12042236328125,3.8003315925598145,3.9327661991119385,4.004093170166016,4.041734218597412,4.082289695739746,4.098533630371094,4.154693603515625,4.151183605194092,4.15619421005249,4.198356628417969,4.186728000640869,4.186221599578857,4.180359363555908,4.18982458114624,4.180543422698975,4.182592391967773,4.216474533081055,4.170518398284912,4.20094633102417,4.1856608390808105,4.125002384185791,4.216474533081055,3.8003315925598145,0.23746299743652344,0.23146820068359375,0.07888984680175781,0.09767532348632812,-0.014368057250976562,-0.035797119140625,-0.04486656188964844,0.015546798706054688,-0.03940010070800781,0.031890869140625,0.01812744140625,0.059879302978515625,-0.06141853332519531,0.08626937866210938,0.06261634826660156,-0.044677734375,0.040241241455078125,-0.06764984130859375,0.12356758117675781,0.7754573822021484,0.021605203384742668,0.040813546627759933,0.23746299743652344,-0.06764984130859375,0.08672508597373962,0.073253333568573,0.12738947187151198,0.004193828219456592,0.01127057756696284,530.4940795898438,10.93978214263916,0.5527734756469727,18.53091812133789,1.8255388736724854,0.1037968248128891,0.3853292465209961,0.014255629625535574,0.6741886138916016,1.2376060485839844,0.29607391357421875,0.7438411712646484,1.0181312561035156,0.7285194396972656,0.655426025390625,1.1680831909179688,0.4612274169921875,0.02281322622657646,0.04331035757423275,0.002180934131592626,0.027869988921888654,0.03367643714847393,0.008515274793581428,0.021448482427381517,0.033235762173071275,0.001643593867022135,0.32827186584472656,0.283233642578125,0.19805145263671875,0.7641487121582031,0.30603790283203125,0.4674549102783203,0.6978950500488281,0.4466743469238281,0.3786277770996094,0.775899675157335,0.775899675157335,1.2376060485839844,0.29607391357421875,1.2376060485839844,0.3128577732569584,0.9415321350097656,1.595059351432815,0.49030114478369663,0.02163267302931342,0.02163267302931342,0.04331035757423275,0.001643593867022135,0.04331035757423275,0.01474761526914784,0.04166676370721062,2.002079793594948,0.5661320781101179,0.43004396226671004,0.43004396226671004,0.7641487121582031,0.19805145263671875,0.7641487121582031,0.1899996114556417,0.5660972595214844,1.7769083197015114,0.4985274986848427
T0389,sick,1,2020-01-22,26.564470291137695,34.31856918334961,20.313880920410156,3.980743169784546,15.846315383911133,27.35601806640625,34.30881881713867,20.37578010559082,4.359187126159668,19.002511978149414,26.564470291137695,26.584369659423828,26.796480178833008,26.941965103149414,27.06865692138672,27.1701602935791,27.11281967163086,27.21539878845215,27.300430297851562,27.364574432373047,27.298187255859375,27.41632080078125,27.37041664123535,27.432985305786133,27.319599151611328,27.370067596435547,27.457239151000977,27.362138748168945,27.444143295288086,27.35601806640625,3.980743169784546,4.022054195404053,4.124465465545654,4.157507419586182,4.204261779785156,4.23516321182251,4.292666435241699,4.2714457511901855,4.273950576782227,4.252951145172119,4.320898056030273,4.304451942443848,4.315403938293457,4.338967800140381,4.354604721069336,4.3371710777282715,4.328073978424072,4.344289302825928,4.315850257873535,4.359187126159668,4.256705284118652,4.359187126159668,3.980743169784546,0.019899368286132812,0.2121105194091797,0.14548492431640625,0.1266918182373047,0.10150337219238281,-0.05734062194824219,0.10257911682128906,0.08503150939941406,0.06414413452148438,-0.06638717651367188,0.118133544921875,-0.04590415954589844,0.06256866455078125,-0.11338615417480469,0.05046844482421875,0.08717155456542969,-0.09510040283203125,0.08200454711914062,-0.08812522888183594,0.7915477752685547,0.03969699314662297,0.041660409420728683,0.2121105194091797,-0.11338615417480469,0.09061416238546371,0.0907386988401413,0.1321941920689177,0.03925634565807455,0.008834893362861659,516.9862060546875,12.261261940002441,0.8911289572715759,17.910037994384766,2.1756279468536377,0.10559768229722977,0.37844395637512207,0.015744374748459328,0.5119724273681641,0.8369274139404297,1.5222187042236328,-0.022287368774414062,1.406890869140625,1.146554946899414,-0.23665809631347656,0.9848384857177734,0.9675350189208984,0.037897101380770425,0.04030397027954998,0.07487886185036542,0.007645989898452252,0.06170292904502442,0.053846653242756094,-0.009672567898170458,0.043759417713136725,0.046646263007830584,0.8760528564453125,0.2557697296142578,0.738616943359375,0.9878273010253906,0.3855018615722656,0.7512741088867188,0.7256908416748047,0.3416175842285156,0.7075958251953125,0.7908880445692275,0.8484314812554253,1.5222187042236328,-0.23665809631347656,1.5222187042236328,0.6027688980626449,1.7588768005371094,1.794156298903054,0.5337515436125587,0.03966762427996838,0.041817083812895145,0.07487886185036542,-0.009672567898170458,0.07487886185036542,0.02611334491657496,0.08455142974853588,1.790628066727942,0.5059825679815094,0.641105228000217,0.641105228000217,0.9878273010253906,0.2557697296142578,0.9878273010253906,0.2530186264281169,0.7320575714111328,1.5408192640988159,0.45323713341835453
T0390,sick,1,2019-01-30,27.795650482177734,33.31386947631836,23.84225082397461,2.6368765830993652,6.953118324279785,28.415019989013672,34.87649917602539,23.442529678344727,3.5664753913879395,12.719747543334961,27.795650482177734,27.949716567993164,28.117565155029297,28.18767547607422,28.228511810302734,28.259737014770508,28.318710327148438,28.340547561645508,28.305198669433594,28.409528732299805,28.343801498413086,28.383821487426758,28.41497039794922,28.396060943603516,28.405908584594727,28.398252487182617,28.443017959594727,28.452852249145508,28.463163375854492,28.415019989013672,2.6368765830993652,2.8040175437927246,2.895875930786133,2.9713809490203857,3.0314581394195557,3.1033589839935303,3.154862880706787,3.205697774887085,3.2505288124084473,3.2889320850372314,3.337494134902954,3.3739075660705566,3.3992691040039062,3.4262588024139404,3.457103729248047,3.4802844524383545,3.503042459487915,3.5206613540649414,3.541348457336426,3.5664753913879395,3.2474417686462402,3.5664753913879395,2.6368765830993652,0.1540660858154297,0.1678485870361328,0.07011032104492188,0.040836334228515625,0.031225204467773438,0.05897331237792969,0.021837234497070312,-0.03534889221191406,0.10433006286621094,-0.06572723388671875,0.040019989013671875,0.031148910522460938,-0.018909454345703125,0.009847640991210938,-0.007656097412109375,0.044765472412109375,0.00983428955078125,0.010311126708984375,-0.04814338684082031,0.6193695068359375,0.02489607244505859,0.03259839490056038,0.1678485870361328,-0.06572723388671875,0.059513818472623825,0.051102086901664734,0.09219796316964232,0.012901306152344317,0.00714639936174678,537.9243774414062,9.807016372680664,0.20192542672157288,6.250155448913574,0.4470076262950897,0.2602041959762573,0.9295988082885742,0.043524437918698866,0.6205158233642578,1.3889579772949219,0.34838104248046875,0.2766246795654297,1.6590499877929688,0.06027030944824219,0.09197616577148438,1.3863601684570312,-0.2498321533203125,0.022139169219740663,0.06232992903630521,0.014839261277277105,0.004453329215371871,0.07306142964757359,0.002885077053442805,-0.003543790659510271,0.05980920576511382,-0.011587114262402347,0.21207427978515625,0.2821216583251953,0.18754959106445312,0.170379638671875,0.34380531311035156,0.24393081665039062,0.14618492126464844,0.2913074493408203,0.2564258575439453,0.6202560000949435,0.6757742563883463,1.6590499877929688,-0.2498321533203125,1.6590499877929688,0.6890778957908897,1.9088821411132812,2.455035757220688,0.7291008275707747,0.024931832921434714,0.028294256237415296,0.07306142964757359,-0.011587114262402347,0.07306142964757359,0.03180229744755024,0.08464854390997593,2.582199129481571,0.7665495983259375,0.23708661397298178,0.23708661397298178,0.34380531311035156,0.14618492126464844,0.34380531311035156,0.06380659859761502,0.19762039184570312,1.4501253058862207,0.4298637255657393
T0393,sick,1,2019-04-24,29.052154541015625,34.650360107421875,24.961719512939453,2.4913861751556396,6.207004547119141,29.908674240112305,35.59019088745117,24.58538055419922,3.321577548980713,11.032876968383789,29.052154541015625,29.28824806213379,29.449573516845703,29.489459991455078,29.556835174560547,29.599781036376953,29.626049041748047,29.620399475097656,29.70090103149414,29.729753494262695,29.707809448242188,29.76430320739746,29.70322608947754,29.760507583618164,29.734264373779297,29.811973571777344,29.892702102661133,29.88633155822754,29.886442184448242,29.908674240112305,2.4913861751556396,2.687410593032837,2.7706916332244873,2.8420729637145996,2.894934892654419,2.944704294204712,2.9921629428863525,3.033799171447754,3.0709378719329834,3.0984585285186768,3.14127516746521,3.1677937507629395,3.195261001586914,3.223447322845459,3.2424252033233643,3.2470455169677734,3.2735702991485596,3.2861862182617188,3.3118832111358643,3.321577548980713,3.0618512630462646,3.321577548980713,2.4913861751556396,0.23609352111816406,0.16132545471191406,0.039886474609375,0.06737518310546875,0.04294586181640625,0.02626800537109375,-0.005649566650390625,0.08050155639648438,0.028852462768554688,-0.021944046020507812,0.05649375915527344,-0.061077117919921875,0.057281494140625,-0.026243209838867188,0.07770919799804688,0.08072853088378906,-0.00637054443359375,0.000110626220703125,0.0222320556640625,0.8565196990966797,0.032915165549830414,0.04507998377084732,0.23609352111816406,-0.061077117919921875,0.0663435161113739,0.05784677341580391,0.1023937225341796,0.018138158889044173,0.031116703578403817,563.6890258789062,11.698039054870605,0.2749614119529724,9.536294937133789,0.6182965040206909,0.2237001657485962,0.8301913738250732,0.03687514577593118,0.6227569580078125,1.9121971130371094,0.8668556213378906,0.3279590606689453,1.6844406127929688,0.1462383270263672,0.4931964874267578,1.5572776794433594,0.10458946228027344,0.02976656462016832,0.07910747241256803,0.03192250244599461,0.00860036118586213,0.07303853285940014,-0.006221667985271176,0.017893409729003065,0.06564113215396222,-0.0031545079740370424,0.36324501037597656,0.413665771484375,0.20964431762695312,0.26190757751464844,0.456756591796875,0.15853118896484375,0.26151466369628906,0.3580169677734375,0.168975830078125,0.857279035780165,0.857279035780165,1.9121971130371094,0.10458946228027344,1.9121971130371094,0.6916461399192436,1.807607650756836,2.2305422282856786,0.6679940166613816,0.03295486660529448,0.03503846126291853,0.07910747241256803,-0.006221667985271176,0.07910747241256803,0.0325481634207172,0.0853291403978392,2.2577318462032347,0.6906287886376902,0.29469532436794704,0.29469532436794704,0.456756591796875,0.15853118896484375,0.456756591796875,0.1077510098628247,0.29822540283203125,1.549928141130947,0.4651385372528469
T0394,sick,1,2018-05-23,27.264095306396484,32.82014083862305,21.044429779052734,3.660395622253418,13.3984956741333,27.687108993530273,33.83443069458008,21.122629165649414,4.159896373748779,17.304737091064453,27.264095306396484,27.584980010986328,27.60703468322754,27.590972900390625,27.67862892150879,27.741256713867188,27.674007415771484,27.69577407836914,27.73137092590332,27.746829986572266,27.750934600830078,27.772470474243164,27.773866653442383,27.794153213500977,27.720481872558594,27.773557662963867,27.72233772277832,27.762773513793945,27.715124130249023,27.687108993530273,3.660395622253418,3.8023521900177,3.887688398361206,3.958643674850464,3.996152639389038,4.019474983215332,4.047079086303711,4.067570209503174,4.08067512512207,4.083187580108643,4.099987506866455,4.088932037353516,4.095117568969727,4.099542140960693,4.132660865783691,4.133108139038086,4.133244037628174,4.141567707061768,4.158727169036865,4.159896373748779,4.042300224304199,4.159896373748779,3.660395622253418,0.32088470458984375,0.022054672241210938,-0.016061782836914062,0.08765602111816406,0.06262779235839844,-0.06724929809570312,0.02176666259765625,0.03559684753417969,0.015459060668945312,0.0041046142578125,0.021535873413085938,0.00139617919921875,0.02028656005859375,-0.07367134094238281,0.05307579040527344,-0.051219940185546875,0.040435791015625,-0.047649383544921875,-0.02801513671875,0.42301368713378906,0.01241328160565528,0.02226387895643711,0.32088470458984375,-0.07367134094238281,0.08235166221857071,0.052144601941108704,0.07573405674525498,0.01617722284226136,-0.008620834350583336,526.3121337890625,8.294346809387207,2.1554059982299805,21.1500301361084,3.8999106884002686,0.12535439431667328,0.49950075149536133,0.018570387632326945,2.407754898071289,1.1207714080810547,-2.4059085845947266,2.6567344665527344,0.8996047973632812,-2.0159435272216797,2.946514129638672,0.13159561157226562,-1.8982982635498047,0.11142851607243685,0.042817862948080335,-0.12150869871440736,0.12207247655194442,0.030180239856690792,-0.10248830694901388,0.13193150140289026,-0.009820549470142043,-0.09123667666786635,0.5639305114746094,0.5180206298828125,0.3551368713378906,0.5206184387207031,0.42902565002441406,0.29693031311035156,0.5656185150146484,0.44853973388671875,0.47545814514160156,0.42698054843478733,1.8314584096272786,2.946514129638672,-2.4059085845947266,2.946514129638672,2.104618467733722,5.352422714233398,1.6088348488077164,0.4860124009060381,0.012597373892290334,0.08483164762594136,0.13193150140289026,-0.12150869871440736,0.13193150140289026,0.09983028590957252,0.2534402001172976,1.555215412442275,0.49184038459932683,0.4636976453993056,0.4636976453993056,0.5656185150146484,0.29693031311035156,0.5656185150146484,0.09205464283703087,0.2686882019042969,1.2198002479170946,0.3954127047197891
T0397,sick,1,2018-05-23,27.54840087890625,34.54977035522461,21.005460739135742,3.6774299144744873,13.523490905761719,28.983016967773438,35.54222869873047,20.669479370117188,4.59140682220459,21.081016540527344,27.54840087890625,27.904335021972656,28.07158851623535,28.225425720214844,28.4010066986084,28.520360946655273,28.53240966796875,28.579059600830078,28.641685485839844,28.720943450927734,28.75653648376465,28.693187713623047,28.756376266479492,28.8801212310791,28.899505615234375,28.9610538482666,28.93537139892578,28.947675704956055,28.937915802001953,28.983016967773438,3.6774299144744873,3.8734331130981445,3.988591432571411,4.084018230438232,4.145137786865234,4.205921173095703,4.265501022338867,4.324617385864258,4.356348037719727,4.382852554321289,4.408390522003174,4.448702812194824,4.4709601402282715,4.485013008117676,4.508148670196533,4.525740623474121,4.5438456535339355,4.573748588562012,4.5808939933776855,4.59140682220459,4.32203483581543,4.59140682220459,3.6774299144744873,0.35593414306640625,0.1672534942626953,0.1538372039794922,0.1755809783935547,0.119354248046875,0.012048721313476562,0.046649932861328125,0.06262588500976562,0.07925796508789062,0.03559303283691406,-0.06334877014160156,0.06318855285644531,0.12374496459960938,0.019384384155273438,0.06154823303222656,-0.025682449340820312,0.012304306030273438,-0.009759902954101562,0.045101165771484375,1.4346160888671875,0.06036290620502594,0.07550611346960068,0.35593414306640625,-0.06334877014160156,0.09156407415866852,0.08590517193078995,0.18581864493233696,0.041793618883405124,0.010298483712332494,543.6302490234375,20.210649490356445,0.5688977837562561,17.148454666137695,1.5204910039901733,0.2487926334142685,0.9139769077301025,0.040319615557677706,1.9749011993408203,2.2235565185546875,1.7471561431884766,0.5067653656005859,2.1594982147216797,1.4627647399902344,0.1643848419189453,1.8152294158935547,0.8584327697753906,0.08314886595073478,0.09579556687433834,0.0727098049077772,0.027964802792197145,0.09434800972615803,0.05453862498577338,0.007666544806688123,0.07537782281861237,0.0318209511893129,0.47228050231933594,0.4758949279785156,0.40561676025390625,0.18874740600585938,0.4980812072753906,0.38413047790527344,0.1862773895263672,0.5047817230224609,0.2756366729736328,1.4347432454427083,1.4347432454427083,2.2235565185546875,0.1643848419189453,2.2235565185546875,0.7491253810673268,2.059171676635742,1.5497940207208578,0.49238046581882045,0.060374554894621374,0.060374554894621374,0.09579556687433834,0.007666544806688123,0.09579556687433834,0.03158849103996482,0.08812902206765022,1.5866874906931632,0.5029573542081799,0.37682745191786027,0.37682745191786027,0.5047817230224609,0.1862773895263672,0.5047817230224609,0.12884369429672876,0.31850433349609375,1.3395566248101414,0.43602563289023927
T0398,sick,1,2019-01-30,28.021181106567383,33.84769821166992,23.35710906982422,2.5058555603027344,6.279311656951904,28.984081268310547,34.64023971557617,23.050369262695312,3.400590658187866,11.564017295837402,28.021181106567383,28.291467666625977,28.447715759277344,28.503801345825195,28.612773895263672,28.60025405883789,28.635478973388672,28.69034194946289,28.782672882080078,28.8079776763916,28.84998321533203,28.84698486328125,28.88636016845703,28.859642028808594,28.911399841308594,28.89501953125,28.936487197875977,28.950420379638672,28.978410720825195,28.984081268310547,2.5058555603027344,2.6616010665893555,2.773782730102539,2.8533427715301514,2.9289255142211914,2.9808366298675537,3.0259456634521484,3.0829739570617676,3.1016693115234375,3.144402265548706,3.1838672161102295,3.219367504119873,3.2422707080841064,3.2773277759552,3.303539514541626,3.3303513526916504,3.3581485748291016,3.370518922805786,3.3930342197418213,3.400590658187866,3.106917381286621,3.400590658187866,2.5058555603027344,0.27028656005859375,0.1562480926513672,0.05608558654785156,0.10897254943847656,-0.01251983642578125,0.03522491455078125,0.05486297607421875,0.0923309326171875,0.025304794311523438,0.04200553894042969,-0.00299835205078125,0.03937530517578125,-0.0267181396484375,0.0517578125,-0.01638031005859375,0.04146766662597656,0.013933181762695312,0.027990341186523438,0.0056705474853515625,0.9629001617431641,0.038968276977538865,0.050678957253694534,0.27028656005859375,-0.0267181396484375,0.06765905022621155,0.05684912949800491,0.11186768668038435,0.03314492816016728,0.017928968157086732,545.9898071289062,13.587382316589355,0.44639161229133606,11.559708595275879,0.9759515523910522,0.2496216893196106,0.8947350978851318,0.041516223348172905,1.874298095703125,2.0294647216796875,0.2605934143066406,1.3428668975830078,1.6620368957519531,-0.4211997985839844,0.9155254364013672,1.4722728729248047,-0.4532756805419922,0.0796718912913381,0.0880582737743396,0.012793453474690046,0.053309618440785425,0.07096602791233976,-0.021813075703785958,0.032787077767507576,0.06010555037878383,-0.02445708253329898,0.5733661651611328,0.48731422424316406,0.3973121643066406,0.5383396148681641,0.3930549621582031,0.284271240234375,0.5556907653808594,0.4033489227294922,0.36339759826660156,0.96473142835829,1.159059312608507,2.0294647216796875,-0.4532756805419922,2.0294647216796875,0.9537799322517941,2.4827404022216797,1.7509584557866291,0.5335552572919547,0.03904685942252215,0.04932911680854103,0.0880582737743396,-0.02445708253329898,0.0880582737743396,0.04210603959874767,0.11251535630763858,1.785117221233538,0.5376499791254882,0.4440106285942925,0.4440106285942925,0.5733661651611328,0.284271240234375,0.5733661651611328,0.09901022707627168,0.2890949249267578,1.2913342954492513,0.41725641331216085
T0400,sick,1,2018-05-23,26.61495590209961,33.667301177978516,21.08572006225586,3.6671395301818848,13.44791316986084,27.686317443847656,35.48616027832031,20.890050888061523,4.778341770172119,22.832550048828125,26.61495590209961,26.914749145507812,27.134862899780273,27.295970916748047,27.390552520751953,27.420820236206055,27.66053009033203,27.536497116088867,27.744457244873047,27.640941619873047,27.603694915771484,27.682405471801758,27.703895568847656,27.7096004486084,27.67962646484375,27.658971786499023,27.782474517822266,27.684188842773438,27.781246185302734,27.686317443847656,3.6671395301818848,3.9465079307556152,4.099771499633789,4.222213268280029,4.330187797546387,4.360318660736084,4.401888847351074,4.501519680023193,4.518721580505371,4.597425937652588,4.611860275268555,4.665862560272217,4.667727470397949,4.7043867111206055,4.7341790199279785,4.769443511962891,4.761971950531006,4.8073530197143555,4.801412582397461,4.778341770172119,4.497411727905273,4.8073530197143555,3.6671395301818848,0.2997932434082031,0.22011375427246094,0.16110801696777344,0.09458160400390625,0.030267715454101562,0.23970985412597656,-0.12403297424316406,0.2079601287841797,-0.103515625,-0.0372467041015625,0.07871055603027344,0.021490097045898438,0.0057048797607421875,-0.029973983764648438,-0.020654678344726562,0.12350273132324219,-0.09828567504882812,0.09705734252929688,-0.09492874145507812,1.0713615417480469,0.04202233508117128,0.05638745054602623,0.2997932434082031,-0.12403297424316406,0.12424231320619583,0.10992833226919174,0.16050970894949798,0.011393842243012901,0.008628354753767796,523.1761474609375,17.491960525512695,1.4614341259002686,28.092220306396484,3.34281587600708,0.30609068274497986,1.1112022399902344,0.04878025915389662,1.1510887145996094,1.6370887756347656,1.5100555419921875,1.4124641418457031,1.9254608154296875,-0.18288803100585938,0.8225173950195312,1.9816017150878906,-0.6034584045410156,0.04459965784746806,0.061784189267265546,0.05831592674542102,0.03304286899423169,0.08401498866260532,0.00331446712178313,0.027104065113497583,0.08071178350233432,-0.014318547930036422,0.4786853790283203,0.45960235595703125,0.5501079559326172,0.6217155456542969,0.5443515777587891,0.6181468963623047,0.37030601501464844,0.5141639709472656,0.3517436981201172,1.0726589626736112,1.2474026150173612,1.9816017150878906,-0.6034584045410156,1.9816017150878906,0.9105837399886294,2.5850601196289062,1.588582287182786,0.4938396022501689,0.04206326659161892,0.04524516613162701,0.08401498866260532,-0.014318547930036422,0.08401498866260532,0.0333516784224602,0.09833353659264174,1.8568827849888214,0.5562557536488677,0.5009803771972656,0.5009803771972656,0.6217155456542969,0.3517436981201172,0.6217155456542969,0.09639109410964171,0.2699718475341797,1.240997774648393,0.39699279329800835
T0401,sick,1,2019-07-24,26.682231903076172,32.76457977294922,20.83078956604004,3.2509946823120117,10.568965911865234,26.775632858276367,32.67578125,20.76382064819336,3.327826976776123,11.074432373046875,26.682231903076172,26.751195907592773,26.822996139526367,26.782554626464844,26.8098087310791,26.826099395751953,26.859676361083984,26.806884765625,26.83169937133789,26.833106994628906,26.81231689453125,26.7669620513916,26.850534439086914,26.776124954223633,26.749547958374023,26.74078369140625,26.7702579498291,26.787216186523438,26.791196823120117,26.775632858276367,3.2509946823120117,3.293383836746216,3.306661605834961,3.3139121532440186,3.3323378562927246,3.328174114227295,3.3287837505340576,3.321790933609009,3.356372356414795,3.3531477451324463,3.357480049133301,3.3539178371429443,3.348252058029175,3.337745428085327,3.333595037460327,3.3385558128356934,3.3437254428863525,3.3386647701263428,3.3196327686309814,3.327826976776123,3.3292477130889893,3.357480049133301,3.2509946823120117,0.06896400451660156,0.07180023193359375,-0.04044151306152344,0.027254104614257812,0.016290664672851562,0.03357696533203125,-0.052791595458984375,0.024814605712890625,0.001407623291015625,-0.02079010009765625,-0.04535484313964844,0.0835723876953125,-0.07440948486328125,-0.026576995849609375,-0.008764266967773438,0.029474258422851562,0.016958236694335938,0.0039806365966796875,-0.01556396484375,0.09340095520019531,-0.0002043415729264749,0.004915839526802301,0.0835723876953125,-0.07440948486328125,0.04219996929168701,0.03488349914550781,0.024420983450754913,-0.0069239707220172106,0.008532060895646254,509.097900390625,2.1354894638061523,0.5574269890785217,14.053105354309082,1.619172215461731,0.024357637390494347,0.07683229446411133,0.002317938051725657,0.5721282958984375,0.37464332580566406,-0.6233673095703125,0.6379241943359375,0.1669750213623047,-0.3310203552246094,0.6048545837402344,-0.05879020690917969,-0.49462318420410156,0.03570219914715933,0.01211690687595323,-0.04294143906213346,0.031483572766296514,0.004196687569295248,-0.023845096100542446,0.021903874103287303,-0.009317111251945972,-0.030684617408236615,0.4471912384033203,0.10527801513671875,0.12843894958496094,0.41515350341796875,0.06430244445800781,0.17719078063964844,0.30870628356933594,0.1331768035888672,0.1335601806640625,0.0943027072482639,0.42936960856119794,0.6379241943359375,-0.6233673095703125,0.6379241943359375,0.4917568081803072,1.26129150390625,1.4857227124583208,0.48291625821469086,-0.00015389148454076336,0.02357683380942779,0.03570219914715933,-0.04294143906213346,0.04294143906213346,0.02817527874450062,0.0786436382092928,1.8213395910508705,0.5189991284371172,0.21255535549587673,0.21255535549587673,0.4471912384033203,0.06430244445800781,0.4471912384033203,0.141288612639181,0.3828887939453125,2.103881204598409,0.6121547942898593
T0402,sick,1,2019-01-30,28.601640701293945,33.81647872924805,23.789630889892578,3.2081410884857178,10.292168617248535,29.332847595214844,35.647010803222656,23.8505802154541,3.6953251361846924,13.655427932739258,28.601640701293945,28.78803062438965,28.918493270874023,28.961088180541992,29.02915382385254,29.060302734375,29.107786178588867,29.12908172607422,29.171640396118164,29.162002563476562,29.162841796875,29.1634464263916,29.212278366088867,29.205718994140625,29.25965118408203,29.277376174926758,29.322418212890625,29.293655395507812,29.27869415283203,29.332847595214844,3.2081410884857178,3.3074140548706055,3.3661420345306396,3.404513359069824,3.4532504081726074,3.482754707336426,3.501127243041992,3.5196304321289062,3.5422520637512207,3.559138059616089,3.591428279876709,3.590334415435791,3.5960030555725098,3.6326823234558105,3.6371359825134277,3.6337602138519287,3.6405818462371826,3.6642420291900635,3.6639115810394287,3.6953251361846924,3.5344886779785156,3.6953251361846924,3.2081410884857178,0.18638992309570312,0.130462646484375,0.04259490966796875,0.06806564331054688,0.031148910522460938,0.04748344421386719,0.021295547485351562,0.04255867004394531,-0.009637832641601562,0.0008392333984375,0.0006046295166015625,0.048831939697265625,-0.0065593719482421875,0.05393218994140625,0.017724990844726562,0.04504203796386719,-0.0287628173828125,-0.01496124267578125,0.0541534423828125,0.7312068939208984,0.028692695789766645,0.03848457336425781,0.18638992309570312,-0.0287628173828125,0.04990273341536522,0.04479207471013069,0.08740784781319838,0.012830598013739382,0.009747804914203174,553.470947265625,10.0397310256958,0.8731892704963684,13.838376998901367,2.017303705215454,0.1275668442249298,0.4871840476989746,0.020835842405046618,0.7311382293701172,1.5905799865722656,0.8516101837158203,0.317413330078125,1.2448902130126953,0.4130706787109375,-0.00841522216796875,0.9642562866210938,0.47849082946777344,0.017180209052292852,0.07024830122639356,0.05231028822131538,-0.01386279199356446,0.05429906486568496,0.028416695272115183,-0.018470910438021803,0.038714447595122214,0.02928729093164412,0.5153636932373047,0.3270454406738281,0.6190414428710938,0.5676822662353516,0.3611183166503906,0.5240459442138672,0.4692497253417969,0.26625823974609375,0.5604343414306641,0.7314482794867622,0.7333183288574219,1.5905799865722656,-0.00841522216796875,1.5905799865722656,0.49428523715764056,1.5989952087402344,2.169017058881327,0.5757279131680633,0.028680288303664665,0.03586555551068384,0.07024830122639356,-0.018470910438021803,0.07024830122639356,0.03001899740142145,0.08871921166441536,1.9586558925292166,0.5479031229456639,0.46780437893337673,0.46780437893337673,0.6190414428710938,0.26625823974609375,0.6190414428710938,0.12179464464204698,0.352783203125,1.3232912249552573,0.41497831265162494
T0407,sick,1,2019-01-30,29.04717445373535,36.39665985107422,23.683229446411133,2.8763363361358643,8.273310661315918,29.650758743286133,35.351478576660156,23.43320083618164,3.274077892303467,10.719586372375488,29.04717445373535,29.175514221191406,29.302858352661133,29.37335205078125,29.312685012817383,29.418073654174805,29.50212287902832,29.395402908325195,29.41948890686035,29.470706939697266,29.48250389099121,29.50129508972168,29.587779998779297,29.607858657836914,29.628223419189453,29.56963539123535,29.593944549560547,29.57195281982422,29.57818603515625,29.650758743286133,2.8763363361358643,2.9584381580352783,3.004492998123169,3.0235519409179688,3.057352304458618,3.063966751098633,3.0798110961914062,3.122847557067871,3.141902446746826,3.152433156967163,3.1692521572113037,3.17801833152771,3.1735336780548096,3.1958861351013184,3.206667184829712,3.2361257076263428,3.248119592666626,3.2618658542633057,3.2639408111572266,3.274077892303467,3.1344311237335205,3.274077892303467,2.8763363361358643,0.1283397674560547,0.12734413146972656,0.07049369812011719,-0.06066703796386719,0.10538864135742188,0.08404922485351562,-0.106719970703125,0.02408599853515625,0.05121803283691406,0.011796951293945312,0.01879119873046875,0.08648490905761719,0.020078659057617188,0.020364761352539062,-0.05858802795410156,0.024309158325195312,-0.021991729736328125,0.00623321533203125,0.07257270812988281,0.6035842895507812,0.02398097389622714,0.0317675955593586,0.1283397674560547,-0.106719970703125,0.062209002673625946,0.057869359850883484,0.06675720214843957,0.023324421473910565,0.00332390921456531,559.840576171875,7.944236755371094,0.3220070004463196,10.87434196472168,0.8787593245506287,0.10737432539463043,0.39774155616760254,0.018024466808577163,0.6991424560546875,1.1367340087890625,0.5988311767578125,0.2724742889404297,0.8023662567138672,0.7794570922851562,0.048305511474609375,0.8951396942138672,0.20087242126464844,0.035019034192076914,0.05017108630416936,0.017561518160023694,0.01292891108003683,0.031012077618362294,0.03021390097481845,-0.0008691529582328406,0.03793206465871658,0.001962427985398842,0.2596702575683594,0.1849517822265625,0.19693374633789062,0.25581932067871094,0.22063255310058594,0.21264076232910156,0.26905250549316406,0.1986217498779297,0.17890357971191406,0.6037025451660156,0.6037025451660156,1.1367340087890625,0.048305511474609375,1.1367340087890625,0.3586428799088903,1.0884284973144531,1.8829372164516769,0.5216402564833371,0.02399242977948557,0.024185574881315088,0.05017108630416936,-0.0008691529582328406,0.05017108630416936,0.017162389795836598,0.0510402392624022,2.074421046684289,0.5656364272357992,0.21969180636935765,0.21969180636935765,0.26905250549316406,0.17890357971191406,0.26905250549316406,0.033953976172079584,0.09014892578125,1.2246815103973585,0.3967892277710611
T0408,sick,1,2019-02-27,27.77984619140625,33.3172492980957,22.213449478149414,3.29217267036438,10.838400840759277,28.607431411743164,35.702850341796875,22.048059463500977,4.032108783721924,16.257902145385742,27.77984619140625,27.921239852905273,28.071409225463867,28.151578903198242,28.21923828125,28.312711715698242,28.301908493041992,28.446083068847656,28.449003219604492,28.42494773864746,28.432432174682617,28.426555633544922,28.44293212890625,28.520172119140625,28.5175838470459,28.502910614013672,28.565977096557617,28.622896194458008,28.723182678222656,28.607431411743164,3.29217267036438,3.411871910095215,3.4903478622436523,3.5534543991088867,3.613086700439453,3.6536102294921875,3.701378583908081,3.7359392642974854,3.762592315673828,3.8082077503204346,3.835387945175171,3.868656873703003,3.8957953453063965,3.9137847423553467,3.9428908824920654,3.964233636856079,3.97611927986145,3.9808573722839355,3.9826459884643555,4.032108783721924,3.7707571983337402,4.032108783721924,3.29217267036438,0.14139366149902344,0.15016937255859375,0.080169677734375,0.06765937805175781,0.09347343444824219,-0.01080322265625,0.14417457580566406,0.0029201507568359375,-0.02405548095703125,0.00748443603515625,-0.0058765411376953125,0.016376495361328125,0.077239990234375,-0.0025882720947265625,-0.014673233032226562,0.06306648254394531,0.056919097900390625,0.10028648376464844,-0.11575126647949219,0.8275852203369141,0.03716774847274314,0.043557118624448776,0.15016937255859375,-0.11575126647949219,0.06686510145664215,0.06184638291597366,0.10395693097795604,0.017288480486187415,0.033342088971819304,539.2463989257812,11.42932415008545,0.46641600131988525,14.628118515014648,1.4075322151184082,0.20569433271884918,0.739936113357544,0.034369827930192186,1.2070960998535156,1.4141216278076172,1.3391857147216797,0.3155841827392578,1.3497543334960938,0.3755836486816406,0.25015830993652344,1.153726577758789,0.04643058776855469,0.05316168993039191,0.059356746816993385,0.06477246535451746,0.0014951275703598136,0.06204291752406467,0.03276997042777788,-0.00029102124665992646,0.05049497561347187,0.01072279134191018,0.2506904602050781,0.2681922912597656,0.1964550018310547,0.17954444885253906,0.21417617797851562,0.2039775848388672,0.17982864379882812,0.22432899475097656,0.13464927673339844,0.8279601203070747,0.8279601203070747,1.4141216278076172,0.04643058776855469,1.4141216278076172,0.5633483506833096,1.3676910400390625,1.7079586033727812,0.550625241466594,0.03716951814809191,0.03723418953623856,0.06477246535451746,-0.00029102124665992646,0.06477246535451746,0.026694893509157776,0.06506348660117739,1.7395960208967833,0.555559066244124,0.20576032002766928,0.20576032002766928,0.2681922912597656,0.13464927673339844,0.2681922912597656,0.04005989605846085,0.1335430145263672,1.3034207868139642,0.40133628512939246
T0409,sick,1,2019-02-27,26.88275146484375,33.39537811279297,22.162399291992188,3.416384696960449,11.671684265136719,27.53478240966797,34.3585205078125,21.969289779663086,3.9911112785339355,15.92896842956543,26.88275146484375,27.08192253112793,27.181468963623047,27.209001541137695,27.22873878479004,27.293546676635742,27.2468204498291,27.309608459472656,27.344303131103516,27.385162353515625,27.414169311523438,27.43638038635254,27.368085861206055,27.364238739013672,27.359420776367188,27.34733009338379,27.38815689086914,27.422142028808594,27.405475616455078,27.53478240966797,3.416384696960449,3.569528102874756,3.6360929012298584,3.705629825592041,3.730220079421997,3.7781550884246826,3.8010499477386475,3.834165334701538,3.8413634300231934,3.8619463443756104,3.8793437480926514,3.897432804107666,3.9016880989074707,3.9204156398773193,3.928461790084839,3.9421212673187256,3.9385979175567627,3.9562695026397705,3.9674489498138428,3.9911112785339355,3.824871063232422,3.9911112785339355,3.416384696960449,0.1991710662841797,0.09954643249511719,0.027532577514648438,0.01973724365234375,0.06480789184570312,-0.046726226806640625,0.06278800964355469,0.034694671630859375,0.040859222412109375,0.0290069580078125,0.022211074829101562,-0.06829452514648438,-0.0038471221923828125,-0.004817962646484375,-0.012090682983398438,0.04082679748535156,0.033985137939453125,-0.016666412353515625,0.12930679321289062,0.6520309448242188,0.020409797725820387,0.034317418932914734,0.1991710662841797,-0.06829452514648438,0.05962692201137543,0.050364043563604355,0.07205592564174099,0.01689944948468648,0.0310065678187787,518.9947509765625,8.222461700439453,0.9709291458129883,16.801326751708984,2.2993738651275635,0.145131453871727,0.5747265815734863,0.022976049803253337,0.6957874298095703,1.3952617645263672,1.0913257598876953,0.2738380432128906,1.1226882934570312,0.00084686279296875,0.3557109832763672,0.8970451354980469,0.03969001770019531,0.020952157328899476,0.053620051620596604,0.035896166464439334,0.027031902800824837,0.04364290309131496,-0.030038665828848437,0.028830429306603702,0.029470078030922463,-0.025338043843893827,0.8347988128662109,0.3883190155029297,0.4833984375,0.6264247894287109,0.32875633239746094,0.8800697326660156,0.4240303039550781,0.33779335021972656,0.57379150390625,0.6524660322401259,0.6524660322401259,1.3952617645263672,0.00084686279296875,1.3952617645263672,0.5072810754135775,1.3944149017333984,2.138443496210139,0.6146383503985989,0.02045188655231768,0.03275782203514929,0.053620051620596604,-0.030038665828848437,0.053620051620596604,0.02897750086374876,0.08365871744944504,1.6368620354076564,0.45166181655060517,0.5419313642713759,0.5419313642713759,0.8800697326660156,0.32875633239746094,0.8800697326660156,0.20503126171668756,0.5513134002685547,1.6239505119061708,0.48003072068165514
T0410,sick,1,2019-01-30,27.779375076293945,32.641571044921875,23.580890655517578,2.566206455230713,6.585415840148926,28.544082641601562,34.25419998168945,23.464160919189453,3.3034188747406006,10.912575721740723,27.779375076293945,27.949033737182617,27.992265701293945,28.061431884765625,28.0949764251709,28.12995147705078,28.141923904418945,28.182174682617188,28.32217788696289,28.262083053588867,28.463043212890625,28.390827178955078,28.45010757446289,28.45257568359375,28.43310546875,28.461074829101562,28.497350692749023,28.496732711791992,28.51693344116211,28.544082641601562,2.566206455230713,2.718336582183838,2.79732346534729,2.8578364849090576,2.903754949569702,2.9484310150146484,2.9839699268341064,3.0180726051330566,3.041050910949707,3.0806186199188232,3.0930042266845703,3.1280629634857178,3.1403768062591553,3.1674399375915527,3.1880950927734375,3.2149672508239746,3.2277419567108154,3.261202812194824,3.2837023735046387,3.3034188747406006,3.046180486679077,3.3034188747406006,2.566206455230713,0.16965866088867188,0.043231964111328125,0.06916618347167969,0.03354454040527344,0.03497505187988281,0.011972427368164062,0.04025077819824219,0.14000320434570312,-0.06009483337402344,0.2009601593017578,-0.07221603393554688,0.0592803955078125,0.002468109130859375,-0.01947021484375,0.0279693603515625,0.03627586364746094,-0.00061798095703125,0.020200729370117188,0.027149200439453125,0.7647075653076172,0.03616112156918121,0.04024776816368103,0.2009601593017578,-0.07221603393554688,0.06677800416946411,0.05628977343440056,0.06456789289201988,0.04668017796107527,0.020624106270926975,537.45947265625,9.651371955871582,0.6547546982765198,15.463098526000977,1.6731616258621216,0.19414718449115753,0.7372124195098877,0.032432150840759205,0.7055530548095703,1.5578899383544922,1.746774673461914,-0.7398643493652344,1.2759037017822266,1.0630931854248047,-0.7469730377197266,1.0807571411132812,0.9323978424072266,0.03949602456917338,0.06754594243558633,0.09866626424000659,-0.038831845620521416,0.05646643817872868,0.051966129389024375,-0.04382882512601785,0.04502859760944091,0.0485157098985254,0.33164024353027344,0.35144996643066406,0.48662376403808594,0.36767005920410156,0.3252105712890625,0.22323989868164062,0.3658027648925781,0.3139991760253906,0.2600212097167969,0.763948016696506,1.0943563249376085,1.746774673461914,-0.7469730377197266,1.746774673461914,0.9099701828458213,2.4937477111816406,1.5961662739052005,0.4650697608537738,0.03611382617488293,0.05448286411855832,0.09866626424000659,-0.04382882512601785,0.09866626424000659,0.0471946900172242,0.14249508936602445,1.8109592387747808,0.454125742950217,0.33618418375651044,0.33618418375651044,0.48662376403808594,0.22323989868164062,0.48662376403808594,0.07409806375186945,0.2633838653564453,1.4474915033945202,0.4032500446858056
T0411,sick,1,2019-01-30,28.05425453186035,33.912391662597656,24.149330139160156,2.633613348007202,6.935919761657715,28.296916961669922,35.021568298339844,23.75649070739746,3.194791555404663,10.206693649291992,28.05425453186035,28.186542510986328,28.200279235839844,28.307086944580078,28.284488677978516,28.373083114624023,28.341419219970703,28.38067626953125,28.397682189941406,28.346107482910156,28.39427375793457,28.390905380249023,28.388662338256836,28.40793228149414,28.402063369750977,28.392763137817383,28.40382194519043,28.386999130249023,28.3690128326416,28.296916961669922,2.633613348007202,2.7357380390167236,2.7972545623779297,2.8416035175323486,2.8876640796661377,2.9160258769989014,2.9501736164093018,2.9794840812683105,3.0020666122436523,3.0324594974517822,3.049344778060913,3.074277639389038,3.0877645015716553,3.1001224517822266,3.113844871520996,3.1372268199920654,3.1518683433532715,3.1688270568847656,3.1782121658325195,3.194791555404663,3.001617908477783,3.194791555404663,2.633613348007202,0.13228797912597656,0.013736724853515625,0.10680770874023438,-0.0225982666015625,0.08859443664550781,-0.03166389465332031,0.039257049560546875,0.01700592041015625,-0.05157470703125,0.04816627502441406,-0.003368377685546875,-0.0022430419921875,0.019269943237304688,-0.0058689117431640625,-0.00930023193359375,0.011058807373046875,-0.01682281494140625,-0.017986297607421875,-0.07209587097167969,0.2426624298095703,0.010342957919701206,0.012771707028150558,0.13228797912597656,-0.07209587097167969,0.05057837441563606,0.03735301271080971,0.05699397495814755,0.0063494954790377835,-0.017537307739256287,538.5293579101562,5.498549461364746,0.2551897168159485,11.576705932617188,0.730546772480011,0.15371885895729065,0.5611782073974609,0.025670375680564943,0.5133323669433594,1.097269058227539,0.5977077484130859,-0.23661422729492188,0.9111595153808594,-0.08812141418457031,-0.43132591247558594,0.10537528991699219,-0.28247833251953125,0.024253453706439256,0.044295267951218645,0.024250817836675525,-0.011796129556527042,0.042222401611786406,-0.0038234710693370523,-0.018322507241615545,0.003999982561383125,-0.011888637399315503,0.29920005798339844,0.3814868927001953,0.24854469299316406,0.21634864807128906,0.24246788024902344,0.09976768493652344,0.1678314208984375,0.0867156982421875,0.09714508056640625,0.24292267693413627,0.4737093183729384,1.097269058227539,-0.43132591247558594,1.097269058227539,0.5550410521298164,1.528594970703125,2.316334073463061,0.6112835245931485,0.010354575377856425,0.020539185437144232,0.044295267951218645,-0.018322507241615545,0.044295267951218645,0.023986976926889707,0.0626177751928342,2.156621377247942,0.5992400213405374,0.20438978407118055,0.20438978407118055,0.3814868927001953,0.0867156982421875,0.3814868927001953,0.10094918288017864,0.2947711944580078,1.8664674253125337,0.5051522526746804
T0412,sick,1,2019-02-27,26.685609817504883,33.657371520996094,22.341510772705078,3.4400064945220947,11.833643913269043,27.401569366455078,35.862770080566406,21.834060668945312,4.54801082611084,20.68440055847168,26.685609817504883,26.968807220458984,26.97966194152832,27.113426208496094,27.12384796142578,27.221593856811523,27.263744354248047,27.194974899291992,27.25475311279297,27.30326271057129,27.273605346679688,27.303071975708008,27.337093353271484,27.363386154174805,27.4556941986084,27.49852180480957,27.508821487426758,27.397916793823242,27.465391159057617,27.401569366455078,3.4400064945220947,3.668950080871582,3.7990968227386475,3.881455183029175,3.9582936763763428,4.017367839813232,4.082436561584473,4.131743907928467,4.1893181800842285,4.227916240692139,4.263646125793457,4.30002498626709,4.326319217681885,4.353710174560547,4.392756938934326,4.428370475769043,4.449944972991943,4.485146522521973,4.504970550537109,4.54801082611084,4.172474384307861,4.54801082611084,3.4400064945220947,0.28319740295410156,0.010854721069335938,0.13376426696777344,0.0104217529296875,0.09774589538574219,0.04215049743652344,-0.06876945495605469,0.05977821350097656,0.04850959777832031,-0.029657363891601562,0.029466629028320312,0.03402137756347656,0.026292800903320312,0.09230804443359375,0.042827606201171875,0.0102996826171875,-0.11090469360351562,0.067474365234375,-0.06382179260253906,0.7159595489501953,0.03098557837923643,0.03768208250403404,0.28319740295410156,-0.11090469360351562,0.08217809349298477,0.0664350613951683,0.09368019104003844,0.018135524931407573,-0.0137405940464559,518.0711669921875,11.044577598571777,1.1654525995254517,24.428194046020508,2.597712755203247,0.29314178228378296,1.1080043315887451,0.04867258036046992,-0.3806896209716797,1.525869369506836,1.4101886749267578,-0.7706031799316406,2.011455535888672,1.0820274353027344,-0.6213665008544922,1.5186042785644531,0.6634407043457031,0.0014983026604903607,0.06690849791792013,0.06141538261470871,-0.021292471347894734,0.08781383198902964,0.028277453085533498,-0.013573533251770104,0.057972397481587404,0.009819323317448765,0.5759849548339844,0.5367774963378906,0.3830394744873047,0.6777114868164062,0.48979949951171875,0.5434017181396484,0.6231136322021484,0.5218124389648438,0.5734081268310547,0.7154362996419271,1.109360588921441,2.011455535888672,-0.7706031799316406,2.011455535888672,1.0486996105633235,2.7820587158203125,1.8131665554412866,0.5063907212644001,0.03098213160745041,0.03873013262959815,0.08781383198902964,-0.021292471347894734,0.08781383198902964,0.039079279161962986,0.10910630333692438,2.2673252930889287,0.6200676081335835,0.5472276475694444,0.5472276475694444,0.6777114868164062,0.3830394744873047,0.6777114868164062,0.08315846302267359,0.29467201232910156,1.2384452383611533,0.3810744087092248
T0413,sick,1,2019-01-30,28.18590545654297,34.00967025756836,23.824989318847656,2.6223151683807373,6.876537322998047,28.643056869506836,34.57270812988281,23.4808406829834,3.1456167697906494,9.894905090332031,28.18590545654297,28.3771915435791,28.38701820373535,28.466760635375977,28.498706817626953,28.574153900146484,28.49468994140625,28.52191162109375,28.54901123046875,28.623918533325195,28.60635757446289,28.619892120361328,28.634004592895508,28.6428165435791,28.612714767456055,28.6212100982666,28.664941787719727,28.711015701293945,28.70638656616211,28.643056869506836,2.6223151683807373,2.728367567062378,2.7991909980773926,2.840874671936035,2.881222724914551,2.904576539993286,2.9381420612335205,2.9637041091918945,2.9892423152923584,3.0043883323669434,3.024888277053833,3.0431935787200928,3.0562336444854736,3.073943614959717,3.0865044593811035,3.100050210952759,3.1094958782196045,3.121671676635742,3.1267588138580322,3.1456167697906494,2.9780192375183105,3.1456167697906494,2.6223151683807373,0.1912860870361328,0.00982666015625,0.079742431640625,0.03194618225097656,0.07544708251953125,-0.07946395874023438,0.0272216796875,0.027099609375,0.07490730285644531,-0.017560958862304688,0.0135345458984375,0.014112472534179688,0.00881195068359375,-0.030101776123046875,0.008495330810546875,0.043731689453125,0.04607391357421875,-0.0046291351318359375,-0.06332969665527344,0.4571514129638672,0.018951523572878184,0.024060601368546486,0.1912860870361328,-0.07946395874023438,0.05711222440004349,0.04459591954946518,0.06815801348004999,0.02133848553611971,0.012951823643275531,542.7272338867188,7.194979667663574,0.230933278799057,12.969286918640137,0.8392463326454163,0.14028146862983704,0.5233016014099121,0.023071228113389537,1.0087261199951172,1.104330062866211,0.5116958618164062,0.2966480255126953,0.9262962341308594,-0.2508659362792969,0.127197265625,0.7211475372314453,-0.3241081237792969,0.0463986274891323,0.05025064998999527,0.02281398916602953,0.012189763291436817,0.03699116957815029,-0.013192747589341556,0.0037300253272942504,0.027777306119301473,-0.0160977930054632,0.2850837707519531,0.2623939514160156,0.19728851318359375,0.1726512908935547,0.31374549865722656,0.07433891296386719,0.18987274169921875,0.2585735321044922,0.06377983093261719,0.4578963385687934,0.5856683519151475,1.104330062866211,-0.3241081237792969,1.104330062866211,0.5317567452752993,1.4284381866455078,1.8855894131877449,0.5766161384087999,0.018984554485170575,0.0254935635062383,0.05025064998999527,-0.0160977930054632,0.05025064998999527,0.024213464969432514,0.06634844299545847,1.9711104831066104,0.582458309961662,0.20196978251139322,0.20196978251139322,0.31374549865722656,0.06377983093261719,0.31374549865722656,0.08850899574722375,0.24996566772460938,1.5534278406486357,0.4737910159840113
T0415,sick,1,2019-02-27,27.776859283447266,34.690670013427734,21.978649139404297,3.5064284801483154,12.295040130615234,28.2869815826416,34.816688537597656,21.696609497070312,3.9619028568267822,15.696674346923828,27.776859283447266,27.84177017211914,27.89299201965332,27.83654022216797,27.945384979248047,28.02503204345703,28.108558654785156,28.121070861816406,28.110074996948242,28.204198837280273,28.206459045410156,28.2805118560791,28.268993377685547,28.282432556152344,28.223005294799805,28.235305786132812,28.258037567138672,28.247020721435547,28.292909622192383,28.2869815826416,3.5064284801483154,3.5532970428466797,3.61519718170166,3.723968744277954,3.722090005874634,3.734227418899536,3.751502275466919,3.783081293106079,3.8000824451446533,3.819953441619873,3.8383913040161133,3.8401873111724854,3.8588993549346924,3.8786730766296387,3.893094539642334,3.8953781127929688,3.9127840995788574,3.9168241024017334,3.9327290058135986,3.9619028568267822,3.7969348430633545,3.9619028568267822,3.5064284801483154,0.064910888671875,0.05122184753417969,-0.05645179748535156,0.10884475708007812,0.07964706420898438,0.083526611328125,0.01251220703125,-0.010995864868164062,0.09412384033203125,0.0022602081298828125,0.07405281066894531,-0.011518478393554688,0.013439178466796875,-0.05942726135253906,0.012300491333007812,0.022731781005859375,-0.011016845703125,0.04588890075683594,-0.00592803955078125,0.5101222991943359,0.026761488089884225,0.02684854157269001,0.10884475708007812,-0.05942726135253906,0.04751526564359665,0.043199941515922546,0.0427216121128618,0.02940834136236132,0.013762174333846197,534.4122314453125,6.65189266204834,0.8733225464820862,18.17087173461914,2.2592809200286865,0.12266471236944199,0.4554743766784668,0.02017095608818793,0.6366672515869141,1.222311019897461,1.0428943634033203,-0.057994842529296875,0.8728084564208984,0.36699867248535156,0.0630035400390625,0.4659919738769531,-0.0209197998046875,0.03617436545235656,0.05558519148288718,0.06683606169277495,-0.009902997124464219,0.04258595373397499,0.029753409650988147,-0.009193472037639278,0.01645042017886421,0.012430264178971534,0.2623291015625,0.13818931579589844,0.3682212829589844,0.45736122131347656,0.10922431945800781,0.5642738342285156,0.6013011932373047,0.13280868530273438,0.4686164855957031,0.5101956261528863,0.5277322133382162,1.222311019897461,-0.057994842529296875,1.222311019897461,0.4698036174934562,1.2803058624267578,2.316157637988497,0.6606915304144257,0.026746577467634897,0.03099023728143567,0.06683606169277495,-0.009902997124464219,0.06683606169277495,0.026770993228788058,0.07673905881723916,2.156680490020235,0.5916099730772058,0.3447028266059028,0.3447028266059028,0.6013011932373047,0.10922431945800781,0.6013011932373047,0.19119240665154594,0.4920768737792969,1.7444045403222768,0.5267634036750068
T0422,sick,1,2019-07-24,27.814098358154297,34.39567184448242,21.791959762573242,2.909221887588501,8.463571548461914,28.457386016845703,34.34225845336914,21.52652931213379,3.4870152473449707,12.159276008605957,27.814098358154297,28.102128982543945,28.226940155029297,28.340755462646484,28.263965606689453,28.299814224243164,28.319482803344727,28.308303833007812,28.3798828125,28.43277931213379,28.491910934448242,28.437028884887695,28.437480926513672,28.604896545410156,28.741981506347656,28.7465763092041,28.55906867980957,28.49472999572754,28.45559310913086,28.457386016845703,2.909221887588501,3.0960309505462646,3.1200172901153564,3.163457155227661,3.242438793182373,3.285288095474243,3.2814347743988037,3.3006751537323,3.3345870971679688,3.3456850051879883,3.341517448425293,3.408566474914551,3.412099838256836,3.3216896057128906,3.2910048961639404,3.2948179244995117,3.4116709232330322,3.474221706390381,3.4856438636779785,3.4870152473449707,3.30035400390625,3.4870152473449707,2.909221887588501,0.28803062438964844,0.12481117248535156,0.1138153076171875,-0.07678985595703125,0.03584861755371094,0.0196685791015625,-0.011178970336914062,0.0715789794921875,0.05289649963378906,0.059131622314453125,-0.054882049560546875,0.0004520416259765625,0.16741561889648438,0.1370849609375,0.0045948028564453125,-0.18750762939453125,-0.06433868408203125,-0.03913688659667969,0.00179290771484375,0.6432876586914062,0.028006654036671918,0.03385724499821663,0.28803062438964844,-0.18750762939453125,0.10247267037630081,0.07952398806810379,0.08651155744279976,0.03421847025553512,-0.0674361637660453,539.779052734375,11.311193466186523,0.6281110644340515,14.437995910644531,1.472545862197876,0.13989663124084473,0.5777933597564697,0.020921532372782943,0.3519458770751953,1.3825187683105469,0.8827552795410156,0.030488967895507812,1.1068763732910156,1.1283302307128906,-0.14084815979003906,0.756805419921875,0.2889537811279297,0.03760572160993321,0.05647108178389647,0.038845802249764624,0.008774755951156295,0.04354765899199185,0.04761323713718441,-0.004920210874170844,0.02542303845398282,-0.0013067188119532385,1.0936603546142578,0.4660167694091797,0.5472660064697266,0.43267250061035156,0.4053783416748047,0.6233482360839844,0.40176963806152344,0.39446258544921875,0.49472999572753906,0.6430918375651041,0.6743914286295573,1.3825187683105469,-0.14084815979003906,1.3825187683105469,0.5324117124714457,1.523366928100586,2.0500241982905174,0.5960477373908667,0.028006040721309515,0.02938980287378153,0.05647108178389647,-0.004920210874170844,0.05647108178389647,0.02226484629921614,0.06139129265806731,1.9214508791334963,0.5581375469494289,0.5399227142333984,0.5399227142333984,1.0936603546142578,0.39446258544921875,1.0936603546142578,0.22107501682936154,0.6991977691650391,2.0255868210901395,0.4659668119194921
T0424,sick,1,2019-02-27,27.5800838470459,34.402889251708984,21.295560836791992,3.2232232093811035,10.389167785644531,28.192655563354492,34.82514953613281,21.05047035217285,4.046234607696533,16.372013092041016,27.5800838470459,27.859628677368164,27.879541397094727,28.032909393310547,28.055036544799805,28.118555068969727,28.168642044067383,28.2493839263916,28.208967208862305,28.27237892150879,28.206504821777344,28.274648666381836,28.183155059814453,28.238252639770508,28.236438751220703,28.282222747802734,28.285377502441406,28.22332000732422,28.345905303955078,28.192655563354492,3.2232232093811035,3.376192331314087,3.5096867084503174,3.5741219520568848,3.6172640323638916,3.677504539489746,3.7357261180877686,3.754868268966675,3.8110454082489014,3.837397813796997,3.8560354709625244,3.8917300701141357,3.932865858078003,3.9706876277923584,3.9852070808410645,3.999889850616455,4.014366626739502,4.023688316345215,4.0252203941345215,4.046234607696533,3.793147563934326,4.046234607696533,3.2232232093811035,0.2795448303222656,0.0199127197265625,0.1533679962158203,0.022127151489257812,0.06351852416992188,0.05008697509765625,0.08074188232421875,-0.040416717529296875,0.06341171264648438,-0.06587409973144531,0.06814384460449219,-0.09149360656738281,0.05509757995605469,-0.0018138885498046875,0.04578399658203125,0.003154754638671875,-0.0620574951171875,0.12258529663085938,-0.15324974060058594,0.6125717163085938,0.02420423407303656,0.0322406180202961,0.2795448303222656,-0.15324974060058594,0.0935790091753006,0.0759148821234703,0.09805564880371033,0.0034202394031329865,-0.002569307599749269,535.0072021484375,10.985645294189453,0.8508098721504211,18.237262725830078,2.195518732070923,0.2283286154270172,0.8230113983154297,0.037501891394306715,0.4196815490722656,1.8397483825683594,0.3077545166015625,0.5661869049072266,1.2968578338623047,-0.16885948181152344,0.3237876892089844,1.2882308959960938,-0.3506507873535156,0.016644594006071916,0.09113752178679718,0.00035879952566894623,0.029063927499871186,0.053502917468995936,-0.020607252766316114,0.013270901558093464,0.05288477015674494,-0.017898186705166814,0.43109703063964844,0.5094451904296875,0.4583778381347656,0.4426078796386719,0.4154777526855469,0.3995838165283203,0.3005409240722656,0.37200355529785156,0.3100242614746094,0.6136375003390842,0.729084226820204,1.8397483825683594,-0.3506507873535156,1.8397483825683594,0.7232578534633758,2.190399169921875,2.5233687544695207,0.6743371330942223,0.024261999170084515,0.03281876349708072,0.09113752178679718,-0.020607252766316114,0.09113752178679718,0.03658997719085625,0.1117447745531133,2.7769935337438496,0.6687407570729764,0.4043509165445964,0.4043509165445964,0.5094451904296875,0.3005409240722656,0.5094451904296875,0.06801615653909891,0.20890426635742188,1.2599085521657638,0.3875706435006547
T0425,sick,1,2020-02-19,25.628999710083008,33.45912170410156,19.081279754638672,3.997922658920288,15.98338508605957,26.79591178894043,34.85013961791992,19.138320922851562,4.739065647125244,22.458744049072266,25.628999710083008,26.00041389465332,26.258716583251953,26.37230110168457,26.46208381652832,26.46185874938965,26.480260848999023,26.661638259887695,26.730627059936523,26.7239933013916,26.713674545288086,26.729463577270508,26.81488037109375,26.818843841552734,26.80828285217285,26.77526092529297,26.673635482788086,26.729442596435547,26.814043045043945,26.79591178894043,3.997922658920288,4.168380260467529,4.308882236480713,4.39508056640625,4.465214252471924,4.519731044769287,4.5816731452941895,4.5925750732421875,4.575387477874756,4.625357151031494,4.632563591003418,4.636805057525635,4.671663284301758,4.68361759185791,4.6997575759887695,4.7137131690979,4.714160442352295,4.7349371910095215,4.751472473144531,4.739065647125244,4.560398101806641,4.751472473144531,3.997922658920288,0.3714141845703125,0.2583026885986328,0.11358451843261719,0.08978271484375,-0.000225067138671875,0.018402099609375,0.18137741088867188,0.06898880004882812,-0.006633758544921875,-0.010318756103515625,0.015789031982421875,0.08541679382324219,0.003963470458984375,-0.010560989379882812,-0.03302192687988281,-0.10162544250488281,0.05580711364746094,0.08460044860839844,-0.018131256103515625,1.1669120788574219,0.042606398216763756,0.06141642481088638,0.3714141845703125,-0.10162544250488281,0.10804510861635208,0.08041823655366898,0.1617968423025943,0.037172408331007566,0.0031513759068068623,505.24188232421875,18.290882110595703,1.396767020225525,23.575654983520508,3.0272719860076904,0.19765707850456238,0.741142988204956,0.030216079188468675,0.6868381500244141,1.5799312591552734,1.0480728149414062,0.5025291442871094,2.1054534912109375,1.4457817077636719,-0.05047035217285156,2.115457534790039,1.0682792663574219,0.01795474891375719,0.056903477718954966,0.030704080968870624,0.013308827679855775,0.08660710126833765,0.05987373581506219,-0.009381424753289638,0.0849339764817315,0.042527025265800655,0.7423801422119141,0.5278434753417969,0.47147560119628906,1.220977783203125,0.519439697265625,1.309213638305664,1.2488021850585938,0.5304756164550781,1.2714252471923828,1.1668747795952692,1.1780904134114583,2.115457534790039,-0.05047035217285156,2.115457534790039,0.7251464000459159,2.1659278869628906,1.7956665233422386,0.5471040454439415,0.04260350548434232,0.044688266540628914,0.08660710126833765,-0.009381424753289638,0.08660710126833765,0.032673976172460636,0.09598852602162729,1.938027330044776,0.5753804838257407,0.8713370429144965,0.8713370429144965,1.309213638305664,0.47147560119628906,1.309213638305664,0.3793185014758999,0.837738037109375,1.5025341042556764,0.4883224639667293
